
  EPA STORM WATER MANAGEMENT MODEL - VERSION 5.2 (Build 5.2.4)
  PYSWMM TOOLKIT API - VERSION v1.0 (2026-02-26)
  ------------------------------------------------------------

  floodnet SWMM cross-check export: scenario=heavy routing=DYNWAVE horizon=180 min 
  Network geometry (inverts, shapes, sizes, lengths) = REAL (MCGM). Manning n, node storage area = ESTIMATED. 
  SUBCATCHMENTS / SUBAREAS / INFILTRATION parameters are ESTIMATED placeholders (uniform per junction), NOT calibrated. 
  WARNING 04: minimum elevation drop used for Conduit 17784
  WARNING 04: minimum elevation drop used for Conduit 18033
  WARNING 05: minimum slope used for Conduit 18033
  WARNING 04: minimum elevation drop used for Conduit 14299
  WARNING 05: minimum slope used for Conduit 14299
  WARNING 04: minimum elevation drop used for Conduit 14304
  WARNING 05: minimum slope used for Conduit 14304
  WARNING 04: minimum elevation drop used for Conduit 14346
  WARNING 05: minimum slope used for Conduit 14346
  WARNING 04: minimum elevation drop used for Conduit 14349
  WARNING 04: minimum elevation drop used for Conduit 14360
  WARNING 05: minimum slope used for Conduit 14360
  WARNING 04: minimum elevation drop used for Conduit 2171049803_COLLECT
  WARNING 04: minimum elevation drop used for Conduit 2172038505_COLLECT
  WARNING 04: minimum elevation drop used for Conduit 2172038509_COLLECT
  WARNING 04: minimum elevation drop used for Conduit 2172039202_COLLECT
  WARNING 04: minimum elevation drop used for Conduit 2172039304_COLLECT
  WARNING 04: minimum elevation drop used for Conduit 2172043605_COLLECT
  WARNING 04: minimum elevation drop used for Conduit 2172043606_COLLECT
  WARNING 04: minimum elevation drop used for Conduit 2172043905_COLLECT
  WARNING 04: minimum elevation drop used for Conduit 2172044706_COLLECT
  WARNING 04: minimum elevation drop used for Conduit 2172045701_COLLECT
  WARNING 04: minimum elevation drop used for Conduit 2172052105_COLLECT
  WARNING 04: minimum elevation drop used for Conduit 2172056405_COLLECT
  WARNING 04: minimum elevation drop used for Conduit 2172057101_COLLECT
  WARNING 04: minimum elevation drop used for Conduit 2172057309_COLLECT
  WARNING 04: minimum elevation drop used for Conduit 2172059301_COLLECT
  WARNING 04: minimum elevation drop used for Conduit 2173031302_COLLECT
  WARNING 04: minimum elevation drop used for Conduit 2173031402_COLLECT
  WARNING 04: minimum elevation drop used for Conduit 2173033601_COLLECT
  WARNING 04: minimum elevation drop used for Conduit 2173035301_COLLECT
  WARNING 04: minimum elevation drop used for Conduit 2173047701_COLLECT
  WARNING 04: minimum elevation drop used for Conduit 2173048204_COLLECT
  WARNING 04: minimum elevation drop used for Conduit 2173059104_COLLECT
  WARNING 04: minimum elevation drop used for Conduit 2174041502_COLLECT
  WARNING 04: minimum elevation drop used for Conduit 2174041801_COLLECT
  WARNING 04: minimum elevation drop used for Conduit 2174042901_COLLECT
  WARNING 04: minimum elevation drop used for Conduit 2174052402_COLLECT
  WARNING 04: minimum elevation drop used for Conduit 2174053507_COLLECT
  WARNING 02: maximum depth increased for Node 2171049803
  WARNING 02: maximum depth increased for Node 2172038505
  WARNING 02: maximum depth increased for Node 2172038509
  WARNING 02: maximum depth increased for Node 2172039202
  WARNING 02: maximum depth increased for Node 2172039304
  WARNING 02: maximum depth increased for Node 2172043605
  WARNING 02: maximum depth increased for Node 2172043606
  WARNING 02: maximum depth increased for Node 2172043905
  WARNING 02: maximum depth increased for Node 2172044706
  WARNING 02: maximum depth increased for Node 2172045701
  WARNING 02: maximum depth increased for Node 2172052105
  WARNING 02: maximum depth increased for Node 2172056405
  WARNING 02: maximum depth increased for Node 2172057101
  WARNING 02: maximum depth increased for Node 2172057309
  WARNING 02: maximum depth increased for Node 2172059301
  WARNING 02: maximum depth increased for Node 2173031302
  WARNING 02: maximum depth increased for Node 2173031402
  WARNING 02: maximum depth increased for Node 2173033601
  WARNING 02: maximum depth increased for Node 2173035301
  WARNING 02: maximum depth increased for Node 2173041502
  WARNING 02: maximum depth increased for Node 2173042601
  WARNING 02: maximum depth increased for Node 2173043901
  WARNING 02: maximum depth increased for Node 2173043902
  WARNING 02: maximum depth increased for Node 2173047701
  WARNING 02: maximum depth increased for Node 2173048204
  WARNING 02: maximum depth increased for Node 2173054101
  WARNING 02: maximum depth increased for Node 2173054201
  WARNING 02: maximum depth increased for Node 2173055604
  WARNING 02: maximum depth increased for Node 2173059104
  WARNING 02: maximum depth increased for Node 2174041502
  WARNING 02: maximum depth increased for Node 2174041801
  WARNING 02: maximum depth increased for Node 2174042901
  WARNING 02: maximum depth increased for Node 2174052402
  WARNING 02: maximum depth increased for Node 2174053507
  
  ****************
  Analysis Options
  ****************
  Flow Units ............... CMS
  Process Models:
    Rainfall/Runoff ........ NO
    RDII ................... NO
    Snowmelt ............... NO
    Groundwater ............ NO
    Flow Routing ........... YES
    Ponding Allowed ........ NO
    Water Quality .......... NO
  Infiltration Method ...... HORTON
  Flow Routing Method ...... DYNWAVE
  Surcharge Method ......... EXTRAN
  Starting Date ............ 01/01/2026 00:00:00
  Ending Date .............. 01/01/2026 03:00:00
  Antecedent Dry Days ...... 0.0
  Report Time Step ......... 00:05:00
  Wet Time Step ............ 00:05:00
  Dry Time Step ............ 00:05:00
  Routing Time Step ........ 5.00 sec
  Variable Time Step ....... YES
  Maximum Trials ........... 8
  Number of Threads ........ 1
  Head Tolerance ........... 0.001500 m
  
  
  **************************        Volume         Depth
  Runoff Quantity Continuity     hectare-m            mm
  **************************     ---------       -------
  Total Precipitation ......         0.000         0.000
  Evaporation Loss .........         0.000         0.000
  Infiltration Loss ........         0.000         0.000
  Surface Runoff ...........         0.000         0.000
  Final Storage ............         0.000         0.000
  Continuity Error (%) .....         0.000
  
  
  **************************        Volume        Volume
  Flow Routing Continuity        hectare-m      10^6 ltr
  **************************     ---------     ---------
  Dry Weather Inflow .......         0.000         0.000
  Wet Weather Inflow .......         0.000         0.000
  Groundwater Inflow .......         0.000         0.000
  RDII Inflow ..............         0.000         0.000
  External Inflow ..........        51.781       517.816
  External Outflow .........        49.624       496.248
  Flooding Loss ............         2.066        20.664
  Evaporation Loss .........         0.000         0.000
  Exfiltration Loss ........         0.000         0.000
  Initial Stored Volume ....         0.000         0.001
  Final Stored Volume ......         0.095         0.946
  Continuity Error (%) .....        -0.008
  
  
  *************************
  Highest Continuity Errors
  *************************
  Node 2173045901 (1.39%)
  
  
  ***************************
  Time-Step Critical Elements
  ***************************
  Link 2173048204_COLLECT (72.67%)
  Link 2174042901_COLLECT (20.19%)
  Link 2172038505_COLLECT (4.31%)
  
  
  ********************************
  Highest Flow Instability Indexes
  ********************************
  Link 18098 (100)
  Link 20832 (98)
  Link 12600 (95)
  Link 15195 (79)
  Link 15196 (79)
  
  
  *********************************
  Most Frequent Nonconverging Nodes
  *********************************
  Node 2171039205 (68.77%)
  Node 2171039208 (68.77%)
  Node 2171039210 (68.77%)
  Node 2171039211 (68.77%)
  Node 2172030502 (68.77%)
  
  
  *************************
  Routing Time Step Summary
  *************************
  Minimum Time Step           :     0.01 sec
  Average Time Step           :     0.53 sec
  Maximum Time Step           :     1.06 sec
  % of Time in Steady State   :     0.00
  Average Iterations per Step :     6.22
  % of Steps Not Converging   :    68.77
  Time Step Frequencies       :
      5.000 -  3.155 sec      :     0.00 %
      3.155 -  1.991 sec      :     0.00 %
      1.991 -  1.256 sec      :     0.00 %
      1.256 -  0.792 sec      :     4.33 %
      0.792 -  0.500 sec      :    95.67 %
  
  
  ******************
  Node Depth Summary
  ******************
  
  ---------------------------------------------------------------------------------
                                 Average  Maximum  Maximum  Time of Max    Reported
                                   Depth    Depth      HGL   Occurrence   Max Depth
  Node                 Type       Meters   Meters   Meters  days hr:min      Meters
  ---------------------------------------------------------------------------------
  2171039212           JUNCTION     0.17     0.26    25.83     0  00:00        0.24
  2171039213           JUNCTION     0.37     0.52    25.17     0  00:07        0.52
  2171039214           JUNCTION     0.37     0.59    24.09     0  00:41        0.56
  2171039215           JUNCTION     0.16     0.25    25.86     0  00:00        0.22
  2171039216           JUNCTION     0.08     0.16    26.07     0  00:00        0.12
  2171039217           JUNCTION     0.38     0.53    25.20     0  00:07        0.53
  2171039218           JUNCTION     0.09     0.14    25.85     0  00:00        0.12
  2171039301           JUNCTION     0.50     0.74    24.10     0  00:42        0.70
  2171049801           JUNCTION     0.51     1.38    28.83     0  00:00        0.73
  2171049802           JUNCTION     0.29     1.43    28.89     0  00:00        0.41
  2171049803           JUNCTION     0.14     0.21    27.39     0  00:02        0.21
  2171049804           JUNCTION     0.22     1.52    29.01     0  00:00        0.31
  2172030101           JUNCTION     0.26     0.36    26.17     0  00:09        0.36
  2172030103           JUNCTION     0.32     0.46    25.24     0  00:06        0.45
  2172030104           JUNCTION     0.25     0.35    26.21     0  00:06        0.35
  2172030105           JUNCTION     0.30     0.43    25.25     0  00:06        0.43
  2172030106           JUNCTION     0.23     0.33    26.22     0  00:06        0.33
  2172030107           JUNCTION     0.28     0.40    25.25     0  00:08        0.40
  2172030109           JUNCTION     0.25     0.37    25.25     0  00:06        0.37
  2172030201           JUNCTION     0.34     0.49    25.23     0  00:07        0.49
  2172030301           JUNCTION     0.57     0.87    24.24     0  00:20        0.81
  2172030302           JUNCTION     0.39     0.61    24.20     0  00:43        0.58
  2172030303           JUNCTION     0.62     0.93    24.29     0  00:20        0.87
  2172030304           JUNCTION     0.39     0.59    24.24     0  01:41        0.58
  2172030305           JUNCTION     0.66     0.97    24.34     0  00:42        0.95
  2172030306           JUNCTION     0.43     0.65    24.32     0  01:46        0.63
  2172030402           JUNCTION     0.70     1.02    24.38     0  00:39        0.97
  2172030403           JUNCTION     0.44     0.67    24.37     0  00:40        0.65
  2172030505           JUNCTION     0.36     0.49    27.68     0  00:12        0.49
  2172030506           JUNCTION     0.37     0.52    27.74     0  00:10        0.52
  2172030601           JUNCTION     0.37     0.52    27.76     0  00:08        0.52
  2172030903           JUNCTION     0.15     0.24    28.74     0  00:00        0.22
  2172031301           JUNCTION     0.21     0.35    26.58     0  00:01        0.29
  2172031302           JUNCTION     0.18     0.31    26.68     0  00:01        0.26
  2172031401           JUNCTION     0.74     1.09    24.46     0  01:54        1.04
  2172031402           JUNCTION     0.42     0.71    24.46     0  01:41        0.67
  2172031403           JUNCTION     0.77     1.12    24.48     0  01:54        1.09
  2172031404           JUNCTION     0.46     0.73    24.46     0  01:42        0.69
  2172031405           JUNCTION     0.32     0.52    26.13     0  00:01        0.46
  2172031406           JUNCTION     0.29     0.46    26.20     0  00:01        0.41
  2172031407           JUNCTION     0.44     0.67    24.44     0  01:03        0.63
  2172031408           JUNCTION     0.25     0.42    26.35     0  00:01        0.36
  2172031409           JUNCTION     0.23     0.39    26.43     0  00:01        0.33
  2172031503           JUNCTION     0.80     1.17    24.54     0  00:59        1.11
  2172031505           JUNCTION     0.85     1.23    24.60     0  00:37        1.21
  2172031506           JUNCTION     0.43     0.66    24.46     0  01:40        0.65
  2172031601           JUNCTION     0.33     0.48    27.78     0  00:09        0.48
  2172031602           JUNCTION     0.35     0.50    27.77     0  00:08        0.50
  2172031604           JUNCTION     0.12     0.19    27.19     0  00:00        0.16
  2172031605           JUNCTION     0.18     0.26    27.15     0  00:00        0.25
  2172031801           JUNCTION     0.16     0.26    27.69     0  00:00        0.22
  2172031802           JUNCTION     0.26     0.39    27.39     0  00:01        0.37
  2172031901           JUNCTION     0.09     0.15    28.05     0  00:00        0.13
  2172031902           JUNCTION     0.13     0.21    27.87     0  00:00        0.18
  2172032301           JUNCTION     0.15     0.26    26.89     0  00:00        0.22
  2172032302           JUNCTION     0.13     0.21    27.00     0  00:00        0.18
  2172032303           JUNCTION     0.09     0.15    27.15     0  00:00        0.13
  2172032501           JUNCTION     0.79     1.16    24.59     0  01:54        1.16
  2172032502           JUNCTION     0.42     0.64    24.47     0  01:39        0.63
  2172032503           JUNCTION     0.72     1.12    24.62     0  01:55        1.11
  2172032504           JUNCTION     0.40     0.62    24.48     0  01:39        0.61
  2172032601           JUNCTION     0.66     1.04    24.62     0  01:50        1.01
  2172032602           JUNCTION     0.29     0.48    24.49     0  01:39        0.45
  2172032603           JUNCTION     0.64     1.00    24.62     0  01:50        0.98
  2172032604           JUNCTION     0.27     0.46    24.52     0  01:01        0.42
  2172032605           JUNCTION     0.57     0.90    24.61     0  01:53        0.87
  2172032606           JUNCTION     0.22     0.39    24.53     0  01:56        0.36
  2172032701           JUNCTION     0.22     0.32    27.12     0  00:01        0.31
  2172032702           JUNCTION     0.26     0.38    27.05     0  00:01        0.37
  2172032703           JUNCTION     0.15     0.22    26.12     0  00:01        0.21
  2172032704           JUNCTION     0.27     0.40    26.98     0  00:01        0.38
  2172032705           JUNCTION     0.36     0.54    26.04     0  00:01        0.52
  2172032706           JUNCTION     0.18     0.27    26.60     0  00:01        0.26
  2172032707           JUNCTION     0.38     0.56    25.98     0  00:01        0.53
  2172032708           JUNCTION     0.20     0.30    26.71     0  00:01        0.29
  2172032709           JUNCTION     0.39     0.58    25.86     0  00:01        0.55
  2172032710           JUNCTION     0.18     0.26    26.76     0  00:01        0.25
  2172032803           JUNCTION     0.09     0.15    26.35     0  00:00        0.13
  2172033601           JUNCTION     0.54     0.88    24.62     0  01:50        0.83
  2172033602           JUNCTION     0.20     0.35    24.54     0  01:56        0.31
  2172033603           JUNCTION     0.48     0.78    24.60     0  01:55        0.73
  2172033604           JUNCTION     0.23     0.39    24.59     0  01:55        0.36
  2172033701           JUNCTION     0.40     0.60    25.76     0  00:02        0.56
  2172033702           JUNCTION     0.36     0.63    24.61     0  01:01        0.57
  2172033703           JUNCTION     0.28     0.48    24.70     0  01:51        0.43
  2172033704           JUNCTION     0.14     0.30    24.59     0  01:01        0.27
  2172033705           JUNCTION     0.26     0.42    24.70     0  01:52        0.41
  2172033801           JUNCTION     0.12     0.19    26.80     0  00:00        0.17
  2172034701           JUNCTION     0.16     0.29    24.60     0  01:02        0.26
  2172034702           JUNCTION     0.26     0.40    24.71     0  01:52        0.38
  2172034801           JUNCTION     0.15     0.29    24.61     0  01:02        0.24
  2172034802           JUNCTION     0.25     0.38    24.72     0  01:53        0.36
  2172034803           JUNCTION     0.15     0.29    24.62     0  01:03        0.26
  2172034804           JUNCTION     0.17     0.29    24.73     0  01:53        0.26
  2172034805           JUNCTION     0.14     0.33    24.66     0  01:03        0.27
  2172034806           JUNCTION     0.17     0.30    24.75     0  01:53        0.25
  2172035701           JUNCTION     0.26     0.36    24.99     0  00:52        0.36
  2172035901           JUNCTION     0.42     0.56    24.92     0  01:15        0.56
  2172035902           JUNCTION     0.33     0.46    24.94     0  01:15        0.46
  2172035903           JUNCTION     0.39     0.53    24.97     0  01:14        0.53
  2172035904           JUNCTION     0.35     0.48    24.99     0  01:15        0.48
  2172035905           JUNCTION     0.37     0.50    25.03     0  01:14        0.50
  2172035906           JUNCTION     0.27     0.39    25.02     0  01:14        0.39
  2172036601           JUNCTION     0.27     0.38    25.15     0  00:47        0.38
  2172036602           JUNCTION     0.19     0.26    26.11     0  00:22        0.26
  2172036603           JUNCTION     0.19     0.27    26.14     0  00:18        0.27
  2172037001           JUNCTION     0.16     0.23    26.87     0  01:44        0.23
  2172037202           JUNCTION     0.26     0.36    26.85     0  01:44        0.36
  2172037204           JUNCTION     0.30     0.42    26.83     0  01:46        0.42
  2172037501           JUNCTION     0.18     0.26    26.17     0  00:22        0.26
  2172037502           JUNCTION     0.17     0.24    26.20     0  00:17        0.24
  2172037503           JUNCTION     0.16     0.23    26.21     0  00:13        0.23
  2172037701           JUNCTION     0.21     0.31    27.31     0  00:02        0.31
  2172038101           JUNCTION     0.23     0.33    26.65     0  01:37        0.33
  2172038102           JUNCTION     0.24     0.33    26.66     0  01:37        0.33
  2172038103           JUNCTION     0.24     0.34    26.72     0  01:37        0.34
  2172038104           JUNCTION     0.10     0.15    27.11     0  00:00        0.14
  2172038201           JUNCTION     0.24     0.34    26.76     0  01:36        0.34
  2172038202           JUNCTION     0.24     0.35    26.89     0  01:36        0.34
  2172038203           JUNCTION     0.17     0.25    26.90     0  01:37        0.25
  2172038302           JUNCTION     0.36     0.50    26.80     0  01:49        0.50
  2172038303           JUNCTION     0.38     0.52    26.79     0  01:50        0.52
  2172038306           JUNCTION     0.24     0.34    26.95     0  01:35        0.34
  2172038308           JUNCTION     0.25     0.35    26.98     0  01:35        0.35
  2172038403           JUNCTION     0.39     0.53    26.77     0  01:50        0.53
  2172038404           JUNCTION     0.39     0.53    26.75     0  01:52        0.53
  2172038406           JUNCTION     0.38     0.51    26.70     0  01:54        0.51
  2172038407           JUNCTION     0.36     0.48    26.64     0  01:54        0.48
  2172038501           JUNCTION     0.14     0.21    26.21     0  00:14        0.21
  2172038502           JUNCTION     0.13     0.19    26.22     0  00:15        0.19
  2172038503           JUNCTION     0.21     0.29    26.69     0  00:19        0.29
  2172038505           JUNCTION     0.23     0.32    26.42     0  01:49        0.32
  2172038506           JUNCTION     0.21     0.29    26.71     0  00:19        0.29
  2172038509           JUNCTION     0.33     0.49    26.73     0  01:50        0.48
  2172038512           JUNCTION     0.52     1.20    27.50     0  00:33        0.78
  2172038513           JUNCTION     0.55     1.09    27.46     0  01:24        0.79
  2172038514           JUNCTION     0.25     0.34    26.93     0  00:37        0.34
  2172038602           JUNCTION     0.17     0.24    26.74     0  00:17        0.24
  2172038701           JUNCTION     0.24     0.35    27.30     0  00:04        0.35
  2172038702           JUNCTION     0.28     0.40    27.28     0  00:04        0.40
  2172038703           JUNCTION     0.30     0.42    27.25     0  00:03        0.42
  2172038704           JUNCTION     0.29     0.41    27.18     0  00:03        0.41
  2172039101           JUNCTION     0.19     0.27    27.48     0  00:02        0.27
  2172039102           JUNCTION     0.16     0.23    27.60     0  00:01        0.23
  2172039104           JUNCTION     0.10     0.14    28.00     0  00:00        0.14
  2172039202           JUNCTION     0.19     0.27    27.27     0  00:02        0.27
  2172039203           JUNCTION     0.15     0.24    27.89     0  00:00        0.22
  2172039204           JUNCTION     0.44     1.59    28.82     0  00:01        0.63
  2172039205           JUNCTION     0.09     0.16    27.92     0  00:00        0.13
  2172039206           JUNCTION     0.63     1.29    28.62     0  00:01        0.90
  2172039302           JUNCTION     0.23     0.32    27.05     0  01:35        0.32
  2172039303           JUNCTION     0.20     0.31    27.84     0  00:00        0.28
  2172039304           JUNCTION     0.20     0.31    27.58     0  01:02        0.30
  2172039305           JUNCTION     0.22     0.32    27.13     0  00:20        0.31
  2172039306           JUNCTION     0.23     0.34    27.68     0  00:01        0.33
  2172039307           JUNCTION     0.30     0.95    28.25     0  00:13        0.70
  2172039308           JUNCTION     0.32     0.86    28.22     0  00:32        0.49
  2172039309           JUNCTION     0.32     0.79    28.17     0  00:32        0.51
  2172039310           JUNCTION     0.29     0.50    27.94     0  01:26        0.45
  2172039311           JUNCTION     0.25     0.41    27.91     0  01:10        0.40
  2172039401           JUNCTION     0.51     1.17    28.51     0  00:04        0.76
  2172039402           JUNCTION     0.54     1.10    28.41     0  00:04        0.80
  2172039403           JUNCTION     0.57     1.26    28.53     0  00:04        0.84
  2172039404           JUNCTION     0.60     1.35    28.57     0  00:04        0.87
  2172039405           JUNCTION     0.21     0.32    27.22     0  01:28        0.31
  2172039407           JUNCTION     0.48     0.72    27.73     0  01:10        0.72
  2172039501           JUNCTION     0.59     1.13    27.62     0  01:50        0.85
  2172039502           JUNCTION     0.63     1.13    27.82     0  01:50        0.91
  2172039503           JUNCTION     0.65     1.11    27.99     0  00:04        0.94
  2172039504           JUNCTION     0.21     0.30    26.98     0  00:39        0.30
  2172039506           JUNCTION     0.65     1.13    28.13     0  00:04        0.93
  2172039507           JUNCTION     0.62     1.31    28.49     0  00:04        0.90
  2172039508           JUNCTION     0.63     1.10    28.23     0  00:04        0.92
  2172039703           JUNCTION     0.48     1.35    27.70     0  00:01        0.68
  2172039704           JUNCTION     0.60     1.36    27.77     0  00:06        0.87
  2172039705           JUNCTION     0.56     1.54    28.18     0  00:07        0.82
  2172039706           JUNCTION     0.52     1.58    28.42     0  00:05        0.76
  2172040701           JUNCTION     0.17     0.25    27.60     0  00:01        0.24
  2172040702           JUNCTION     0.12     0.19    27.69     0  00:00        0.17
  2172040802           JUNCTION     0.22     0.34    27.84     0  00:00        0.31
  2172041709           JUNCTION     0.21     0.30    27.90     0  00:00        0.29
  2172041802           JUNCTION     0.34     0.48    27.86     0  00:04        0.48
  2172041902           JUNCTION     0.53     1.23    28.96     0  00:02        0.77
  2172041903           JUNCTION     0.49     1.34    29.14     0  00:02        0.72
  2172041905           JUNCTION     0.53     1.28    29.05     0  00:02        0.78
  2172041907           JUNCTION     0.38     2.53    29.31     0  00:00        0.55
  2172042301_          JUNCTION     0.73     1.06    29.81     0  00:02        1.06
  2172042302_          JUNCTION     0.35     1.66    29.56     0  00:06        0.50
  2172042401_          JUNCTION     0.84     1.24    29.92     0  00:02        1.22
  2172042402           JUNCTION     0.92     1.35    29.92     0  00:01        1.33
  2172042403           JUNCTION     1.04     1.50    29.88     0  00:01        1.50
  2172042604           JUNCTION     0.19     0.32    27.97     0  00:00        0.27
  2172042605           JUNCTION     0.15     0.26    28.14     0  00:00        0.22
  2172042701           JUNCTION     0.10     0.19    28.23     0  00:00        0.15
  2172042702           JUNCTION     0.67     1.48    29.28     0  00:01        0.99
  2172042802           JUNCTION     0.63     1.31    29.21     0  00:01        0.93
  2172042901           JUNCTION     0.45     2.75    29.55     0  00:00        0.65
  2172042902           JUNCTION     0.35     1.68    29.63     0  00:01        0.50
  2172043301           JUNCTION     0.12     0.18    28.88     0  00:00        0.17
  2172043401           JUNCTION     0.18     0.26    28.82     0  00:03        0.26
  2172043401_          JUNCTION     1.10     1.60    29.89     0  00:01        1.58
  2172043501           JUNCTION     1.08     1.55    29.81     0  00:01        1.55
  2172043502           JUNCTION     0.38     1.45    29.23     0  00:06        0.54
  2172043503           JUNCTION     1.04     1.57    29.79     0  00:01        1.57
  2172043504           JUNCTION     1.01     1.68    29.75     0  00:00        1.68
  2172043505           JUNCTION     0.96     1.76    29.75     0  00:00        1.76
  2172043506           JUNCTION     0.85     1.87    29.73     0  00:02        1.75
  2172043507           JUNCTION     0.33     0.45    28.17     0  00:07        0.44
  2172043508           JUNCTION     0.49     1.94    29.70     0  00:02        1.26
  2172043602           JUNCTION     0.66     1.37    29.43     0  00:00        0.95
  2172043603           JUNCTION     0.76     1.30    29.55     0  00:00        1.12
  2172043604           JUNCTION     0.49     2.13    29.85     0  00:02        0.96
  2172043605           JUNCTION     0.24     0.35    28.02     0  01:01        0.35
  2172043606           JUNCTION     0.15     0.22    27.87     0  00:01        0.21
  2172043607           JUNCTION     0.30     0.40    28.09     0  01:02        0.40
  2172043701           JUNCTION     0.71     1.65    29.38     0  00:01        1.03
  2172043702           JUNCTION     0.69     1.59    29.32     0  00:00        1.00
  2172043703           JUNCTION     0.60     1.33    29.04     0  00:03        0.87
  2172043704           JUNCTION     0.55     1.63    29.44     0  00:01        0.81
  2172043705           JUNCTION     0.49     1.69    29.59     0  00:01        0.74
  2172043706           JUNCTION     0.67     1.32    29.82     0  00:00        0.99
  2172043801           JUNCTION     0.39     1.06    29.21     0  00:03        0.58
  2172043802           JUNCTION     0.49     1.14    28.82     0  00:03        0.71
  2172043803           JUNCTION     0.63     1.50    28.76     0  00:02        0.93
  2172043804           JUNCTION     0.58     1.74    28.76     0  00:02        0.84
  2172043904           JUNCTION     0.08     0.13    27.07     0  00:00        0.12
  2172043905           JUNCTION     0.32     0.45    26.70     0  00:03        0.45
  2172043906           JUNCTION     0.27     0.39    26.88     0  00:03        0.39
  2172043907           JUNCTION     0.51     0.89    27.60     0  00:02        0.73
  2172044002           JUNCTION     0.12     0.18    26.54     0  00:01        0.17
  2172044103           JUNCTION     0.07     0.12    26.67     0  00:00        0.11
  2172044401           JUNCTION     0.24     0.34    28.78     0  00:02        0.34
  2172044402           JUNCTION     0.27     0.38    28.74     0  00:02        0.38
  2172044403           JUNCTION     0.28     0.41    28.65     0  00:02        0.40
  2172044601           JUNCTION     0.89     1.54    29.64     0  00:00        1.28
  2172044602           JUNCTION     1.03     1.49    29.67     0  00:00        1.49
  2172044603           JUNCTION     0.11     0.16    27.99     0  00:01        0.16
  2172044604           JUNCTION     0.15     0.22    28.22     0  00:28        0.22
  2172044605           JUNCTION     0.99     1.43    29.73     0  00:00        1.43
  2172044606           JUNCTION     0.09     0.13    28.17     0  00:00        0.13
  2172044607           JUNCTION     0.97     1.39    29.81     0  00:00        1.39
  2172044701           JUNCTION     0.66     0.96    29.46     0  00:01        0.96
  2172044702           JUNCTION     0.84     1.29    29.55     0  00:00        1.22
  2172044703           JUNCTION     0.92     1.56    29.76     0  00:00        1.34
  2172044704           JUNCTION     1.06     1.75    29.67     0  00:00        1.54
  2172044705           JUNCTION     0.72     2.27    29.59     0  00:00        1.05
  2172044706           JUNCTION     0.29     0.41    27.16     0  00:50        0.41
  2172044707           JUNCTION     0.20     0.27    27.98     0  00:29        0.27
  2172044902           JUNCTION     0.42     2.09    29.05     0  00:00        0.60
  2172044903           JUNCTION     0.47     2.31    29.29     0  00:00        0.68
  2172044905           JUNCTION     0.53     2.44    28.76     0  00:01        0.76
  2172044909           JUNCTION     0.25     0.36    27.28     0  00:04        0.36
  2172044910           JUNCTION     0.28     0.40    27.40     0  00:04        0.40
  2172045001           JUNCTION     0.17     0.25    26.46     0  00:01        0.24
  2172045002           JUNCTION     0.18     0.26    26.34     0  00:02        0.25
  2172045003           JUNCTION     0.16     0.23    26.11     0  00:02        0.22
  2172045701           JUNCTION     0.18     0.25    27.79     0  00:34        0.25
  2172045702           JUNCTION     0.28     0.43    27.55     0  00:01        0.40
  2172045704           JUNCTION     0.26     0.37    28.13     0  01:55        0.37
  2172045801           JUNCTION     0.31     2.08    29.43     0  00:02        0.44
  2172045802           JUNCTION     0.08     0.13    28.33     0  00:01        0.12
  2172045803           JUNCTION     0.58     2.37    29.59     0  00:01        0.83
  2172045804           JUNCTION     0.62     1.97    29.26     0  00:01        0.90
  2172045805           JUNCTION     0.65     2.32    29.79     0  00:01        0.95
  2172045806           JUNCTION     0.25     0.35    28.32     0  00:34        0.35
  2172045807           JUNCTION     0.37     0.54    28.47     0  00:33        0.54
  2172045808           JUNCTION     0.37     0.54    28.47     0  00:33        0.54
  2172045809           JUNCTION     0.76     1.54    29.85     0  00:00        1.10
  2172045810           JUNCTION     0.39     0.56    28.50     0  00:33        0.56
  2172045902           JUNCTION     0.28     0.41    27.73     0  00:03        0.41
  2172045904           JUNCTION     0.24     0.34    27.87     0  00:02        0.34
  2172045905           JUNCTION     0.25     0.77    28.97     0  00:02        0.37
  2172046001           JUNCTION     0.15     0.21    25.19     0  00:32        0.21
  2172046002           JUNCTION     0.37     0.51    25.11     0  00:34        0.51
  2172046003           JUNCTION     0.31     0.44    25.11     0  00:35        0.44
  2172046004           JUNCTION     0.43     0.58    25.20     0  01:13        0.58
  2172046005           JUNCTION     0.35     0.48    25.16     0  01:14        0.48
  2172046801_          JUNCTION     0.26     0.37    28.61     0  00:33        0.37
  2172046802_          JUNCTION     0.76     1.58    30.00     0  00:00        1.10
  2172046803_          JUNCTION     1.01     1.60    30.22     0  00:00        1.46
  2172046804           JUNCTION     0.22     0.31    28.84     0  01:45        0.31
  2172046805           JUNCTION     1.00     1.45    30.29     0  00:00        1.45
  2172046806           JUNCTION     0.82     1.20    30.40     0  00:00        1.20
  2172046901           JUNCTION     1.05     1.53    29.89     0  00:00        1.53
  2172046902           JUNCTION     0.11     0.19    28.79     0  00:00        0.16
  2172046903           JUNCTION     1.04     1.52    30.06     0  00:00        1.52
  2172046904           JUNCTION     0.14     0.19    29.09     0  01:21        0.19
  2172046905           JUNCTION     0.19     0.27    29.47     0  00:21        0.27
  2172047001           JUNCTION     0.20     0.28    25.17     0  01:15        0.28
  2172047101           JUNCTION     0.41     0.57    25.26     0  01:13        0.57
  2172047102           JUNCTION     0.41     0.56    25.30     0  00:33        0.56
  2172047103           JUNCTION     0.23     0.31    25.25     0  01:12        0.31
  2172047104           JUNCTION     0.25     0.34    25.31     0  00:41        0.34
  2172047202           JUNCTION     0.07     0.10    26.03     0  01:13        0.10
  2172047204           JUNCTION     0.17     0.25    26.03     0  00:35        0.25
  2172047403           JUNCTION     0.44     0.65    26.36     0  01:12        0.65
  2172048101           JUNCTION     0.57     0.80    26.10     0  01:09        0.80
  2172048201           JUNCTION     0.25     0.38    26.02     0  00:36        0.38
  2172048202           JUNCTION     0.62     0.86    26.02     0  00:41        0.86
  2172048203           JUNCTION     0.74     1.01    26.19     0  01:14        1.01
  2172048304           JUNCTION     0.19     0.31    26.26     0  01:13        0.30
  2172048305           JUNCTION     0.54     0.87    26.43     0  01:11        0.86
  2172048306           JUNCTION     0.77     1.07    26.25     0  00:31        1.07
  2172048307           JUNCTION     0.70     1.11    26.47     0  01:11        1.09
  2172048401           JUNCTION     0.50     0.74    26.36     0  00:28        0.74
  2172048403           JUNCTION     0.54     0.79    26.36     0  00:30        0.79
  2172048405           JUNCTION     0.10     0.14    26.77     0  00:01        0.14
  2172048407           JUNCTION     0.12     0.19    27.22     0  00:01        0.18
  2172048408           JUNCTION     0.21     0.31    27.17     0  00:01        0.30
  2172049003           JUNCTION     0.59     0.84    26.25     0  01:14        0.84
  2172049301           JUNCTION     0.81     1.27    26.45     0  01:12        1.18
  2172049302           JUNCTION     0.78     1.23    26.48     0  01:12        1.14
  2172049303           JUNCTION     0.82     1.19    26.39     0  01:11        1.16
  2172049304           JUNCTION     0.76     1.07    26.34     0  01:11        1.07
  2172049401           JUNCTION     0.13     0.19    27.31     0  00:01        0.18
  2172049402           JUNCTION     0.68     0.98    26.34     0  00:22        0.97
  2172049403           JUNCTION     0.65     0.94    26.35     0  00:18        0.93
  2172049502           JUNCTION     0.07     0.11    27.56     0  00:00        0.10
  2172051102           JUNCTION     1.07     2.15    30.04     0  00:00        1.57
  2172051103           JUNCTION     1.17     2.15    29.72     0  00:00        1.73
  2172052101           JUNCTION     1.00     2.54    29.77     0  00:00        1.47
  2172052102           JUNCTION     0.47     0.81    27.85     0  00:00        0.69
  2172052103           JUNCTION     0.25     0.47    27.47     0  00:00        0.36
  2172052105           JUNCTION     0.24     0.34    26.34     0  00:07        0.34
  2172052106           JUNCTION     0.38     1.80    28.26     0  00:00        0.55
  2172052107           JUNCTION     0.43     1.72    28.35     0  00:00        0.63
  2172052108           JUNCTION     0.16     0.23    27.65     0  00:01        0.23
  2172052109           JUNCTION     0.42     1.51    28.30     0  00:00        0.62
  2172052110           JUNCTION     0.41     1.27    28.87     0  00:00        0.60
  2172052111           JUNCTION     0.37     0.96    27.90     0  00:01        0.54
  2172052112           JUNCTION     0.44     1.23    28.97     0  00:01        0.65
  2172052114           JUNCTION     0.53     1.53    29.28     0  00:01        0.78
  2172052201           JUNCTION     0.29     0.44    27.52     0  00:06        0.43
  2172052202           JUNCTION     0.17     0.25    27.51     0  00:06        0.24
  2172053201           JUNCTION     0.59     2.12    29.88     0  00:00        0.86
  2172053203           JUNCTION     0.54     1.93    29.79     0  00:00        0.80
  2172053204           JUNCTION     0.34     1.63    29.79     0  00:01        0.50
  2172053503           JUNCTION     1.37     2.15    28.63     0  00:00        1.98
  2172053602           JUNCTION     1.29     1.87    28.51     0  00:00        1.87
  2172054407           JUNCTION     0.26     0.43    26.88     0  00:02        0.37
  2172054409           JUNCTION     0.14     0.21    26.98     0  00:00        0.20
  2172054410           JUNCTION     0.20     0.29    26.94     0  00:01        0.28
  2172054501           JUNCTION     1.11     2.10    28.55     0  00:00        1.61
  2172054502           JUNCTION     0.29     0.43    26.83     0  00:03        0.41
  2172054503           JUNCTION     0.20     0.29    26.81     0  00:01        0.29
  2172054504           JUNCTION     0.24     0.35    26.76     0  00:03        0.34
  2172054506           JUNCTION     0.28     0.40    26.79     0  00:03        0.39
  2172055101           JUNCTION     0.23     0.35    28.46     0  00:01        0.33
  2172055701_          JUNCTION     0.10     0.14    28.59     0  00:01        0.14
  2172056101           JUNCTION     0.57     1.67    30.06     0  00:00        0.84
  2172056102           JUNCTION     0.59     1.52    30.02     0  00:00        0.86
  2172056302           JUNCTION     0.27     1.26    29.57     0  00:02        0.40
  2172056305           JUNCTION     0.84     1.35    30.03     0  00:00        1.22
  2172056306           JUNCTION     0.22     0.33    28.45     0  00:00        0.31
  2172056403           JUNCTION     0.53     1.98    29.75     0  00:00        0.78
  2172056404           JUNCTION     0.43     2.46    29.72     0  00:00        0.63
  2172056405           JUNCTION     0.19     0.28    27.18     0  00:01        0.28
  2172056406           JUNCTION     0.61     0.89    29.89     0  00:00        0.89
  2172056501           JUNCTION     0.30     0.47    27.68     0  00:01        0.43
  2172056502           JUNCTION     0.29     0.45    27.96     0  00:00        0.41
  2172056503           JUNCTION     0.96     2.34    30.21     0  00:00        1.40
  2172056601           JUNCTION     0.16     0.24    29.00     0  00:00        0.22
  2172056601_          JUNCTION     1.30     2.32    30.32     0  00:00        1.90
  2172056602           JUNCTION     0.28     0.42    28.87     0  00:00        0.40
  2172056602_          JUNCTION     1.43     2.28    30.46     0  00:00        2.09
  2172056603           JUNCTION     0.58     1.98    30.51     0  00:00        0.84
  2172056603_          JUNCTION     1.33     1.95    30.36     0  00:00        1.95
  2172057001           JUNCTION     0.48     0.68    29.93     0  00:00        0.68
  2172057002           JUNCTION     0.53     0.91    30.09     0  00:00        0.77
  2172057003           JUNCTION     0.56     1.00    30.12     0  00:00        0.81
  2172057004           JUNCTION     0.51     1.10    30.18     0  00:00        0.74
  2172057005           JUNCTION     0.55     0.98    29.83     0  00:00        0.80
  2172057101           JUNCTION     0.15     0.22    28.95     0  00:00        0.21
  2172057105           JUNCTION     0.44     1.20    29.97     0  00:00        0.64
  2172057301           JUNCTION     0.91     1.65    30.11     0  00:00        1.32
  2172057302           JUNCTION     0.44     1.81    30.04     0  00:00        0.63
  2172057305           JUNCTION     0.78     2.08    30.33     0  00:00        1.12
  2172057306           JUNCTION     0.14     0.21    28.93     0  00:01        0.20
  2172057307           JUNCTION     0.30     0.43    28.14     0  00:01        0.42
  2172057309           JUNCTION     0.28     0.39    27.64     0  00:02        0.39
  2172057402           JUNCTION     0.31     0.44    27.68     0  00:03        0.44
  2172057403           JUNCTION     0.30     0.42    27.76     0  00:03        0.42
  2172057404           JUNCTION     0.26     0.38    27.80     0  00:04        0.38
  2172057406           JUNCTION     0.48     2.91    30.23     0  00:01        0.67
  2172057501           JUNCTION     0.18     0.27    27.85     0  00:00        0.26
  2172057502           JUNCTION     0.10     0.15    28.01     0  00:00        0.14
  2172057601           JUNCTION     0.60     2.15    30.68     0  00:00        0.86
  2172057602           JUNCTION     0.29     1.67    29.97     0  00:00        0.42
  2172057603           JUNCTION     0.33     2.37    30.73     0  00:00        0.49
  2172058102           JUNCTION     0.35     1.99    30.63     0  00:01        0.49
  2172058401           JUNCTION     0.67     2.67    30.26     0  00:01        0.98
  2172058402           JUNCTION     0.85     2.68    30.44     0  00:01        1.24
  2172058403           JUNCTION     0.91     2.54    30.39     0  00:01        1.33
  2172058501           JUNCTION     0.93     2.50    30.48     0  00:01        1.35
  2172058502           JUNCTION     0.92     2.13    30.36     0  00:01        1.35
  2172058503           JUNCTION     0.92     1.81    30.32     0  00:01        1.34
  2172058602           JUNCTION     0.88     1.67    30.35     0  00:01        1.29
  2172058603           JUNCTION     0.86     1.51    30.25     0  00:01        1.26
  2172058604           JUNCTION     0.76     1.44    30.36     0  00:01        1.12
  2172058605           JUNCTION     0.36     0.99    30.52     0  00:02        0.53
  2172058606           JUNCTION     0.95     1.37    30.27     0  00:00        1.37
  2172058607           JUNCTION     0.98     1.49    30.49     0  00:00        1.43
  2172058608           JUNCTION     0.99     1.94    30.89     0  00:00        1.45
  2172059301           JUNCTION     0.18     0.25    28.42     0  00:02        0.25
  2172059302           JUNCTION     0.21     0.32    28.77     0  00:01        0.30
  2172059303           JUNCTION     0.16     0.25    28.90     0  00:00        0.23
  2172059402           JUNCTION     0.39     2.03    30.31     0  00:01        0.55
  2172059404           JUNCTION     0.41     1.92    30.29     0  00:01        0.59
  2172059405           JUNCTION     0.16     0.23    29.00     0  00:02        0.23
  2172059406           JUNCTION     0.12     0.20    29.12     0  00:00        0.18
  2172059501           JUNCTION     0.36     1.04    30.34     0  00:00        0.52
  2172059502           JUNCTION     0.35     1.33    30.52     0  00:00        0.51
  2172059503           JUNCTION     0.27     0.39    29.31     0  00:02        0.39
  2172059504           JUNCTION     0.30     0.43    29.26     0  00:02        0.43
  2172059604           JUNCTION     0.36     0.51    29.12     0  00:03        0.51
  2172059703           JUNCTION     0.15     0.23    29.30     0  00:00        0.22
  2173030105           JUNCTION     0.09     0.14    27.74     0  00:00        0.12
  2173030301           JUNCTION     0.71     1.15    28.58     0  00:01        1.03
  2173030302           JUNCTION     0.71     1.07    28.57     0  00:01        1.03
  2173030303           JUNCTION     0.68     1.15    28.70     0  00:01        1.00
  2173030304           JUNCTION     0.65     0.94    28.54     0  00:01        0.94
  2173030403           JUNCTION     0.28     0.43    28.42     0  00:07        0.40
  2173030405           JUNCTION     0.30     0.77    28.68     0  00:12        0.45
  2173030501           JUNCTION     0.74     1.39    28.57     0  00:01        1.07
  2173030502           JUNCTION     0.51     1.10    28.37     0  00:04        0.75
  2173030503           JUNCTION     0.86     1.37    28.63     0  00:01        1.25
  2173030504           JUNCTION     0.54     0.78    27.88     0  01:10        0.78
  2173030505           JUNCTION     0.56     0.81    27.96     0  01:50        0.80
  2173030506           JUNCTION     0.55     0.79    27.97     0  01:50        0.78
  2173030507           JUNCTION     0.22     0.34    28.44     0  00:12        0.33
  2173030601           JUNCTION     0.95     1.42    28.75     0  00:04        1.37
  2173030602           JUNCTION     1.00     1.43    28.82     0  00:03        1.43
  2173030603           JUNCTION     1.04     1.50    28.97     0  00:01        1.50
  2173030604           JUNCTION     1.06     1.66    29.18     0  00:01        1.53
  2173030605           JUNCTION     0.51     0.74    28.00     0  01:51        0.73
  2173030606           JUNCTION     0.50     0.72    28.01     0  01:51        0.72
  2173030607           JUNCTION     1.05     1.60    29.20     0  00:01        1.53
  2173030608           JUNCTION     1.03     1.54    29.21     0  00:01        1.50
  2173030701           JUNCTION     0.47     1.61    28.65     0  00:05        0.69
  2173030702           JUNCTION     0.23     0.35    27.84     0  01:32        0.35
  2173030703           JUNCTION     0.41     1.53    28.76     0  00:07        0.63
  2173030704           JUNCTION     0.27     0.42    27.84     0  01:32        0.42
  2173030705           JUNCTION     0.29     0.44    27.84     0  01:26        0.44
  2173030706           JUNCTION     0.27     0.40    27.86     0  01:27        0.40
  2173030801           JUNCTION     0.10     0.18    27.87     0  01:28        0.18
  2173030901           JUNCTION     0.35     0.57    26.72     0  00:01        0.50
  2173030902           JUNCTION     0.29     0.46    26.79     0  00:01        0.41
  2173031302           JUNCTION     0.30     0.45    27.62     0  00:02        0.42
  2173031304           JUNCTION     0.27     0.37    27.86     0  00:08        0.37
  2173031305           JUNCTION     0.27     0.42    28.11     0  00:02        0.39
  2173031306           JUNCTION     0.28     0.39    27.93     0  00:07        0.39
  2173031307           JUNCTION     0.26     0.37    27.95     0  00:07        0.37
  2173031308           JUNCTION     0.26     0.40    28.75     0  00:02        0.37
  2173031401           JUNCTION     0.28     0.45    28.30     0  00:11        0.43
  2173031402           JUNCTION     0.18     0.26    28.07     0  00:11        0.25
  2173031403           JUNCTION     0.21     0.31    28.21     0  00:01        0.30
  2173031404           JUNCTION     0.23     0.33    27.96     0  00:07        0.33
  2173031501           JUNCTION     0.16     0.26    28.46     0  00:12        0.25
  2173031505           JUNCTION     0.16     0.24    28.24     0  00:01        0.23
  2173031601           JUNCTION     0.45     0.65    28.03     0  01:51        0.65
  2173031701           JUNCTION     1.02     1.47    29.17     0  00:01        1.47
  2173031702           JUNCTION     0.95     1.37    29.24     0  00:02        1.37
  2173031703           JUNCTION     0.39     0.56    28.04     0  01:52        0.56
  2173031704           JUNCTION     0.38     0.55    28.05     0  01:52        0.55
  2173031705           JUNCTION     0.93     1.35    29.30     0  00:02        1.35
  2173031706           JUNCTION     0.90     1.36    29.42     0  00:02        1.31
  2173031707           JUNCTION     0.32     0.47    28.06     0  01:36        0.46
  2173031708           JUNCTION     0.26     0.38    28.06     0  01:53        0.38
  2173031801           JUNCTION     0.10     0.17    27.72     0  00:00        0.14
  2173031802           JUNCTION     0.14     0.22    27.57     0  00:00        0.20
  2173031803           JUNCTION     0.12     0.18    27.76     0  00:00        0.17
  2173031804           JUNCTION     0.85     1.57    29.72     0  00:02        1.25
  2173031805           JUNCTION     0.81     1.33    29.56     0  00:02        1.19
  2173031806           JUNCTION     0.09     0.15    28.04     0  00:00        0.13
  2173031807           JUNCTION     0.75     1.27    29.57     0  00:02        1.12
  2173031901           JUNCTION     0.25     0.40    26.92     0  00:01        0.36
  2173031902           JUNCTION     0.23     0.37    27.09     0  00:01        0.33
  2173031903           JUNCTION     0.20     0.31    27.23     0  00:00        0.28
  2173032201           JUNCTION     0.25     0.37    29.71     0  00:01        0.36
  2173032202           JUNCTION     0.34     0.49    30.21     0  00:01        0.48
  2173032205           JUNCTION     0.31     0.46    30.44     0  00:02        0.44
  2173032206           JUNCTION     0.28     0.40    30.74     0  00:02        0.40
  2173032207           JUNCTION     0.18     0.29    31.56     0  00:01        0.26
  2173032401           JUNCTION     0.13     0.18    28.17     0  00:16        0.18
  2173032801_          JUNCTION     0.22     0.34    28.07     0  01:37        0.33
  2173033201           JUNCTION     0.21     0.33    31.75     0  00:01        0.30
  2173033202           JUNCTION     0.20     0.30    31.85     0  00:00        0.28
  2173033204           JUNCTION     0.11     0.16    33.71     0  00:00        0.15
  2173033207           JUNCTION     0.09     0.13    34.28     0  00:00        0.13
  2173033301           JUNCTION     0.27     0.39    30.83     0  00:02        0.39
  2173033302           JUNCTION     0.23     0.33    30.91     0  00:03        0.33
  2173033303           JUNCTION     0.19     0.27    30.94     0  00:03        0.27
  2173033402           JUNCTION     0.13     0.19    30.97     0  00:00        0.18
  2173033404           JUNCTION     0.13     0.20    30.43     0  00:00        0.19
  2173033501           JUNCTION     0.13     0.18    30.30     0  00:01        0.18
  2173033601           JUNCTION     0.20     0.29    28.82     0  00:03        0.28
  2173033602           JUNCTION     0.12     0.18    29.13     0  00:00        0.17
  2173033603           JUNCTION     0.08     0.15    29.28     0  00:00        0.11
  2173033604           JUNCTION     0.32     0.46    29.18     0  00:02        0.45
  2173033605           JUNCTION     0.30     0.45    29.41     0  00:02        0.43
  2173034201           JUNCTION     0.09     0.14    34.54     0  00:00        0.13
  2173034202           JUNCTION     0.44     2.32    37.17     0  00:02        0.66
  2173034203           JUNCTION     0.57     2.42    37.08     0  00:02        0.84
  2173034204           JUNCTION     0.64     2.40    36.91     0  00:02        0.94
  2173034205           JUNCTION     0.68     2.23    36.57     0  00:02        1.00
  2173034302           JUNCTION     0.65     2.12    36.25     0  00:01        0.96
  2173034303           JUNCTION     0.54     3.33    37.27     0  00:01        0.79
  2173034501           JUNCTION     0.20     0.31    29.97     0  00:01        0.29
  2173034502           JUNCTION     0.19     0.28    29.80     0  00:01        0.27
  2173034503           JUNCTION     0.26     0.40    29.59     0  00:02        0.37
  2173035301           JUNCTION     0.19     0.27    33.97     0  00:02        0.26
  2173035401           JUNCTION     0.19     0.27    35.63     0  00:01        0.27
  2173035401_          JUNCTION     0.08     0.12    34.07     0  00:00        0.11
  2173035402           JUNCTION     0.13     0.21    35.71     0  00:00        0.18
  2173035501           JUNCTION     0.11     0.17    33.13     0  00:00        0.16
  2173035502           JUNCTION     0.14     0.21    32.30     0  00:00        0.20
  2173036501           JUNCTION     0.16     0.25    31.36     0  00:00        0.23
  2173036502           JUNCTION     0.18     0.27    29.80     0  00:01        0.25
  2173036503           JUNCTION     0.38     0.58    29.22     0  00:01        0.53
  2173036601_          JUNCTION     0.19     0.29    30.49     0  00:00        0.27
  2173036602           JUNCTION     0.37     0.68    31.47     0  00:01        0.53
  2173036603           JUNCTION     0.55     1.39    32.25     0  00:01        0.80
  2173036604           JUNCTION     0.66     1.39    32.34     0  00:01        0.96
  2173036701           JUNCTION     0.72     1.65    32.65     0  00:01        1.05
  2173036702           JUNCTION     0.72     1.69    32.74     0  00:01        1.05
  2173036703           JUNCTION     0.69     1.85    32.95     0  00:01        1.02
  2173037801           JUNCTION     0.10     0.16    32.02     0  00:00        0.15
  2173037802           JUNCTION     0.15     0.22    31.85     0  00:01        0.21
  2173037901           JUNCTION     0.25     0.37    29.11     0  00:02        0.35
  2173038801           JUNCTION     0.19     0.28    31.69     0  00:01        0.27
  2173038901           JUNCTION     0.23     0.34    29.34     0  00:02        0.33
  2173038902           JUNCTION     0.23     0.34    31.54     0  00:01        0.32
  2173038903           JUNCTION     0.25     0.37    31.45     0  00:02        0.35
  2173038904           JUNCTION     0.09     0.13    31.79     0  00:00        0.12
  2173038905           JUNCTION     0.14     0.21    31.59     0  00:01        0.21
  2173039901           JUNCTION     0.26     0.37    31.55     0  01:12        0.37
  2173040001           JUNCTION     0.34     0.52    26.42     0  00:02        0.49
  2173040002           JUNCTION     0.36     0.55    26.54     0  00:02        0.51
  2173040101           JUNCTION     0.34     0.48    27.48     0  01:28        0.48
  2173040102           JUNCTION     0.34     0.48    27.46     0  01:40        0.48
  2173040501           JUNCTION     0.56     0.83    26.35     0  00:18        0.82
  2173041101           JUNCTION     0.35     0.48    27.50     0  01:28        0.48
  2173041102           JUNCTION     0.33     0.46    27.51     0  01:29        0.46
  2173041103           JUNCTION     0.21     0.30    28.00     0  00:04        0.30
  2173041104           JUNCTION     0.25     0.34    27.97     0  00:06        0.34
  2173041105           JUNCTION     0.31     0.43    27.52     0  01:22        0.43
  2173041201           JUNCTION     0.34     0.47    27.42     0  01:47        0.47
  2173041202           JUNCTION     0.30     0.42    27.33     0  01:34        0.42
  2173041401           JUNCTION     0.26     0.39    26.59     0  01:40        0.39
  2173041501           JUNCTION     0.59     0.79    26.59     0  01:41        0.79
  2173041502           JUNCTION     0.60     0.80    26.59     0  01:37        0.80
  2173041601           JUNCTION     0.61     0.82    26.59     0  01:47        0.82
  2173042001           JUNCTION     0.27     0.39    27.53     0  01:50        0.39
  2173042101           JUNCTION     0.15     0.21    27.91     0  00:02        0.21
  2173042302           JUNCTION     0.42     0.58    27.01     0  01:41        0.58
  2173042401           JUNCTION     0.20     0.31    26.59     0  01:39        0.31
  2173042403           JUNCTION     0.18     0.29    26.59     0  01:39        0.29
  2173042406           JUNCTION     0.32     0.44    27.38     0  00:16        0.44
  2173042601           JUNCTION     0.62     0.83    26.59     0  01:38        0.83
  2173042701           JUNCTION     0.63     0.84    26.59     0  01:36        0.84
  2173042801           JUNCTION     0.63     0.83    26.57     0  01:37        0.83
  2173042802           JUNCTION     0.62     0.82    26.55     0  01:37        0.82
  2173043003           JUNCTION     0.17     0.24    28.30     0  00:02        0.24
  2173043005           JUNCTION     0.10     0.15    28.45     0  00:01        0.15
  2173043203           JUNCTION     0.52     0.72    27.22     0  01:40        0.72
  2173043301           JUNCTION     0.46     0.64    27.10     0  01:40        0.64
  2173043302           JUNCTION     0.29     0.41    27.49     0  00:11        0.41
  2173043303           JUNCTION     0.49     0.69    27.17     0  01:40        0.69
  2173043304           JUNCTION     0.26     0.38    27.50     0  00:14        0.38
  2173043305           JUNCTION     0.21     0.31    27.51     0  00:14        0.31
  2173043401           JUNCTION     0.31     0.44    27.46     0  00:13        0.44
  2173043402           JUNCTION     0.32     0.44    27.51     0  00:11        0.44
  2173043403           JUNCTION     0.32     0.45    27.59     0  00:09        0.45
  2173043404           JUNCTION     0.29     0.42    27.62     0  00:09        0.42
  2173043405           JUNCTION     0.26     0.36    27.69     0  00:08        0.36
  2173043406           JUNCTION     0.26     0.37    27.64     0  00:09        0.37
  2173043504           JUNCTION     0.28     0.39    27.62     0  00:10        0.39
  2173043506           JUNCTION     0.32     0.45    27.75     0  00:56        0.45
  2173043601           JUNCTION     0.88     1.24    27.74     0  00:19        1.23
  2173043901           JUNCTION     0.61     0.80    26.52     0  01:37        0.80
  2173043902           JUNCTION     0.60     0.79    26.50     0  01:38        0.79
  2173044101           JUNCTION     0.25     0.36    28.16     0  00:14        0.36
  2173044102           JUNCTION     0.28     0.40    28.15     0  00:16        0.40
  2173044103           JUNCTION     0.28     0.40    28.09     0  00:22        0.40
  2173044106           JUNCTION     0.23     0.32    27.38     0  01:40        0.32
  2173044201           JUNCTION     0.28     0.40    27.89     0  00:26        0.40
  2173044202           JUNCTION     0.39     0.56    27.25     0  01:39        0.56
  2173044203           JUNCTION     0.33     0.47    27.29     0  00:36        0.47
  2173044204           JUNCTION     0.52     1.37    28.82     0  00:01        0.73
  2173044301           JUNCTION     0.48     0.68    27.24     0  01:40        0.68
  2173044302           JUNCTION     0.38     0.54    27.72     0  01:03        0.54
  2173044303           JUNCTION     0.42     0.60    27.81     0  00:59        0.60
  2173044304           JUNCTION     0.33     0.99    28.49     0  00:02        0.48
  2173044305           JUNCTION     0.47     1.08    28.38     0  00:02        0.67
  2173044306           JUNCTION     0.33     0.48    28.00     0  01:24        0.48
  2173044401           JUNCTION     0.24     0.34    27.64     0  00:07        0.34
  2173044402           JUNCTION     0.21     0.30    27.72     0  00:06        0.30
  2173044403           JUNCTION     0.16     0.24    27.74     0  00:05        0.24
  2173044404           JUNCTION     0.08     0.13    28.13     0  00:00        0.11
  2173044405           JUNCTION     0.19     0.27    27.98     0  00:55        0.27
  2173044406           JUNCTION     0.29     0.41    27.95     0  01:26        0.41
  2173044502           JUNCTION     0.35     0.50    27.86     0  01:06        0.50
  2173044504           JUNCTION     0.34     0.49    27.91     0  01:40        0.49
  2173044505           JUNCTION     0.97     1.40    28.00     0  00:19        1.37
  2173044506           JUNCTION     0.32     0.46    27.93     0  01:32        0.46
  2173044507           JUNCTION     1.00     1.43    28.05     0  00:19        1.41
  2173044601           JUNCTION     0.93     1.33    27.90     0  00:19        1.31
  2173044602           JUNCTION     0.96     1.38    27.98     0  00:19        1.35
  2173045101           JUNCTION     0.23     0.33    27.37     0  01:39        0.33
  2173045102           JUNCTION     0.22     0.31    27.39     0  01:40        0.31
  2173045103           JUNCTION     0.21     0.30    27.39     0  01:41        0.30
  2173045104           JUNCTION     0.20     0.29    27.39     0  01:41        0.29
  2173045105           JUNCTION     0.20     0.28    27.39     0  01:41        0.28
  2173045201           JUNCTION     0.23     0.32    27.31     0  01:37        0.32
  2173045202           JUNCTION     0.23     0.32    27.33     0  01:34        0.32
  2173045203           JUNCTION     0.68     1.58    29.09     0  00:01        0.98
  2173045204           JUNCTION     0.24     0.33    27.35     0  01:38        0.33
  2173045205           JUNCTION     0.82     1.64    29.20     0  00:01        1.18
  2173045210           JUNCTION     0.29     0.40    27.93     0  01:16        0.40
  2173045301           JUNCTION     0.92     1.64    29.26     0  00:01        1.34
  2173045302           JUNCTION     0.99     1.47    29.14     0  00:01        1.43
  2173045303           JUNCTION     1.02     1.54    29.26     0  00:01        1.49
  2173045304           JUNCTION     1.03     1.58    29.34     0  00:01        1.51
  2173045305           JUNCTION     1.04     1.58    29.38     0  00:01        1.51
  2173045306           JUNCTION     1.03     1.51    29.35     0  00:01        1.50
  2173045401           JUNCTION     0.10     0.15    28.15     0  00:00        0.14
  2173045402           JUNCTION     0.24     0.35    27.95     0  00:52        0.35
  2173045501           JUNCTION     1.02     1.46    28.09     0  00:19        1.44
  2173045502           JUNCTION     1.03     1.49    28.12     0  00:19        1.46
  2173045503           JUNCTION     1.05     1.51    28.16     0  00:19        1.49
  2173045504           JUNCTION     0.60     0.93    28.20     0  00:19        0.90
  2173045505           JUNCTION     0.58     0.95    28.28     0  00:14        0.89
  2173045603           JUNCTION     0.23     0.32    27.68     0  00:02        0.32
  2173045604           JUNCTION     0.20     0.29    27.72     0  00:02        0.29
  2173045901           JUNCTION     0.31     0.43    26.43     0  01:40        0.43
  2173046104           JUNCTION     0.67     1.39    29.31     0  00:02        0.96
  2173046106           JUNCTION     0.80     1.43    29.59     0  00:02        1.16
  2173046203           JUNCTION     0.25     0.35    28.12     0  00:10        0.35
  2173046301           JUNCTION     0.27     0.38    27.99     0  01:15        0.38
  2173046401           JUNCTION     1.01     1.48    28.19     0  00:19        1.46
  2173046402           JUNCTION     1.00     1.46    29.35     0  00:01        1.46
  2173046403           JUNCTION     0.99     1.49    29.41     0  00:01        1.45
  2173046404           JUNCTION     0.97     1.46    29.41     0  00:01        1.43
  2173046405           JUNCTION     0.94     1.41    29.41     0  00:01        1.38
  2173046406           JUNCTION     0.98     1.44    28.22     0  00:19        1.42
  2173046409           JUNCTION     0.97     1.43    28.23     0  00:19        1.40
  2173046410           JUNCTION     0.22     0.31    28.01     0  01:17        0.31
  2173046412           JUNCTION     0.57     1.21    28.67     0  00:13        0.86
  2173046413           JUNCTION     0.93     1.38    28.25     0  00:19        1.36
  2173046414           JUNCTION     0.78     1.16    28.37     0  00:19        1.13
  2173046501           JUNCTION     0.55     1.00    28.41     0  00:14        0.85
  2173046601           JUNCTION     0.16     0.23    27.73     0  00:01        0.23
  2173046602           JUNCTION     0.50     1.09    28.58     0  00:14        0.78
  2173046603           JUNCTION     0.43     1.13    28.73     0  00:14        0.68
  2173046707           JUNCTION     0.17     0.25    27.62     0  00:01        0.24
  2173046709           JUNCTION     0.11     0.17    27.67     0  00:00        0.16
  2173046901           JUNCTION     0.27     0.38    26.44     0  01:40        0.38
  2173046902           JUNCTION     0.26     0.37    26.45     0  01:43        0.37
  2173047001           JUNCTION     0.64     1.53    30.01     0  00:03        0.95
  2173047002           JUNCTION     0.27     0.40    28.70     0  00:02        0.38
  2173047003           JUNCTION     0.45     1.64    30.48     0  00:05        0.66
  2173047004           JUNCTION     0.24     0.36    29.51     0  00:07        0.36
  2173047005           JUNCTION     0.14     0.21    29.57     0  00:00        0.20
  2173047101           JUNCTION     0.82     1.21    29.48     0  00:02        1.20
  2173047102           JUNCTION     0.82     1.19    29.56     0  00:02        1.18
  2173047103           JUNCTION     0.47     1.35    29.29     0  00:02        0.68
  2173047104           JUNCTION     0.81     1.46    29.96     0  00:02        1.19
  2173047105           JUNCTION     0.50     1.35    29.48     0  00:02        0.72
  2173047301           JUNCTION     0.24     0.34    28.16     0  00:12        0.34
  2173047302           JUNCTION     0.20     0.28    28.18     0  00:08        0.28
  2173047402           JUNCTION     0.83     1.24    28.49     0  00:19        1.21
  2173047501           JUNCTION     0.58     1.47    28.99     0  00:13        0.87
  2173047502           JUNCTION     0.56     1.64    29.22     0  00:13        0.85
  2173047503           JUNCTION     0.89     1.33    28.65     0  00:07        1.30
  2173047504           JUNCTION     0.53     1.77    29.41     0  00:13        0.82
  2173047505           JUNCTION     0.94     1.40    28.78     0  00:07        1.36
  2173047506           JUNCTION     0.96     1.43    28.85     0  00:07        1.40
  2173047601           JUNCTION     0.82     1.30    28.79     0  00:03        1.19
  2173047602           JUNCTION     0.49     1.62    29.32     0  00:13        0.75
  2173047603           JUNCTION     1.01     1.48    28.99     0  00:46        1.47
  2173047604           JUNCTION     0.98     1.45    28.92     0  00:19        1.44
  2173047701           JUNCTION     0.28     0.39    27.83     0  00:41        0.39
  2173047702           JUNCTION     0.33     0.47    27.98     0  00:41        0.47
  2173047703           JUNCTION     0.59     0.85    28.31     0  00:46        0.84
  2173047704           JUNCTION     0.34     0.49    28.08     0  00:41        0.49
  2173047801           JUNCTION     0.11     0.18    27.68     0  00:00        0.16
  2173047802           JUNCTION     0.16     0.24    27.59     0  00:01        0.23
  2173047803           JUNCTION     0.21     0.31    27.47     0  00:01        0.29
  2173047804           JUNCTION     0.32     0.46    28.15     0  00:42        0.46
  2173047805           JUNCTION     0.27     0.39    28.20     0  00:42        0.39
  2173047902           JUNCTION     0.25     0.36    27.36     0  00:02        0.35
  2173047903           JUNCTION     0.27     0.40    27.23     0  00:02        0.39
  2173047904           JUNCTION     0.47     0.66    27.07     0  00:07        0.66
  2173048001           JUNCTION     0.65     1.78    30.60     0  00:04        0.97
  2173048002           JUNCTION     0.69     1.83    30.59     0  00:03        1.03
  2173048003           JUNCTION     0.10     0.15    29.81     0  00:00        0.14
  2173048004           JUNCTION     0.74     1.94    30.62     0  00:03        1.09
  2173048005           JUNCTION     0.08     0.15    29.86     0  00:00        0.12
  2173048006           JUNCTION     0.15     0.24    29.67     0  00:00        0.21
  2173048007           JUNCTION     0.20     0.31    29.51     0  00:01        0.29
  2173048008           JUNCTION     0.28     0.43    29.49     0  00:01        0.40
  2173048101           JUNCTION     0.78     1.55    30.14     0  00:03        1.15
  2173048102           JUNCTION     0.49     1.42    29.76     0  00:02        0.71
  2173048103           JUNCTION     0.44     0.64    29.24     0  01:03        0.64
  2173048104           JUNCTION     0.36     0.52    29.32     0  01:07        0.52
  2173048106           JUNCTION     0.25     0.38    29.43     0  00:01        0.36
  2173048201           JUNCTION     0.06     0.09    28.09     0  00:00        0.09
  2173048204           JUNCTION     0.48     0.67    29.08     0  00:47        0.67
  2173048303           JUNCTION     0.36     0.55    28.71     0  00:02        0.51
  2173048305           JUNCTION     0.34     0.52    28.88     0  00:02        0.49
  2173048403           JUNCTION     0.30     0.46    29.04     0  00:02        0.43
  2173048503           JUNCTION     1.07     1.66    29.54     0  00:06        1.61
  2173048601           JUNCTION     0.99     1.47    29.01     0  00:07        1.46
  2173048602           JUNCTION     1.10     1.60    29.15     0  00:13        1.60
  2173048603           JUNCTION     0.87     1.36    29.10     0  00:07        1.30
  2173048604           JUNCTION     1.03     1.53    29.27     0  00:07        1.53
  2173048701           JUNCTION     1.13     1.86    29.42     0  00:02        1.67
  2173048702           JUNCTION     0.85     1.43    29.23     0  00:06        1.28
  2173048703           JUNCTION     1.16     1.92    29.51     0  00:02        1.71
  2173048704           JUNCTION     0.83     1.43    29.26     0  00:06        1.25
  2173048705           JUNCTION     1.16     1.84    29.46     0  00:02        1.72
  2173048801           JUNCTION     0.22     0.32    28.23     0  00:43        0.32
  2173048802           JUNCTION     0.17     0.24    28.24     0  00:44        0.24
  2173048803           JUNCTION     0.46     0.66    27.23     0  00:08        0.66
  2173048901           JUNCTION     0.47     0.66    27.12     0  00:07        0.66
  2173048902           JUNCTION     0.51     0.71    27.18     0  00:09        0.71
  2173048903           JUNCTION     0.52     0.73    27.22     0  00:08        0.73
  2173048904           JUNCTION     0.23     0.32    27.44     0  00:04        0.32
  2173049001           JUNCTION     0.39     1.05    31.95     0  00:03        0.58
  2173049002           JUNCTION     0.43     1.06    31.75     0  00:02        0.63
  2173049201           JUNCTION     0.84     1.83    30.39     0  00:03        1.19
  2173049202           JUNCTION     1.09     1.83    30.51     0  00:02        1.56
  2173049203           JUNCTION     1.25     1.94    30.79     0  00:02        1.81
  2173049204           JUNCTION     0.77     1.92    31.06     0  00:02        1.14
  2173049205           JUNCTION     1.40     2.19    31.23     0  00:02        2.03
  2173049206           JUNCTION     0.67     2.14    31.44     0  00:03        1.00
  2173049207           JUNCTION     1.05     1.67    31.18     0  00:02        1.56
  2173049301           JUNCTION     0.65     0.92    29.69     0  01:19        0.92
  2173049302           JUNCTION     0.71     1.01    29.95     0  00:27        1.01
  2173049303           JUNCTION     0.77     1.11    30.29     0  00:27        1.11
  2173049304           JUNCTION     0.80     1.18    30.54     0  01:48        1.18
  2173049401           JUNCTION     0.27     0.41    29.18     0  00:01        0.38
  2173049402           JUNCTION     0.23     0.35    29.33     0  00:01        0.33
  2173049403           JUNCTION     0.19     0.30    29.50     0  00:01        0.27
  2173049404           JUNCTION     0.16     0.24    29.54     0  00:00        0.23
  2173049405           JUNCTION     0.11     0.17    29.62     0  00:00        0.15
  2173049501           JUNCTION     1.08     1.98    29.98     0  00:03        1.63
  2173049601           JUNCTION     1.05     1.86    30.02     0  00:06        1.60
  2173049602           JUNCTION     1.01     1.81    30.08     0  00:06        1.54
  2173049603           JUNCTION     0.96     1.81    30.17     0  00:06        1.47
  2173049701           JUNCTION     0.80     1.43    29.33     0  00:07        1.21
  2173049702           JUNCTION     0.77     1.37    29.31     0  00:07        1.17
  2173049801           JUNCTION     1.16     2.05    29.69     0  00:03        1.72
  2173049802           JUNCTION     0.42     0.61    27.25     0  00:08        0.61
  2173049803           JUNCTION     1.14     2.04    29.70     0  00:03        1.70
  2173049804           JUNCTION     0.38     0.55    27.26     0  00:06        0.55
  2173049805           JUNCTION     0.72     1.37    29.37     0  00:07        1.11
  2173049806           JUNCTION     0.41     0.58    27.95     0  01:25        0.58
  2173049807           JUNCTION     0.45     0.71    28.29     0  00:02        0.64
  2173049808           JUNCTION     0.15     0.23    27.27     0  00:05        0.22
  2173049901           JUNCTION     0.20     0.28    27.59     0  00:03        0.28
  2173049902           JUNCTION     0.19     0.26    27.92     0  00:03        0.26
  2173049903           JUNCTION     0.92     1.31    29.61     0  00:02        1.31
  2173049904           JUNCTION     0.16     0.23    27.95     0  00:02        0.23
  2173049905           JUNCTION     0.47     1.04    28.92     0  00:02        0.68
  2173050301           JUNCTION     0.12     0.18    29.15     0  00:00        0.16
  2173050301_          JUNCTION     0.12     0.19    29.02     0  00:00        0.17
  2173050302           JUNCTION     0.17     0.25    29.08     0  00:01        0.24
  2173050401           JUNCTION     0.21     0.31    29.00     0  00:01        0.30
  2173050601           JUNCTION     0.34     0.49    28.97     0  00:01        0.49
  2173051401           JUNCTION     0.25     0.36    28.89     0  00:02        0.35
  2173051402           JUNCTION     0.26     0.38    28.56     0  00:02        0.37
  2173051501           JUNCTION     0.29     0.42    28.48     0  00:02        0.41
  2173051502           JUNCTION     0.32     0.46    28.41     0  00:02        0.45
  2173052501           JUNCTION     0.34     0.49    28.31     0  00:03        0.48
  2173052502           JUNCTION     0.35     0.51    28.24     0  00:03        0.49
  2173053001           JUNCTION     0.59     0.78    26.48     0  01:38        0.78
  2173053002           JUNCTION     0.58     0.76    26.46     0  01:41        0.76
  2173053101           JUNCTION     0.55     0.73    26.41     0  01:38        0.73
  2173053201           JUNCTION     0.39     0.98    27.80     0  00:05        0.58
  2173053202           JUNCTION     0.43     1.05    27.80     0  00:04        0.64
  2173053203           JUNCTION     0.43     0.75    27.47     0  00:07        0.61
  2173053301           JUNCTION     0.44     0.75    27.40     0  00:06        0.63
  2173053401           JUNCTION     0.44     0.65    27.25     0  00:07        0.64
  2173053402           JUNCTION     0.63     1.41    27.80     0  00:03        0.85
  2173053403           JUNCTION     0.71     1.51    27.80     0  00:03        0.92
  2173054101           JUNCTION     0.55     0.72    26.40     0  01:39        0.72
  2173054201           JUNCTION     0.54     0.72    26.38     0  01:39        0.72
  2173054202           JUNCTION     0.54     0.70    26.36     0  01:39        0.70
  2173054301           JUNCTION     0.52     0.69    26.33     0  01:40        0.69
  2173054401           JUNCTION     0.52     0.68    26.31     0  01:40        0.68
  2173054505           JUNCTION     0.11     0.16    27.14     0  00:01        0.16
  2173054506           JUNCTION     0.93     1.58    27.60     0  00:02        1.13
  2173054507           JUNCTION     0.05     0.08    26.87     0  00:01        0.08
  2173054508           JUNCTION     0.14     0.22    27.22     0  00:00        0.19
  2173054509           JUNCTION     0.93     1.10    27.08     0  00:08        1.10
  2173054510           JUNCTION     0.18     0.28    27.20     0  00:00        0.25
  2173054511           JUNCTION     0.21     0.30    27.09     0  00:07        0.30
  2173054512           JUNCTION     0.83     1.46    27.60     0  00:02        1.04
  2173054513           JUNCTION     0.11     0.16    27.28     0  00:00        0.15
  2173054601           JUNCTION     0.15     0.25    27.30     0  00:00        0.22
  2173054602           JUNCTION     0.22     0.34    27.24     0  00:00        0.31
  2173054603           JUNCTION     0.23     0.35    27.22     0  00:00        0.33
  2173054604           JUNCTION     0.21     0.30    26.63     0  00:08        0.30
  2173054605           JUNCTION     0.90     1.05    27.02     0  00:08        1.05
  2173054606           JUNCTION     0.20     0.30    27.08     0  00:07        0.30
  2173054607           JUNCTION     0.20     0.29    27.07     0  00:36        0.29
  2173054608           JUNCTION     0.37     0.51    26.93     0  00:08        0.51
  2173054609           JUNCTION     0.41     0.58    26.38     0  00:08        0.58
  2173054610           JUNCTION     0.36     0.50    26.84     0  00:08        0.50
  2173054611           JUNCTION     0.10     0.16    26.94     0  00:01        0.14
  2173055401           JUNCTION     0.50     0.66    26.28     0  01:40        0.66
  2173055503           JUNCTION     0.08     0.12    26.75     0  00:03        0.12
  2173055505           JUNCTION     0.49     0.64    26.25     0  01:41        0.64
  2173055506           JUNCTION     0.47     0.62    26.22     0  01:41        0.62
  2173055507           JUNCTION     0.48     0.63    26.22     0  01:41        0.63
  2173055601           JUNCTION     0.46     0.59    26.19     0  01:41        0.59
  2173055602           JUNCTION     0.43     0.56    26.15     0  01:42        0.56
  2173055603           JUNCTION     0.41     0.54    26.12     0  01:42        0.54
  2173055604           JUNCTION     0.37     0.49    26.08     0  01:42        0.49
  2173055605           JUNCTION     0.32     0.43    26.25     0  01:42        0.43
  2173055606           JUNCTION     0.31     0.42    26.27     0  01:42        0.42
  2173056601           JUNCTION     0.30     0.41    26.27     0  01:43        0.41
  2173056602           JUNCTION     0.29     0.40    26.28     0  01:43        0.40
  2173056701           JUNCTION     0.28     0.38    26.28     0  01:43        0.38
  2173057001           JUNCTION     0.25     0.35    26.45     0  01:42        0.35
  2173057005           JUNCTION     0.43     0.61    26.93     0  00:08        0.61
  2173058001           JUNCTION     0.14     0.20    27.43     0  00:01        0.19
  2173058003           JUNCTION     0.10     0.16    27.66     0  00:00        0.14
  2173058005           JUNCTION     0.17     0.24    27.75     0  00:04        0.24
  2173058007           JUNCTION     0.15     0.21    27.76     0  00:05        0.21
  2173058101           JUNCTION     0.22     0.32    28.07     0  00:01        0.31
  2173058102           JUNCTION     0.18     0.26    28.16     0  00:01        0.25
  2173058103           JUNCTION     0.12     0.20    28.20     0  00:00        0.18
  2173058106           JUNCTION     0.21     0.29    28.09     0  00:02        0.29
  2173058203           JUNCTION     0.22     0.31    28.01     0  00:03        0.31
  2173058205           JUNCTION     0.23     0.33    28.08     0  00:03        0.33
  2173058206           JUNCTION     0.24     0.33    28.19     0  00:06        0.33
  2173058301           JUNCTION     0.60     0.87    28.76     0  00:00        0.87
  2173058303           JUNCTION     0.62     0.96    28.81     0  00:00        0.89
  2173058305           JUNCTION     0.48     1.52    29.06     0  00:01        0.66
  2173058306           JUNCTION     0.57     1.12    28.72     0  00:01        0.81
  2173058308           JUNCTION     0.62     1.17    28.80     0  00:01        0.89
  2173058401           JUNCTION     0.50     0.72    28.72     0  00:00        0.72
  2173058402           JUNCTION     0.86     1.34    28.84     0  00:00        1.25
  2173059001           JUNCTION     0.23     0.34    28.37     0  00:01        0.33
  2173059002           JUNCTION     0.14     0.24    28.45     0  00:00        0.20
  2173059003           JUNCTION     0.11     0.17    28.37     0  00:00        0.16
  2173059004           JUNCTION     0.10     0.19    28.49     0  00:00        0.15
  2173059005           JUNCTION     0.93     1.33    29.61     0  00:02        1.33
  2173059006           JUNCTION     0.12     0.19    28.49     0  00:00        0.18
  2173059007           JUNCTION     0.95     1.55    29.81     0  00:01        1.37
  2173059103           JUNCTION     0.17     0.25    28.43     0  00:01        0.25
  2173059104           JUNCTION     0.26     0.36    28.47     0  00:03        0.36
  2173059105           JUNCTION     0.51     1.70    29.82     0  00:03        0.71
  2173059201           JUNCTION     0.23     0.32    28.24     0  00:07        0.32
  2173059202           JUNCTION     0.18     0.26    28.26     0  00:06        0.26
  2173059204           JUNCTION     0.25     0.35    28.66     0  00:04        0.35
  2173059301           JUNCTION     0.67     1.20    28.89     0  00:01        0.96
  2173059401           JUNCTION     0.83     1.19    28.65     0  00:00        1.18
  2173059402           JUNCTION     0.85     1.22    28.64     0  00:00        1.22
  2173059403           JUNCTION     0.69     0.98    28.71     0  00:01        0.98
  2173059404           JUNCTION     0.69     1.06    28.80     0  00:01        0.99
  2173059405           JUNCTION     0.67     1.14    28.94     0  00:01        0.97
  2173059406           JUNCTION     0.65     1.00    28.84     0  00:01        0.93
  2173059407           JUNCTION     0.62     0.88    28.78     0  00:01        0.88
  2173059408           JUNCTION     0.63     1.13    29.05     0  00:01        0.90
  2173059501           JUNCTION     0.97     1.46    28.70     0  00:00        1.40
  2173059502           JUNCTION     0.99     1.47    28.65     0  00:00        1.42
  2173059503           JUNCTION     0.96     1.42    28.56     0  00:00        1.39
  2173059504           JUNCTION     0.90     1.29    28.39     0  00:00        1.29
  2173059505           JUNCTION     0.93     1.36    28.43     0  00:00        1.35
  2173059601           JUNCTION     1.06     1.70    28.58     0  00:02        1.53
  2174031101           JUNCTION     0.09     0.15    27.65     0  00:00        0.14
  2174031203           JUNCTION     0.09     0.13    28.73     0  00:19        0.13
  2174031306           JUNCTION     0.13     0.18    27.79     0  00:25        0.18
  2174031405           JUNCTION     0.16     0.23    27.27     0  00:25        0.23
  2174031701           JUNCTION     0.11     0.16    28.29     0  00:00        0.15
  2174031704           JUNCTION     0.15     0.22    28.21     0  00:01        0.22
  2174032201           JUNCTION     0.28     0.39    25.86     0  00:07        0.39
  2174032202           JUNCTION     0.29     0.40    25.86     0  00:08        0.40
  2174032203           JUNCTION     0.25     0.35    25.84     0  00:13        0.35
  2174032303           JUNCTION     0.26     0.37    25.86     0  00:07        0.37
  2174032304           JUNCTION     0.15     0.23    26.00     0  00:02        0.22
  2174032305           JUNCTION     0.24     0.34    25.84     0  00:13        0.34
  2174032306           JUNCTION     0.17     0.26    26.00     0  00:03        0.26
  2174032307           JUNCTION     0.29     0.41    26.00     0  00:03        0.41
  2174032601           JUNCTION     0.18     0.26    28.14     0  00:02        0.26
  2174033201           JUNCTION     0.30     0.41    25.85     0  00:12        0.41
  2174033202           JUNCTION     0.26     0.36    25.83     0  00:12        0.36
  2174033203           JUNCTION     0.30     0.40    25.83     0  00:17        0.40
  2174033204           JUNCTION     0.27     0.36    25.82     0  00:14        0.36
  2174033205           JUNCTION     0.34     0.47    25.97     0  00:04        0.47
  2174033206           JUNCTION     0.29     0.39    25.81     0  00:14        0.39
  2174033207           JUNCTION     0.26     0.35    25.80     0  00:11        0.35
  2174033301           JUNCTION     0.29     0.42    26.00     0  00:03        0.41
  2174033302           JUNCTION     0.30     0.43    26.00     0  00:04        0.43
  2174033304           JUNCTION     0.32     0.46    25.99     0  00:03        0.46
  2174033306           JUNCTION     0.33     0.48    25.99     0  00:03        0.47
  2174033308           JUNCTION     0.13     0.20    25.75     0  00:01        0.19
  2174033309           JUNCTION     0.33     0.46    25.95     0  00:06        0.45
  2174033310           JUNCTION     0.16     0.23    25.74     0  00:02        0.23
  2174040001           JUNCTION     0.40     1.05    31.51     0  00:02        0.58
  2174040102           JUNCTION     1.49     2.22    31.45     0  00:02        2.17
  2174040103           JUNCTION     1.51     2.40    32.24     0  00:02        2.20
  2174040104           JUNCTION     1.52     2.25    31.84     0  00:02        2.22
  2174040105           JUNCTION     1.57     2.44    31.85     0  00:02        2.28
  2174040106           JUNCTION     1.50     2.38    32.43     0  00:02        2.18
  2174040107           JUNCTION     1.51     2.29    32.53     0  00:02        2.20
  2174040201           JUNCTION     1.38     2.25    31.96     0  00:02        2.03
  2174040202           JUNCTION     1.31     2.11    31.92     0  00:02        1.94
  2174040203           JUNCTION     1.20     2.03    32.02     0  00:03        1.78
  2174040204           JUNCTION     1.05     1.90    32.11     0  00:03        1.57
  2174040301           JUNCTION     0.83     1.21    30.74     0  01:01        1.21
  2174040302           JUNCTION     0.75     1.78    31.72     0  00:03        1.13
  2174040303           JUNCTION     0.72     1.31    31.48     0  00:05        1.09
  2174040401           JUNCTION     0.20     0.30    29.96     0  00:01        0.29
  2174040402           JUNCTION     0.66     0.97    30.90     0  01:19        0.97
  2174040403           JUNCTION     0.16     0.25    30.09     0  00:00        0.23
  2174040404           JUNCTION     0.11     0.19    30.13     0  00:00        0.16
  2174040405           JUNCTION     0.47     0.67    30.97     0  01:49        0.67
  2174040502           JUNCTION     0.50     1.31    31.31     0  00:05        0.73
  2174040601           JUNCTION     0.54     1.16    31.10     0  00:05        0.80
  2174040602           JUNCTION     0.58     1.12    30.99     0  00:05        0.85
  2174040603           JUNCTION     0.61     1.03    30.83     0  00:05        0.89
  2174040701           JUNCTION     0.90     1.82    30.29     0  00:06        1.38
  2174040702           JUNCTION     0.81     1.77    30.37     0  00:06        1.25
  2174040703           JUNCTION     0.56     0.79    30.40     0  00:05        0.79
  2174040704           JUNCTION     0.61     0.94    30.67     0  00:05        0.89
  2174040705           JUNCTION     0.50     0.73    30.27     0  00:05        0.70
  2174040706           JUNCTION     0.60     0.85    30.52     0  00:05        0.85
  2174040901           JUNCTION     0.45     0.73    28.83     0  00:03        0.65
  2174040902           JUNCTION     0.30     0.43    28.83     0  01:36        0.43
  2174040904           JUNCTION     0.38     0.54    28.94     0  01:01        0.54
  2174040905           JUNCTION     0.27     0.40    29.07     0  00:03        0.37
  2174040906           JUNCTION     0.25     0.38    29.21     0  00:02        0.36
  2174040907           JUNCTION     0.22     0.33    29.14     0  00:02        0.31
  2174040908           JUNCTION     0.23     0.35    29.38     0  00:02        0.33
  2174041101           JUNCTION     1.49     2.32    32.76     0  00:01        2.16
  2174041102           JUNCTION     1.36     1.97    32.63     0  00:01        1.97
  2174041103           JUNCTION     1.27     2.05    32.88     0  00:02        1.87
  2174041104           JUNCTION     1.17     2.00    33.01     0  00:02        1.73
  2174041105           JUNCTION     1.06     2.14    33.33     0  00:02        1.56
  2174041201           JUNCTION     1.30     1.87    32.63     0  00:01        1.87
  2174041202           JUNCTION     1.31     1.94    32.80     0  00:01        1.91
  2174041203           JUNCTION     1.30     1.97    32.91     0  00:01        1.90
  2174041204           JUNCTION     1.07     1.73    32.86     0  00:02        1.56
  2174041205           JUNCTION     1.25     1.81    32.91     0  00:02        1.82
  2174041206           JUNCTION     1.13     1.67    32.98     0  00:02        1.65
  2174041207           JUNCTION     0.96     1.67    32.97     0  00:02        1.41
  2174041208           JUNCTION     1.09     1.60    33.06     0  00:02        1.60
  2174041301           JUNCTION     0.64     1.52    31.91     0  00:05        0.98
  2174041302           JUNCTION     0.52     1.14    31.74     0  00:07        0.81
  2174041303           JUNCTION     0.33     0.47    31.64     0  00:04        0.46
  2174041304           JUNCTION     0.44     1.05    31.77     0  00:07        0.68
  2174041305           JUNCTION     0.32     0.45    31.92     0  00:03        0.44
  2174041401           JUNCTION     0.39     0.56    31.11     0  01:29        0.56
  2174041402           JUNCTION     0.12     0.18    30.48     0  00:00        0.17
  2174041403           JUNCTION     0.36     0.51    31.28     0  01:29        0.51
  2174041404           JUNCTION     0.21     0.33    30.88     0  00:01        0.30
  2174041405           JUNCTION     0.18     0.28    31.04     0  00:01        0.26
  2174041501           JUNCTION     0.18     0.25    30.42     0  00:01        0.25
  2174041502           JUNCTION     0.22     0.31    30.36     0  00:02        0.31
  2174041503           JUNCTION     0.24     0.36    30.52     0  00:02        0.34
  2174041504           JUNCTION     0.24     0.36    30.59     0  00:01        0.34
  2174041601           JUNCTION     0.22     0.32    30.63     0  00:01        0.31
  2174041602           JUNCTION     0.17     0.25    30.70     0  00:01        0.25
  2174041603           JUNCTION     0.12     0.18    30.78     0  00:00        0.17
  2174041704           JUNCTION     0.19     0.28    29.91     0  00:01        0.27
  2174041705           JUNCTION     0.19     0.28    30.31     0  00:01        0.27
  2174041801           JUNCTION     0.23     0.33    29.47     0  00:06        0.33
  2174041803           JUNCTION     0.22     0.31    29.62     0  00:06        0.31
  2174041806           JUNCTION     0.15     0.23    30.49     0  00:01        0.22
  2174041807           JUNCTION     0.11     0.17    30.67     0  00:00        0.15
  2174041901           JUNCTION     0.21     0.32    29.57     0  00:02        0.30
  2174042201           JUNCTION     1.07     1.69    33.26     0  00:02        1.58
  2174042202           JUNCTION     1.00     2.06    33.77     0  00:02        1.49
  2174042203           JUNCTION     0.93     2.17    34.00     0  00:02        1.38
  2174042204           JUNCTION     0.26     0.36    33.04     0  00:17        0.36
  2174042301           JUNCTION     0.30     0.42    32.29     0  00:03        0.42
  2174042302           JUNCTION     0.29     0.40    32.61     0  00:17        0.40
  2174042303           JUNCTION     0.27     0.38    32.86     0  00:17        0.38
  2174042401           JUNCTION     0.15     0.22    31.11     0  00:00        0.21
  2174042402           JUNCTION     0.10     0.15    31.30     0  00:00        0.14
  2174042403           JUNCTION     1.00     1.57    33.07     0  00:04        1.55
  2174042404           JUNCTION     1.04     1.62    33.06     0  00:04        1.62
  2174042501           JUNCTION     1.09     1.73    33.09     0  00:03        1.68
  2174042502           JUNCTION     1.17     1.90    33.08     0  00:03        1.74
  2174042604           JUNCTION     1.20     1.75    32.83     0  00:02        1.75
  2174042605           JUNCTION     1.23     1.78    32.74     0  00:02        1.78
  2174042704           JUNCTION     1.20     1.77    32.68     0  00:02        1.74
  2174042901           JUNCTION     0.36     0.56    30.49     0  00:09        0.53
  2174042902           JUNCTION     0.51     0.72    30.70     0  00:07        0.71
  2174042903           JUNCTION     0.50     0.71    31.06     0  00:08        0.71
  2174042904           JUNCTION     0.56     0.82    31.41     0  00:53        0.82
  2174042905           JUNCTION     0.27     0.40    31.40     0  00:08        0.40
  2174042906           JUNCTION     0.64     1.76    32.04     0  00:04        0.95
  2174042907           JUNCTION     0.68     1.70    32.03     0  00:04        1.00
  2174043203           JUNCTION     0.07     0.14    30.78     0  00:00        0.10
  2174043301           JUNCTION     0.43     0.61    33.69     0  00:17        0.61
  2174043302           JUNCTION     0.50     0.72    33.94     0  00:47        0.72
  2174043303           JUNCTION     0.52     0.77    34.12     0  00:48        0.77
  2174043401           JUNCTION     0.51     0.75    34.20     0  00:37        0.75
  2174043402           JUNCTION     0.47     0.69    34.27     0  00:19        0.69
  2174043403           JUNCTION     0.42     0.63    34.30     0  00:19        0.63
  2174043501           JUNCTION     0.38     0.56    34.31     0  00:17        0.56
  2174043502           JUNCTION     0.32     0.48    34.31     0  00:16        0.48
  2174043701           JUNCTION     1.15     2.04    32.92     0  00:02        1.68
  2174043801           JUNCTION     1.06     1.78    32.62     0  00:02        1.55
  2174043802           JUNCTION     0.95     1.61    32.42     0  00:02        1.40
  2174043803           JUNCTION     0.83     1.63    32.42     0  00:03        1.22
  2174043901           JUNCTION     0.72     1.66    32.06     0  00:04        1.07
  2174043902           JUNCTION     0.65     1.57    32.33     0  00:04        0.97
  2174043903           JUNCTION     0.75     1.73    32.24     0  00:04        1.11
  2174043904           JUNCTION     0.74     1.75    32.27     0  00:04        1.11
  2174043905           JUNCTION     0.65     1.96    32.58     0  00:04        1.01
  2174050001           JUNCTION     0.97     1.80    30.03     0  00:02        1.39
  2174050002           JUNCTION     0.98     1.87    30.08     0  00:02        1.40
  2174050003           JUNCTION     0.53     2.29    31.13     0  00:03        0.78
  2174050004           JUNCTION     0.21     0.31    29.43     0  00:01        0.29
  2174050101           JUNCTION     0.81     2.03    30.19     0  00:03        1.14
  2174050102           JUNCTION     0.98     2.12    30.30     0  00:03        1.40
  2174050103           JUNCTION     0.96     2.29    30.52     0  00:02        1.38
  2174050104           JUNCTION     0.11     0.18    28.88     0  00:00        0.16
  2174050105           JUNCTION     0.76     1.95    30.59     0  00:02        1.12
  2174050106           JUNCTION     0.65     1.99    30.83     0  00:02        0.96
  2174050202           JUNCTION     0.21     0.31    28.76     0  00:01        0.30
  2174050203           JUNCTION     0.18     0.25    28.80     0  00:01        0.25
  2174050204           JUNCTION     0.32     0.48    29.16     0  00:02        0.45
  2174050205           JUNCTION     0.29     0.44    29.28     0  00:01        0.42
  2174050304           JUNCTION     0.15     0.22    28.66     0  00:01        0.22
  2174050305           JUNCTION     0.23     0.35    28.46     0  00:01        0.33
  2174050401           JUNCTION     0.62     0.94    28.92     0  00:01        0.90
  2174050405           JUNCTION     0.21     0.30    27.94     0  00:01        0.30
  2174050501           JUNCTION     0.60     1.15    29.15     0  00:01        0.88
  2174050502           JUNCTION     1.07     1.81    28.70     0  00:01        1.55
  2174050503           JUNCTION     1.08     1.93    28.82     0  00:02        1.57
  2174050504           JUNCTION     0.51     1.01    29.14     0  00:01        0.75
  2174050505           JUNCTION     1.08     1.94    28.83     0  00:02        1.57
  2174050506           JUNCTION     0.39     0.76    29.06     0  00:01        0.58
  2174050507           JUNCTION     1.12     1.97    28.88     0  00:02        1.62
  2174050508           JUNCTION     0.94     1.98    29.16     0  00:02        1.39
  2174050509           JUNCTION     1.06     1.88    28.89     0  00:02        1.55
  2174050510           JUNCTION     0.94     1.80    28.98     0  00:02        1.38
  2174050511           JUNCTION     0.72     1.62    29.12     0  00:02        1.07
  2174050601           JUNCTION     1.05     1.76    28.59     0  00:01        1.52
  2174050602           JUNCTION     1.02     2.04    28.77     0  00:01        1.47
  2174050603           JUNCTION     1.08     1.76    28.24     0  00:01        1.53
  2174050604           JUNCTION     0.98     1.64    28.23     0  00:01        1.41
  2174050605           JUNCTION     1.15     2.08    28.82     0  00:01        1.66
  2174050606           JUNCTION     1.21     2.23    28.72     0  00:01        1.71
  2174050607           JUNCTION     1.05     2.17    29.06     0  00:02        1.53
  2174050608           JUNCTION     0.97     1.74    28.54     0  00:01        1.41
  2174050702           JUNCTION     0.78     1.33    27.82     0  00:02        1.08
  2174051001           JUNCTION     0.18     0.26    29.68     0  00:01        0.25
  2174051002           JUNCTION     0.19     0.28    29.81     0  00:01        0.26
  2174051003           JUNCTION     0.14     0.21    29.91     0  00:01        0.20
  2174051004           JUNCTION     0.16     0.24    30.03     0  00:01        0.23
  2174051005           JUNCTION     0.13     0.19    30.23     0  00:01        0.18
  2174051101           JUNCTION     0.42     1.88    31.08     0  00:03        0.63
  2174051102           JUNCTION     0.10     0.15    30.18     0  00:00        0.14
  2174051201           JUNCTION     0.17     0.28    29.70     0  00:01        0.25
  2174051202           JUNCTION     0.15     0.24    30.02     0  00:00        0.22
  2174051203           JUNCTION     0.13     0.21    30.48     0  00:00        0.19
  2174051301           JUNCTION     0.09     0.14    28.84     0  00:00        0.13
  2174051302           JUNCTION     0.21     0.32    28.85     0  00:01        0.29
  2174051303           JUNCTION     0.18     0.28    29.23     0  00:01        0.26
  2174051304           JUNCTION     0.16     0.23    29.67     0  00:01        0.22
  2174051402           JUNCTION     0.19     0.27    27.99     0  00:01        0.26
  2174051403           JUNCTION     0.12     0.18    28.05     0  00:00        0.18
  2174051601           JUNCTION     0.98     1.97    28.96     0  00:02        1.44
  2174051602           JUNCTION     1.02     2.00    28.76     0  00:01        1.48
  2174051603           JUNCTION     0.95     1.96    28.83     0  00:02        1.39
  2174051604           JUNCTION     0.88     2.16    29.12     0  00:02        1.30
  2174051701           JUNCTION     0.87     1.67    28.62     0  00:02        1.27
  2174052001           JUNCTION     0.62     0.93    31.68     0  00:07        0.91
  2174052002           JUNCTION     0.63     0.96    31.83     0  00:07        0.93
  2174052003           JUNCTION     0.56     0.92    31.92     0  00:07        0.83
  2174052004           JUNCTION     0.56     0.98    32.12     0  00:04        0.84
  2174052101           JUNCTION     0.09     0.14    30.40     0  00:00        0.13
  2174052101_          JUNCTION     0.07     0.10    30.78     0  00:00        0.10
  2174052102           JUNCTION     0.46     0.83    31.99     0  00:07        0.68
  2174052103           JUNCTION     0.36     0.54    31.84     0  00:09        0.54
  2174052201           JUNCTION     0.13     0.19    30.22     0  00:00        0.18
  2174052202           JUNCTION     0.08     0.13    30.69     0  00:00        0.12
  2174052203           JUNCTION     0.09     0.14    30.54     0  00:00        0.13
  2174052204           JUNCTION     0.10     0.16    30.19     0  00:00        0.14
  2174052205           JUNCTION     0.06     0.12    30.36     0  00:00        0.09
  2174052301           JUNCTION     0.27     0.39    29.19     0  00:56        0.39
  2174052302           JUNCTION     0.17     0.26    29.55     0  00:01        0.24
  2174052303           JUNCTION     0.14     0.21    29.81     0  00:01        0.20
  2174052402           JUNCTION     0.29     0.40    28.38     0  01:42        0.40
  2174052403           JUNCTION     0.62     1.33    29.48     0  00:01        0.90
  2174052404           JUNCTION     0.46     0.90    29.37     0  00:02        0.67
  2174052405           JUNCTION     0.23     0.33    28.40     0  01:34        0.33
  2174052406           JUNCTION     0.64     1.77    30.05     0  00:01        0.93
  2174052407           JUNCTION     0.62     1.69    30.20     0  00:02        0.91
  2174052408           JUNCTION     0.16     0.23    28.50     0  00:01        0.23
  2174052501_          JUNCTION     0.16     0.23    28.03     0  00:09        0.23
  2174052502_          JUNCTION     0.22     0.31    28.02     0  00:10        0.31
  2174052503           JUNCTION     0.27     0.38    28.09     0  00:05        0.38
  2174052504           JUNCTION     0.28     0.39    28.15     0  00:06        0.39
  2174052505           JUNCTION     0.26     0.36    28.18     0  00:04        0.36
  2174052601           JUNCTION     0.18     0.25    28.11     0  00:01        0.25
  2174052601_          JUNCTION     0.43     1.01    28.61     0  00:03        0.69
  2174052602           JUNCTION     0.12     0.19    28.19     0  00:00        0.17
  2174053001           JUNCTION     0.54     1.02    32.25     0  00:04        0.81
  2174053001_          JUNCTION     0.11     0.16    30.94     0  00:01        0.16
  2174053002           JUNCTION     0.49     1.12    32.42     0  00:04        0.75
  2174053002_          JUNCTION     0.41     0.57    30.36     0  01:07        0.57
  2174053101           JUNCTION     0.39     0.55    30.44     0  01:39        0.55
  2174053102           JUNCTION     0.40     0.57    30.41     0  01:40        0.57
  2174053201           JUNCTION     0.09     0.16    29.85     0  00:00        0.13
  2174053202           JUNCTION     0.08     0.13    30.43     0  00:00        0.11
  2174053203           JUNCTION     0.25     0.36    30.46     0  01:40        0.36
  2174053204           JUNCTION     0.13     0.21    29.65     0  00:00        0.19
  2174053205           JUNCTION     0.09     0.14    30.19     0  00:00        0.12
  2174053206           JUNCTION     0.17     0.26    29.31     0  00:01        0.24
  2174053207           JUNCTION     0.13     0.21    29.82     0  00:01        0.19
  2174053301           JUNCTION     0.58     1.88    30.58     0  00:02        0.86
  2174053301_          JUNCTION     0.20     0.30    29.08     0  00:01        0.28
  2174053302           JUNCTION     0.51     0.75    29.64     0  01:23        0.75
  2174053303           JUNCTION     0.39     0.58    29.77     0  00:28        0.57
  2174053304           JUNCTION     0.32     0.47    29.64     0  01:24        0.47
  2174053401           JUNCTION     0.11     0.18    28.61     0  00:00        0.16
  2174053401_          JUNCTION     0.10     0.15    28.64     0  00:00        0.14
  2174053402           JUNCTION     0.27     0.40    29.83     0  01:49        0.40
  2174053402_          JUNCTION     0.14     0.21    28.36     0  00:01        0.20
  2174053403           JUNCTION     0.16     0.23    29.83     0  01:49        0.23
  2174053403_          JUNCTION     0.17     0.26    28.17     0  00:01        0.25
  2174053501           JUNCTION     0.23     0.33    28.19     0  00:04        0.32
  2174053501_          JUNCTION     0.26     0.38    27.99     0  00:10        0.38
  2174053502           JUNCTION     0.29     0.42    27.95     0  00:09        0.41
  2174053503           JUNCTION     0.33     0.46    28.12     0  00:02        0.46
  2174053504           JUNCTION     0.34     0.49    28.06     0  00:06        0.49
  2174053505           JUNCTION     0.31     0.45    27.91     0  00:05        0.44
  2174053506           JUNCTION     0.36     0.52    27.97     0  01:57        0.50
  2174053507           JUNCTION     0.29     0.41    27.85     0  01:55        0.41
  2174053601           JUNCTION     0.46     0.79    28.35     0  00:03        0.72
  2174053602           JUNCTION     0.34     0.51    28.21     0  00:05        0.50
  2174053603           JUNCTION     0.48     0.94    28.47     0  00:03        0.73
  2174053604           JUNCTION     0.39     0.57    28.21     0  00:05        0.57
  2174053605           JUNCTION     0.48     0.79    28.29     0  00:03        0.71
  2174053606           JUNCTION     0.46     0.77    28.25     0  00:03        0.67
  2171039205           OUTFALL      0.28     0.45    23.91     0  00:44        0.44
  2171039208           OUTFALL      0.41     0.60    23.94     0  00:42        0.58
  2171039210           OUTFALL      0.33     0.47    25.08     0  00:07        0.47
  2171039211           OUTFALL      0.16     0.24    25.78     0  00:00        0.23
  2172030502           OUTFALL      0.26     0.37    27.52     0  00:14        0.37
  2172031804           OUTFALL      0.23     0.34    27.24     0  00:01        0.33
  2172034807           OUTFALL      0.31     0.43    24.78     0  01:15        0.43
  2172035801           OUTFALL      0.25     0.35    24.80     0  01:15        0.35
  2172037003           OUTFALL      0.19     0.28    26.28     0  01:37        0.27
  2172037104           OUTFALL      0.22     0.31    26.59     0  01:37        0.31
  2172038705           OUTFALL      0.26     0.37    27.12     0  00:04        0.37
  2172039702           OUTFALL      0.38     0.54    26.75     0  00:08        0.53
  2172040012           OUTFALL      0.14     0.20    28.57     0  00:00        0.20
  2172040705           OUTFALL      0.26     0.37    27.42     0  00:04        0.37
  2172040801           OUTFALL      0.14     0.21    27.56     0  00:00        0.20
  2172040901           OUTFALL      0.14     0.20    27.66     0  00:00        0.20
  2172041706           OUTFALL      0.14     0.20    27.78     0  00:00        0.20
  2172041906           OUTFALL      0.19     0.27    27.04     0  00:00        0.27
  2172042603           OUTFALL      0.19     0.30    27.65     0  00:00        0.27
  2172042903           OUTFALL      0.14     0.20    28.02     0  00:01        0.20
  2172043601           OUTFALL      0.21     0.30    28.16     0  00:00        0.31
  2172044406           OUTFALL      0.26     0.37    28.52     0  00:02        0.37
  2172052104           OUTFALL      0.21     0.30    26.80     0  00:00        0.30
  2172054508           OUTFALL      0.23     0.33    26.70     0  00:03        0.32
  2172054511           OUTFALL      0.24     0.35    26.36     0  00:03        0.34
  2172055003           OUTFALL      0.19     0.27    28.28     0  00:01        0.27
  2172055602           OUTFALL      0.10     0.14    27.65     0  00:01        0.14
  2172056304           OUTFALL      0.19     0.29    28.23     0  00:01        0.28
  2172056701           OUTFALL      0.25     0.36    28.66     0  00:01        0.35
  2172057103           OUTFALL      0.14     0.20    28.72     0  00:01        0.20
  2172057401           OUTFALL      0.26     0.37    27.48     0  00:05        0.37
  2172057601_          OUTFALL      0.19     0.27    28.56     0  00:00        0.27
  2172059602           OUTFALL      0.14     0.20    29.12     0  00:00        0.20
  2173030102           OUTFALL      0.09     0.13    27.33     0  00:00        0.12
  2173032501           OUTFALL      0.11     0.15    28.12     0  00:17        0.15
  2173036601           OUTFALL      0.29     0.42    31.19     0  00:01        0.42
  2173037501           OUTFALL      0.31     0.45    29.01     0  00:01        0.44
  2173041203           OUTFALL      0.23     0.32    27.21     0  01:34        0.32
  2173042201           OUTFALL      0.18     0.25    27.80     0  00:06        0.25
  2173042202           OUTFALL      0.12     0.17    27.67     0  00:02        0.17
  2173042402           OUTFALL      0.34     0.48    26.88     0  01:41        0.48
  2173042404           OUTFALL      0.26     0.37    27.24     0  00:19        0.37
  2173042407           OUTFALL      0.26     0.37    27.37     0  00:13        0.37
  2173043001           OUTFALL      0.14     0.20    28.05     0  00:03        0.20
  2173043202           OUTFALL      0.19     0.27    27.70     0  00:27        0.27
  2173043502           OUTFALL      0.23     0.33    27.46     0  00:10        0.33
  2173043505           OUTFALL      0.29     0.41    27.68     0  00:42        0.41
  2173045601           OUTFALL      0.20     0.28    27.58     0  00:02        0.28
  2173046003           OUTFALL      0.27     0.39    28.39     0  00:03        0.38
  2173046102           OUTFALL      0.40     0.56    28.13     0  00:07        0.56
  2173046202           OUTFALL      0.20     0.28    28.02     0  00:10        0.28
  2173046704           OUTFALL      0.14     0.20    27.50     0  00:01        0.20
  2173047202           OUTFALL      0.36     0.52    28.15     0  00:58        0.52
  2173047204           OUTFALL      0.06     0.09    27.89     0  00:00        0.09
  2173048301           OUTFALL      0.33     0.48    28.47     0  00:02        0.47
  2173049504           OUTFALL      0.20     0.29    29.83     0  00:01        0.28
  2173050602           OUTFALL      0.29     0.42    28.84     0  00:03        0.42
  2173052603           OUTFALL      0.33     0.47    27.98     0  00:03        0.46
  2173054701           OUTFALL      0.28     0.40    26.18     0  00:09        0.40
  2173054702           OUTFALL      0.31     0.44    26.66     0  00:08        0.44
  2173055701           OUTFALL      0.31     0.43    26.01     0  01:42        0.43
  2173057003           OUTFALL      0.40     0.57    26.75     0  00:08        0.57
  2173057105           OUTFALL      0.20     0.29    27.88     0  00:02        0.28
  2173058004           OUTFALL      0.14     0.19    27.67     0  00:04        0.19
  2173058104           OUTFALL      0.23     0.33    28.19     0  00:01        0.33
  2173058202           OUTFALL      0.20     0.28    27.98     0  00:03        0.28
  2173058302           OUTFALL      0.20     0.28    28.10     0  00:08        0.28
  2173058304           OUTFALL      0.39     0.53    28.03     0  00:02        0.53
  2173059101           OUTFALL      0.16     0.23    28.30     0  00:01        0.23
  2174030104           OUTFALL      0.09     0.14    27.34     0  00:00        0.14
  2174031409           OUTFALL      0.16     0.23    27.16     0  00:25        0.23
  2174032603           OUTFALL      0.18     0.25    28.05     0  00:02        0.25
  2174034201           OUTFALL      0.26     0.38    25.85     0  00:06        0.37
  2174034202           OUTFALL      0.22     0.30    25.70     0  00:14        0.30
  2174034203           OUTFALL      0.20     0.28    25.69     0  00:15        0.28
  2174034301           OUTFALL      0.12     0.17    25.65     0  00:03        0.17
  2174040003           OUTFALL      0.30     0.42    30.66     0  00:28        0.42
  2174040903           OUTFALL      0.26     0.40    28.95     0  00:03        0.37
  2174043204           OUTFALL      0.07     0.12    30.42     0  00:00        0.10
  2174050201           OUTFALL      0.29     0.42    28.91     0  00:02        0.41
  2174050302           OUTFALL      0.14     0.20    28.48     0  00:01        0.20
  2174050402           OUTFALL      0.23     0.35    28.04     0  00:02        0.33
  2174050403           OUTFALL      0.20     0.29    27.88     0  00:02        0.28
  2174050701           OUTFALL      0.51     0.71    27.18     0  00:02        0.70
  2174052502           OUTFALL      0.23     0.33    28.02     0  00:06        0.33
  2174052703           OUTFALL      0.16     0.23    27.97     0  00:01        0.23
  2174053208           OUTFALL      0.13     0.20    29.49     0  00:01        0.19
  2174054001           OUTFALL      0.29     0.41    30.13     0  01:04        0.41
  2174054301           OUTFALL      0.20     0.30    28.74     0  00:01        0.28
  2171049803_OUT       OUTFALL      0.14     0.21    27.38     0  00:02        0.20
  2172038505_OUT       OUTFALL      0.23     0.32    26.42     0  01:51        0.32
  2172038509_OUT       OUTFALL      0.31     0.46    26.70     0  01:03        0.45
  2172039202_OUT       OUTFALL      0.18     0.26    27.26     0  00:02        0.26
  2172039304_OUT       OUTFALL      0.19     0.30    27.57     0  00:31        0.29
  2172043605_OUT       OUTFALL      0.24     0.35    28.02     0  01:01        0.35
  2172043606_OUT       OUTFALL      0.15     0.21    27.86     0  00:01        0.21
  2172043905_OUT       OUTFALL      0.31     0.45    26.69     0  00:03        0.45
  2172044706_OUT       OUTFALL      0.29     0.41    27.16     0  00:50        0.41
  2172045701_OUT       OUTFALL      0.17     0.25    27.78     0  00:34        0.25
  2172052105_OUT       OUTFALL      0.23     0.33    26.33     0  00:07        0.33
  2172056405_OUT       OUTFALL      0.19     0.28    27.18     0  00:01        0.27
  2172057101_OUT       OUTFALL      0.15     0.21    28.94     0  00:00        0.21
  2172057309_OUT       OUTFALL      0.27     0.39    27.64     0  00:02        0.39
  2172059301_OUT       OUTFALL      0.17     0.25    28.42     0  00:02        0.25
  2173031302_OUT       OUTFALL      0.30     0.44    27.60     0  00:02        0.42
  2173031402_OUT       OUTFALL      0.17     0.26    28.06     0  00:11        0.25
  2173033601_OUT       OUTFALL      0.19     0.29    28.82     0  00:02        0.28
  2173035301_OUT       OUTFALL      0.18     0.26    33.96     0  00:02        0.26
  2173047701_OUT       OUTFALL      0.27     0.39    27.83     0  00:41        0.39
  2173048204_OUT       OUTFALL      0.48     0.67    29.08     0  00:47        0.67
  2173059104_OUT       OUTFALL      0.25     0.36    28.47     0  00:03        0.35
  2174041502_OUT       OUTFALL      0.21     0.31    30.36     0  00:02        0.30
  2174041801_OUT       OUTFALL      0.23     0.33    29.47     0  00:06        0.33
  2174042901_OUT       OUTFALL      0.35     0.52    30.46     0  00:07        0.51
  2174052402_OUT       OUTFALL      0.28     0.40    28.38     0  01:18        0.40
  2174053507_OUT       OUTFALL      0.28     0.41    27.85     0  00:06        0.41
  
  
  *******************
  Node Inflow Summary
  *******************
  
  -------------------------------------------------------------------------------------------------
                                  Maximum  Maximum                  Lateral       Total        Flow
                                  Lateral    Total  Time of Max      Inflow      Inflow     Balance
                                   Inflow   Inflow   Occurrence      Volume      Volume       Error
  Node                 Type           CMS      CMS  days hr:min    10^6 ltr    10^6 ltr     Percent
  -------------------------------------------------------------------------------------------------
  2171039212           JUNCTION     0.064    0.135     0  00:00       0.453       0.905       0.004
  2171039213           JUNCTION     0.064    0.642     0  00:09       0.453        4.53      -0.000
  2171039214           JUNCTION     0.064    3.040     0  00:43       0.453        16.5       0.162
  2171039215           JUNCTION     0.064    0.064     0  00:00       0.453       0.453      -0.001
  2171039216           JUNCTION     0.064    0.064     0  00:00       0.453       0.453      -0.001
  2171039217           JUNCTION     0.064    0.578     0  00:07       0.453        4.07       0.003
  2171039218           JUNCTION     0.064    0.150     0  00:00       0.453       0.905       0.003
  2171039301           JUNCTION     0.064    4.154     0  01:00       0.453        22.4       0.032
  2171049801           JUNCTION     0.064    0.064     0  00:00       0.453       0.453       0.020
  2171049802           JUNCTION     0.064    0.129     0  00:00       0.453       0.905      -0.002
  2171049803           JUNCTION     0.064    0.328     0  00:01       0.453        2.26      -0.000
  2171049804           JUNCTION     0.064    0.064     0  00:00       0.453       0.453       0.001
  2172030101           JUNCTION     0.064    0.193     0  00:06       0.453        1.36       0.015
  2172030103           JUNCTION     0.064    0.260     0  00:06       0.453        1.81      -0.002
  2172030104           JUNCTION     0.064    0.138     0  00:00       0.453       0.905      -0.009
  2172030105           JUNCTION     0.064    0.199     0  00:04       0.453        1.36       0.003
  2172030106           JUNCTION     0.064    0.064     0  00:00       0.453       0.453      -0.014
  2172030107           JUNCTION     0.064    0.137     0  00:04       0.453       0.905       0.010
  2172030109           JUNCTION     0.064    0.064     0  00:00       0.453       0.453      -0.013
  2172030201           JUNCTION     0.064    0.324     0  00:07       0.453        2.26       0.005
  2172030301           JUNCTION     0.064    3.399     0  01:03       0.453          19       0.038
  2172030302           JUNCTION     0.064    2.548     0  00:40       0.453        14.9      -0.084
  2172030303           JUNCTION     0.064    3.301     0  00:44       0.453        18.5       0.035
  2172030304           JUNCTION     0.064    2.446     0  00:40       0.453        14.4       0.013
  2172030305           JUNCTION     0.064    3.367     0  01:51       0.453        18.1       0.034
  2172030306           JUNCTION     0.064    2.425     0  00:40       0.453          14       0.020
  2172030402           JUNCTION     0.064    3.289     0  01:51       0.453        17.6       0.039
  2172030403           JUNCTION     0.064    2.445     0  00:40       0.453        13.5       0.015
  2172030505           JUNCTION     0.064    0.321     0  00:11       0.453        2.26       0.003
  2172030506           JUNCTION     0.064    0.257     0  00:07       0.453        1.81       0.001
  2172030601           JUNCTION     0.064    0.193     0  00:06       0.453        1.36       0.004
  2172030903           JUNCTION     0.064    0.064     0  00:00       0.453       0.453       0.001
  2172031301           JUNCTION     0.064    0.367     0  00:01       0.453        2.26       0.002
  2172031302           JUNCTION     0.064    0.292     0  00:01       0.453        1.81       0.004
  2172031401           JUNCTION     0.064    3.683     0  01:55       0.453        17.7       0.020
  2172031402           JUNCTION     0.064    3.096     0  01:54       0.453        14.7       0.013
  2172031403           JUNCTION     0.064    3.038     0  01:06       0.453        15.7       0.043
  2172031404           JUNCTION     0.064    2.326     0  01:03       0.453        13.7       0.029
  2172031405           JUNCTION     0.064    0.674     0  00:01       0.453        4.07      -0.001
  2172031406           JUNCTION     0.064    0.604     0  00:01       0.453        3.62       0.000
  2172031407           JUNCTION     0.064    1.675     0  01:40       0.453        9.23       0.033
  2172031408           JUNCTION     0.064    0.522     0  00:01       0.453        3.17       0.001
  2172031409           JUNCTION     0.064    0.451     0  00:01       0.453        2.72       0.001
  2172031503           JUNCTION     0.064    3.099     0  00:28       0.453        15.2       0.055
  2172031505           JUNCTION     0.064    2.851     0  01:19       0.453        14.8       0.060
  2172031506           JUNCTION     0.064    1.570     0  01:45       0.453        8.76       0.023
  2172031601           JUNCTION     0.064    0.064     0  00:00       0.453       0.453      -0.012
  2172031602           JUNCTION     0.064    0.132     0  00:03       0.453       0.905       0.009
  2172031604           JUNCTION     0.064    0.064     0  00:00       0.453       0.453      -0.013
  2172031605           JUNCTION     0.064    0.139     0  00:00       0.453       0.905       0.009
  2172031801           JUNCTION     0.064    0.216     0  00:00       0.453        1.36      -0.004
  2172031802           JUNCTION     0.064    0.294     0  00:00       0.453        1.81       0.007
  2172031901           JUNCTION     0.064    0.064     0  00:00       0.453       0.453      -0.006
  2172031902           JUNCTION     0.064    0.142     0  00:00       0.453       0.905       0.004
  2172032301           JUNCTION     0.064    0.211     0  00:00       0.453        1.36       0.003
  2172032302           JUNCTION     0.064    0.141     0  00:00       0.453       0.905       0.006
  2172032303           JUNCTION     0.064    0.064     0  00:00       0.453       0.453      -0.007
  2172032501           JUNCTION     0.064    2.696     0  00:24       0.453        14.3       0.006
  2172032502           JUNCTION     0.064    1.526     0  01:57       0.453         8.3       0.018
  2172032503           JUNCTION     0.064    2.612     0  00:43       0.453        13.9       0.002
  2172032504           JUNCTION     0.064    1.479     0  01:56       0.453        7.85       0.013
  2172032601           JUNCTION     0.064    2.432     0  00:43       0.453        13.4       0.002
  2172032602           JUNCTION     0.064    1.315     0  01:56       0.453         7.4       0.010
  2172032603           JUNCTION     0.064    2.314     0  01:20       0.453          13       0.002
  2172032604           JUNCTION     0.064    1.350     0  01:56       0.453        6.95       0.014
  2172032605           JUNCTION     0.064    2.271     0  00:19       0.453        12.5       0.001
  2172032606           JUNCTION     0.064    1.298     0  01:56       0.453        6.49       0.007
  2172032701           JUNCTION     0.064    0.199     0  00:01       0.453        1.36       0.003
  2172032702           JUNCTION     0.064    0.265     0  00:01       0.453        1.81       0.004
  2172032703           JUNCTION     0.064    0.139     0  00:00       0.453       0.905       0.025
  2172032704           JUNCTION     0.064    0.331     0  00:01       0.453        2.26      -0.000
  2172032705           JUNCTION     0.064    0.792     0  00:01       0.453        5.43       0.000
  2172032706           JUNCTION     0.064    0.269     0  00:01       0.453        1.81      -0.001
  2172032707           JUNCTION     0.064    0.862     0  00:02       0.453        5.88       0.001
  2172032708           JUNCTION     0.064    0.198     0  00:01       0.453        1.36       0.005
  2172032709           JUNCTION     0.064    0.942     0  00:01       0.453        6.34       0.001
  2172032710           JUNCTION     0.064    0.138     0  00:00       0.453       0.905       0.013
  2172032803           JUNCTION     0.064    0.064     0  00:00       0.453       0.453      -0.019
  2172033601           JUNCTION     0.064    2.301     0  00:42       0.453        12.1       0.001
  2172033602           JUNCTION     0.064    1.246     0  01:56       0.453        6.04       0.007
  2172033603           JUNCTION     0.064    2.274     0  01:21       0.453        11.7       0.001
  2172033604           JUNCTION     0.064    1.719     0  01:51       0.453        7.29       0.019
  2172033701           JUNCTION     0.064    1.004     0  00:02       0.453        6.79      -0.001
  2172033702           JUNCTION     0.064    0.730     0  01:10       0.453        2.73       0.008
  2172033703           JUNCTION     0.064    1.066     0  00:26       0.453        6.78       0.039
  2172033704           JUNCTION     0.064    0.497     0  00:41       0.453        2.27       0.005
  2172033705           JUNCTION     0.064    0.995     0  01:54       0.453        6.33       0.017
  2172033801           JUNCTION     0.064    0.064     0  00:00       0.453       0.453      -0.014
  2172034701           JUNCTION     0.064    0.415     0  01:03       0.453        1.81       0.017
  2172034702           JUNCTION     0.064    0.957     0  01:54       0.453        5.88       0.012
  2172034801           JUNCTION     0.064    0.414     0  01:03       0.453        1.36       0.006
  2172034802           JUNCTION     0.064    0.885     0  01:54       0.453        5.43      -0.007
  2172034803           JUNCTION     0.064    0.265     0  01:03       0.453        0.91       0.005
  2172034804           JUNCTION     0.064    0.196     0  01:54       0.453       0.905       0.054
  2172034805           JUNCTION     0.064    0.130     0  01:03       0.453       0.455      -0.003
  2172034806           JUNCTION     0.064    0.068     0  01:53       0.453       0.453      -0.002
  2172035701           JUNCTION     0.064    0.578     0  00:51       0.453        4.07       0.105
  2172035901           JUNCTION     0.064    2.145     0  01:15       0.453        15.2       0.029
  2172035902           JUNCTION     0.064    1.581     0  01:15       0.453          11       0.026
  2172035903           JUNCTION     0.064    2.081     0  01:14       0.453        14.8       0.008
  2172035904           JUNCTION     0.064    1.517     0  01:14       0.453        10.5       0.011
  2172035905           JUNCTION     0.064    2.017     0  00:38       0.453        14.3       0.009
  2172035906           JUNCTION     0.064    1.453     0  00:35       0.453        10.1       0.008
  2172036601           JUNCTION     0.064    0.514     0  00:24       0.453        3.62       0.011
  2172036602           JUNCTION     0.064    0.449     0  00:18       0.453        3.17       0.007
  2172036603           JUNCTION     0.064    0.385     0  00:23       0.453        2.72       0.002
  2172037001           JUNCTION     0.064    0.064     0  00:00       0.453       0.453      -0.149
  2172037202           JUNCTION     0.064    0.128     0  01:44       0.453       0.906       0.082
  2172037204           JUNCTION     0.064    0.193     0  01:46       0.453        1.36       0.026
  2172037501           JUNCTION     0.064    0.321     0  00:17       0.453        2.26       0.002
  2172037502           JUNCTION     0.064    0.257     0  00:12       0.453        1.81       0.001
  2172037503           JUNCTION     0.064    0.193     0  00:11       0.453        1.36      -0.000
  2172037701           JUNCTION     0.064    0.064     0  00:00       0.453       0.453      -0.013
  2172038101           JUNCTION     0.064    1.605     0  01:37       0.453        11.1       0.002
  2172038102           JUNCTION     0.064    1.539     0  01:37       0.453        10.7       0.002
  2172038103           JUNCTION     0.064    1.473     0  01:37       0.453        10.2       0.003
  2172038104           JUNCTION     0.064    0.064     0  00:00       0.453       0.453      -0.027
  2172038201           JUNCTION     0.064    1.697     0  01:36       0.453        11.6      -0.015
  2172038202           JUNCTION     0.064    1.499     0  01:35       0.453        10.2       0.005
  2172038203           JUNCTION     0.064    0.138     0  00:00       0.453       0.905       0.242
  2172038302           JUNCTION     0.064    0.257     0  01:49       0.453        1.81      -0.000
  2172038303           JUNCTION     0.064    0.321     0  01:50       0.453        2.26       0.000
  2172038306           JUNCTION     0.064    1.430     0  01:35       0.453        9.79       0.002
  2172038308           JUNCTION     0.064    1.371     0  01:35       0.453        9.34       0.003
  2172038403           JUNCTION     0.064    0.385     0  01:50       0.453        2.72       0.001
  2172038404           JUNCTION     0.064    0.449     0  01:50       0.453        3.17       0.002
  2172038406           JUNCTION     0.064    0.514     0  01:51       0.453        3.62       0.002
  2172038407           JUNCTION     0.064    0.578     0  01:54       0.453        4.07       0.008
  2172038501           JUNCTION     0.064    0.129     0  00:06       0.453       0.905      -0.002
  2172038502           JUNCTION     0.064    0.064     0  00:00       0.453       0.453      -0.003
  2172038503           JUNCTION     0.064    0.193     0  00:19       0.453        1.36      -0.003
  2172038505           JUNCTION     0.064    0.835     0  01:50       0.453        5.88      -0.001
  2172038506           JUNCTION     0.064    0.128     0  00:10       0.453       0.905       0.037
  2172038509           JUNCTION     0.064    1.614     0  01:14       0.453        10.1       0.184
  2172038512           JUNCTION     0.064    1.249     0  01:22       0.453        8.75      -0.107
  2172038513           JUNCTION     0.064    1.170     0  00:49       0.453        8.29      -0.027
  2172038514           JUNCTION     0.064    0.128     0  00:39       0.453       0.905       0.030
  2172038602           JUNCTION     0.064    0.064     0  00:00       0.453       0.453      -0.048
  2172038701           JUNCTION     0.064    0.137     0  00:00       0.453       0.905       0.007
  2172038702           JUNCTION     0.064    0.195     0  00:02       0.453        1.36       0.006
  2172038703           JUNCTION     0.064    0.257     0  00:04       0.453        1.81       0.004
  2172038704           JUNCTION     0.064    0.321     0  00:04       0.453        2.26       0.000
  2172039101           JUNCTION     0.064    0.195     0  00:01       0.453        1.36      -0.000
  2172039102           JUNCTION     0.064    0.133     0  00:00       0.453       0.905       0.019
  2172039104           JUNCTION     0.064    0.064     0  00:00       0.453       0.453      -0.025
  2172039202           JUNCTION     0.064    0.584     0  00:02       0.453        4.13       0.002
  2172039203           JUNCTION     0.064    0.142     0  00:00       0.453       0.905      -0.001
  2172039204           JUNCTION     0.064    0.327     0  00:19       0.453        2.31      -0.003
  2172039205           JUNCTION     0.064    0.064     0  00:00       0.453       0.453      -0.001
  2172039206           JUNCTION     0.064    0.263     0  00:19       0.453        1.86      -0.004
  2172039302           JUNCTION     0.064    1.309     0  01:34       0.453        8.89       0.003
  2172039303           JUNCTION     0.064    0.208     0  00:00       0.453        1.36      -0.000
  2172039304           JUNCTION     0.064    0.724     0  00:48       0.453        4.53      -0.044
  2172039305           JUNCTION     0.064    1.263     0  01:10       0.453        8.44       0.002
  2172039306           JUNCTION     0.064    0.274     0  00:00       0.453        1.81       0.001
  2172039307           JUNCTION     0.064    0.344     0  00:16       0.453        2.26      -0.073
  2172039308           JUNCTION     0.064    0.280     0  01:35       0.453        1.81       0.039
  2172039309           JUNCTION     0.064    0.215     0  01:05       0.453        1.36       0.014
  2172039310           JUNCTION     0.064    0.144     0  00:32       0.453       0.905      -0.002
  2172039311           JUNCTION     0.064    0.064     0  00:00       0.453       0.453      -0.001
  2172039401           JUNCTION     0.064    0.064     0  00:00       0.453       0.453      -0.021
  2172039402           JUNCTION     0.064    0.152     0  00:05       0.453       0.905       0.013
  2172039403           JUNCTION     0.064    0.217     0  00:05       0.453        1.36       0.012
  2172039404           JUNCTION     0.064    0.280     0  00:05       0.453        1.81       0.005
  2172039405           JUNCTION     0.064    1.322     0  00:49       0.453        7.98      -0.000
  2172039407           JUNCTION     0.064    1.098     0  00:48       0.453        7.53       0.000
  2172039501           JUNCTION     0.064    1.103     0  00:49       0.453        7.84       0.008
  2172039502           JUNCTION     0.064    1.039     0  00:49       0.453        7.39       0.002
  2172039503           JUNCTION     0.064    0.975     0  00:49       0.453        6.94       0.001
  2172039504           JUNCTION     0.064    0.064     0  00:00       0.453       0.453      -0.040
  2172039506           JUNCTION     0.064    0.912     0  00:49       0.453        6.48       0.001
  2172039507           JUNCTION     0.064    0.344     0  00:05       0.453        2.26       0.005
  2172039508           JUNCTION     0.064    1.110     0  00:05       0.453        7.69       0.004
  2172039703           JUNCTION     0.064    0.714     0  00:08       0.453        4.98       0.000
  2172039704           JUNCTION     0.064    0.647     0  00:08       0.453        4.53       0.001
  2172039705           JUNCTION     0.064    0.582     0  00:09       0.453        4.07       0.002
  2172039706           JUNCTION     0.064    0.521     0  00:11       0.453        3.62       0.004
  2172040701           JUNCTION     0.064    0.135     0  00:00       0.453       0.905       0.027
  2172040702           JUNCTION     0.064    0.064     0  00:00       0.453       0.453      -0.028
  2172040802           JUNCTION     0.064    0.064     0  00:00       0.453       0.453       0.003
  2172041709           JUNCTION     0.064    0.064     0  00:00       0.453       0.453       0.003
  2172041802           JUNCTION     0.064    0.324     0  00:02       0.453        2.26      -0.001
  2172041902           JUNCTION     0.064    0.258     0  00:02       0.453        1.81       0.005
  2172041903           JUNCTION     0.064    0.067     0  00:02       0.453       0.453      -0.030
  2172041905           JUNCTION     0.064    0.129     0  00:02       0.453       0.905      -0.015
  2172041907           JUNCTION     0.064    0.132     0  00:00       0.453       0.905      -0.003
  2172042301_          JUNCTION     0.064    0.216     0  00:02       0.453       0.963      -0.059
  2172042302_          JUNCTION     0.064    0.064     0  00:00       0.453       0.453      -0.078
  2172042401_          JUNCTION     0.064    0.250     0  00:01       0.453       0.546       0.026
  2172042402           JUNCTION     0.064    0.211     0  00:01       0.453       0.489      -0.178
  2172042403           JUNCTION     0.064    0.162     0  00:01       0.453       0.866       0.084
  2172042604           JUNCTION     0.064    0.215     0  00:00       0.453        1.36       0.003
  2172042605           JUNCTION     0.064    0.143     0  00:00       0.453       0.905       0.004
  2172042701           JUNCTION     0.064    0.064     0  00:00       0.453       0.453      -0.004
  2172042702           JUNCTION     0.064    0.112     0  00:01       0.453       0.453      -0.039
  2172042802           JUNCTION     0.064    0.064     0  00:00       0.453       0.453       0.025
  2172042901           JUNCTION     0.064    0.064     0  00:00       0.453       0.453       0.005
  2172042902           JUNCTION     0.064    0.064     0  00:00       0.453       0.453       0.007
  2172043301           JUNCTION     0.064    0.064     0  00:00       0.453       0.453      -0.021
  2172043401           JUNCTION     0.064    0.136     0  00:00       0.453       0.905       0.016
  2172043401_          JUNCTION     0.064    0.186     0  01:57       0.453       0.988       0.009
  2172043501           JUNCTION     0.064    0.223     0  01:57       0.453        1.44      -0.000
  2172043502           JUNCTION     0.064    0.131     0  00:07       0.453       0.906       0.064
  2172043503           JUNCTION     0.064    0.268     0  01:55       0.453        1.86       0.009
  2172043504           JUNCTION     0.064    0.329     0  01:45       0.453        2.31       0.022
  2172043505           JUNCTION     0.064    0.393     0  01:45       0.453        2.76       0.029
  2172043506           JUNCTION     0.064    0.457     0  01:45       0.453        3.21       0.036
  2172043507           JUNCTION     0.064    0.196     0  00:07       0.453        1.36       0.019
  2172043508           JUNCTION     0.064    0.521     0  01:45       0.453        3.66       0.017
  2172043602           JUNCTION     0.064    0.193     0  00:00       0.453        1.36      -0.002
  2172043603           JUNCTION     0.064    0.138     0  00:00       0.453       0.905       0.001
  2172043604           JUNCTION     0.064    0.594     0  01:02       0.453        4.11      -0.100
  2172043605           JUNCTION     0.064    0.972     0  01:07       0.453        6.36      -0.004
  2172043606           JUNCTION     0.064    0.363     0  00:01       0.453        2.53      -0.000
  2172043607           JUNCTION     0.064    0.258     0  00:08       0.453        1.81       0.002
  2172043701           JUNCTION     0.064    0.130     0  00:01       0.453       0.906       0.009
  2172043702           JUNCTION     0.064    0.195     0  00:01       0.453        1.36      -0.009
  2172043703           JUNCTION     0.064    0.456     0  00:01       0.453        3.17       0.007
  2172043704           JUNCTION     0.064    0.139     0  00:00       0.453       0.905      -0.002
  2172043705           JUNCTION     0.064    0.065     0  00:01       0.453       0.453      -0.018
  2172043706           JUNCTION     0.064    0.064     0  00:00       0.453       0.453      -0.001
  2172043801           JUNCTION     0.064    0.064     0  00:00       0.453       0.453       0.049
  2172043802           JUNCTION     0.064    0.520     0  00:03       0.453        3.62       0.000
  2172043803           JUNCTION     0.064    0.586     0  00:02       0.453        4.07       0.002
  2172043804           JUNCTION     0.064    0.650     0  00:03       0.453        4.53       0.003
  2172043904           JUNCTION     0.064    0.064     0  00:00       0.453       0.453      -0.001
  2172043905           JUNCTION     0.064    1.547     0  00:03       0.453        10.9       0.000
  2172043906           JUNCTION     0.064    0.843     0  00:03       0.453        5.88      -0.000
  2172043907           JUNCTION     0.064    0.714     0  00:03       0.453        4.98      -0.003
  2172044002           JUNCTION     0.064    0.136     0  00:00       0.453       0.905      -0.001
  2172044103           JUNCTION     0.064    0.064     0  00:00       0.453       0.453      -0.002
  2172044401           JUNCTION     0.064    0.193     0  00:01       0.453        1.36       0.003
  2172044402           JUNCTION     0.064    0.257     0  00:03       0.453        1.81       0.002
  2172044403           JUNCTION     0.064    0.321     0  00:04       0.453        2.26       0.001
  2172044601           JUNCTION     0.064    0.207     0  00:00       0.453        1.17      -0.007
  2172044602           JUNCTION     0.064    0.143     0  00:00       0.453       0.732      -0.004
  2172044603           JUNCTION     0.064    0.132     0  00:01       0.453       0.905      -0.000
  2172044604           JUNCTION     0.064    0.064     0  00:00       0.453       0.453      -0.021
  2172044605           JUNCTION     0.064    0.134     0  00:00       0.453       0.782      -0.008
  2172044606           JUNCTION     0.064    0.064     0  00:00       0.453       0.453      -0.001
  2172044607           JUNCTION     0.064    0.064     0  00:00       0.453       0.453       0.011
  2172044701           JUNCTION     0.064    0.123     0  00:01       0.453       0.658      -0.021
  2172044702           JUNCTION     0.064    0.144     0  00:00       0.453       0.464       0.001
  2172044703           JUNCTION     0.064    0.064     0  00:00       0.453       0.453       0.025
  2172044704           JUNCTION     0.064    0.208     0  00:00       0.453        1.16      -0.011
  2172044705           JUNCTION     0.064    0.227     0  00:15       0.453        1.62      -0.005
  2172044706           JUNCTION     0.064    1.262     0  00:50       0.453        8.93      -0.002
  2172044707           JUNCTION     0.064    0.128     0  00:28       0.453       0.905       0.019
  2172044902           JUNCTION     0.064    0.134     0  00:00       0.453       0.905       0.001
  2172044903           JUNCTION     0.064    0.064     0  00:00       0.453       0.453       0.001
  2172044905           JUNCTION     0.064    0.514     0  00:05       0.453        3.62       0.001
  2172044909           JUNCTION     0.064    0.450     0  00:04       0.453        3.17       0.000
  2172044910           JUNCTION     0.064    0.321     0  00:03       0.453        2.26       0.007
  2172045001           JUNCTION     0.064    0.197     0  00:01       0.453        1.36      -0.001
  2172045002           JUNCTION     0.064    0.261     0  00:02       0.453        1.81      -0.000
  2172045003           JUNCTION     0.064    0.330     0  00:02       0.453        2.26      -0.000
  2172045701           JUNCTION     0.064    0.516     0  00:34       0.453        3.62      -0.001
  2172045702           JUNCTION     0.064    0.971     0  00:41       0.453        6.86      -0.000
  2172045704           JUNCTION     0.064    0.323     0  00:34       0.453        2.27       0.008
  2172045801           JUNCTION     0.064    0.064     0  00:00       0.453       0.453       0.013
  2172045802           JUNCTION     0.064    0.064     0  00:00       0.453       0.453       0.040
  2172045803           JUNCTION     0.064    0.907     0  00:10       0.453        6.41      -0.003
  2172045804           JUNCTION     0.064    0.779     0  00:50       0.453        5.51       0.001
  2172045805           JUNCTION     0.064    0.769     0  00:01       0.453        5.05       0.000
  2172045806           JUNCTION     0.064    0.259     0  00:33       0.453        1.81       0.000
  2172045807           JUNCTION     0.064    0.340     0  00:01       0.453        2.15       0.027
  2172045808           JUNCTION     0.064    0.358     0  00:00       0.453        2.45       0.000
  2172045809           JUNCTION     0.064    0.193     0  00:00       0.453        1.25      -0.003
  2172045810           JUNCTION     0.064    0.283     0  00:20       0.453           2      -0.000
  2172045902           JUNCTION     0.064    0.257     0  00:02       0.453        1.81      -0.024
  2172045904           JUNCTION     0.064    0.193     0  00:02       0.453        1.36      -0.000
  2172045905           JUNCTION     0.064    0.139     0  00:00       0.453       0.905       0.009
  2172046001           JUNCTION     0.064    0.396     0  00:02       0.453        2.72       0.054
  2172046002           JUNCTION     0.064    2.250     0  01:16       0.453        15.9       0.003
  2172046003           JUNCTION     0.064    1.395     0  00:26       0.453        9.67       0.018
  2172046004           JUNCTION     0.064    1.801     0  01:13       0.453        12.8       0.025
  2172046005           JUNCTION     0.064    1.027     0  01:15       0.453        7.16       0.042
  2172046801_          JUNCTION     0.064    0.257     0  00:48       0.453        1.81      -0.039
  2172046802_          JUNCTION     0.064    0.219     0  00:20       0.453        1.55      -0.001
  2172046803_          JUNCTION     0.064    0.156     0  01:55       0.453        1.09       0.002
  2172046804           JUNCTION     0.064    0.193     0  00:53       0.453        1.36       0.002
  2172046805           JUNCTION     0.064    0.135     0  00:00       0.453       0.808       0.001
  2172046806           JUNCTION     0.064    0.070     0  00:00       0.453       0.453      -0.009
  2172046901           JUNCTION     0.064    0.129     0  00:00       0.453       0.905      -0.000
  2172046902           JUNCTION     0.064    0.064     0  00:00       0.453       0.453      -0.005
  2172046903           JUNCTION     0.064    0.064     0  00:00       0.453       0.453      -0.002
  2172046904           JUNCTION     0.064    0.128     0  00:21       0.453       0.905      -0.004
  2172046905           JUNCTION     0.064    0.064     0  00:00       0.453       0.453      -0.003
  2172047001           JUNCTION     0.064    0.963     0  01:13       0.453        6.71       0.007
  2172047101           JUNCTION     0.064    1.737     0  00:33       0.453        12.3       0.012
  2172047102           JUNCTION     0.064    1.674     0  00:33       0.453        11.9       0.009
  2172047103           JUNCTION     0.064    0.899     0  00:36       0.453        6.25       0.009
  2172047104           JUNCTION     0.064    2.445     0  00:32       0.453        17.2       0.004
  2172047202           JUNCTION     0.064    0.064     0  00:00       0.453       0.453      -0.003
  2172047204           JUNCTION     0.064    0.133     0  00:00       0.453       0.905      -0.002
  2172047403           JUNCTION     0.064    0.174     0  00:06       0.453       0.456      -0.002
  2172048101           JUNCTION     0.064    0.897     0  00:03       0.453        5.89       0.005
  2172048201           JUNCTION     0.064    0.200     0  00:21       0.453        1.36       0.163
  2172048202           JUNCTION     0.064    2.390     0  00:34       0.453        16.7      -0.006
  2172048203           JUNCTION     0.064    1.305     0  01:14       0.453        9.06       0.011
  2172048304           JUNCTION     0.064    0.064     0  00:00       0.453       0.453       0.054
  2172048305           JUNCTION     0.064    0.659     0  00:09       0.453         4.1      -0.012
  2172048306           JUNCTION     0.064    1.297     0  00:30       0.453         8.6       0.007
  2172048307           JUNCTION     0.064    1.084     0  01:11       0.453        4.54       0.002
  2172048401           JUNCTION     0.064    0.212     0  00:07       0.453       0.913       0.000
  2172048403           JUNCTION     0.064    0.292     0  00:08       0.453        1.37       0.013
  2172048405           JUNCTION     0.064    0.335     0  00:01       0.453        2.26       0.016
  2172048407           JUNCTION     0.064    0.064     0  00:00       0.453       0.453       0.044
  2172048408           JUNCTION     0.064    0.264     0  00:01       0.453        1.81       0.008
  2172049003           JUNCTION     0.064    0.880     0  00:02       0.453        5.43      -0.045
  2172049301           JUNCTION     0.064    1.183     0  01:15       0.453         7.7      -0.002
  2172049302           JUNCTION     0.064    0.861     0  01:12       0.453        4.98      -0.068
  2172049303           JUNCTION     0.064    1.137     0  01:10       0.453        7.26      -0.006
  2172049304           JUNCTION     0.064    0.357     0  00:11       0.453        1.84       0.002
  2172049401           JUNCTION     0.064    0.137     0  00:00       0.453       0.905      -0.012
  2172049402           JUNCTION     0.064    0.361     0  00:05       0.453        1.38       0.001
  2172049403           JUNCTION     0.064    0.381     0  00:04       0.453       0.925       0.000
  2172049502           JUNCTION     0.064    0.064     0  00:00       0.453       0.453      -0.001
  2172051102           JUNCTION     0.064    0.064     0  00:00       0.453       0.453      -0.005
  2172051103           JUNCTION     0.064    0.136     0  00:00       0.453       0.905       0.001
  2172052101           JUNCTION     0.064    0.193     0  00:00       0.453        1.36      -0.063
  2172052102           JUNCTION     0.064    0.258     0  00:00       0.453        1.81       0.032
  2172052103           JUNCTION     0.064    0.322     0  00:00       0.453        2.26       0.001
  2172052105           JUNCTION     0.064    0.900     0  00:07       0.453        6.34      -0.001
  2172052106           JUNCTION     0.064    0.386     0  00:07       0.453        2.72       0.001
  2172052107           JUNCTION     0.064    0.322     0  00:07       0.453        2.26      -0.004
  2172052108           JUNCTION     0.064    0.464     0  00:01       0.453        3.17       0.001
  2172052109           JUNCTION     0.064    0.275     0  00:00       0.453        1.81       0.009
  2172052110           JUNCTION     0.064    0.399     0  00:01       0.453        2.72       0.001
  2172052111           JUNCTION     0.064    0.205     0  00:00       0.453        1.36      -0.000
  2172052112           JUNCTION     0.064    0.333     0  00:01       0.453        2.26       0.000
  2172052114           JUNCTION     0.064    0.266     0  00:01       0.453        1.81       0.001
  2172052201           JUNCTION     0.064    0.142     0  00:00       0.453       0.905       0.006
  2172052202           JUNCTION     0.064    0.064     0  00:00       0.453       0.453      -0.005
  2172053201           JUNCTION     0.064    0.201     0  00:01       0.453        1.36       0.007
  2172053203           JUNCTION     0.064    0.144     0  00:00       0.453       0.905      -0.002
  2172053204           JUNCTION     0.064    0.064     0  00:00       0.453       0.453      -0.010
  2172053503           JUNCTION     0.064    0.124     0  00:00       0.453       0.718       0.001
  2172053602           JUNCTION     0.064    0.064     0  00:00       0.453       0.453      -0.004
  2172054407           JUNCTION     0.064    0.095     0  00:01       0.453       0.454      -0.027
  2172054409           JUNCTION     0.064    0.064     0  00:00       0.453       0.453      -0.012
  2172054410           JUNCTION     0.064    0.136     0  00:00       0.453       0.905       0.015
  2172054501           JUNCTION     0.064    0.174     0  00:00       0.453        1.17      -0.009
  2172054502           JUNCTION     0.064    0.339     0  00:02       0.453        2.08      -0.016
  2172054503           JUNCTION     0.064    0.201     0  00:01       0.453        1.36      -0.002
  2172054504           JUNCTION     0.064    0.344     0  00:03       0.453        2.38       0.008
  2172054506           JUNCTION     0.064    0.303     0  00:03       0.453        1.96       0.003
  2172055101           JUNCTION     0.064    0.193     0  00:01       0.453        1.36      -0.000
  2172055701_          JUNCTION     0.064    0.064     0  00:00       0.453       0.453      -0.003
  2172056101           JUNCTION     0.064    0.134     0  00:00       0.453       0.905      -0.006
  2172056102           JUNCTION     0.064    0.064     0  00:00       0.453       0.453       0.007
  2172056302           JUNCTION     0.064    0.064     0  00:00       0.453       0.453      -0.004
  2172056305           JUNCTION     0.064    0.136     0  00:00       0.453       0.495       0.000
  2172056306           JUNCTION     0.064    0.195     0  00:00       0.453        1.36      -0.001
  2172056403           JUNCTION     0.064    0.136     0  00:00       0.453       0.905       0.010
  2172056404           JUNCTION     0.064    0.193     0  00:02       0.453        1.36      -0.003
  2172056405           JUNCTION     0.064    0.660     0  00:01       0.453        4.46      -0.000
  2172056406           JUNCTION     0.064    0.076     0  00:00       0.453       0.453      -0.008
  2172056501           JUNCTION     0.064    0.398     0  00:01       0.453        2.65      -0.000
  2172056502           JUNCTION     0.064    0.311     0  01:29       0.453        2.19      -0.000
  2172056503           JUNCTION     0.064    0.247     0  01:42       0.453        1.74      -0.001
  2172056601           JUNCTION     0.064    0.064     0  00:00       0.453       0.453      -0.018
  2172056601_          JUNCTION     0.064    0.183     0  00:48       0.453        1.29      -0.000
  2172056602           JUNCTION     0.064    0.259     0  00:00       0.453        1.81       0.013
  2172056602_          JUNCTION     0.064    0.135     0  00:00       0.453       0.837       0.001
  2172056603           JUNCTION     0.064    0.147     0  00:00       0.453       0.905      -0.078
  2172056603_          JUNCTION     0.064    0.076     0  00:00       0.453       0.453      -0.007
  2172057001           JUNCTION     0.064    0.091     0  00:32       0.453       0.637       0.004
  2172057002           JUNCTION     0.064    0.125     0  00:00       0.453       0.458       0.000
  2172057003           JUNCTION     0.064    0.140     0  00:00       0.453       0.726      -0.001
  2172057004           JUNCTION     0.064    0.204     0  00:00       0.453        1.18      -0.005
  2172057005           JUNCTION     0.064    0.064     0  00:00       0.453       0.453       0.004
  2172057101           JUNCTION     0.064    0.359     0  00:00       0.453        2.54      -0.000
  2172057105           JUNCTION     0.064    0.128     0  01:29       0.453       0.905      -0.000
  2172057301           JUNCTION     0.064    0.144     0  00:00       0.453       0.948       0.005
  2172057302           JUNCTION     0.064    0.144     0  00:00       0.453       0.905       0.005
  2172057305           JUNCTION     0.064    0.208     0  00:00       0.453         1.4      -0.002
  2172057306           JUNCTION     0.064    0.064     0  00:00       0.453       0.453      -0.002
  2172057307           JUNCTION     0.064    0.262     0  01:26       0.453        1.85      -0.000
  2172057309           JUNCTION     0.064    1.146     0  00:02       0.453        8.08      -0.004
  2172057402           JUNCTION     0.064    0.321     0  00:03       0.453        2.26      -0.000
  2172057403           JUNCTION     0.064    0.257     0  00:03       0.453        1.81      -0.000
  2172057404           JUNCTION     0.064    0.207     0  00:00       0.453        1.36      -0.000
  2172057406           JUNCTION     0.064    0.817     0  00:10       0.453        5.77      -0.002
  2172057501           JUNCTION     0.064    0.134     0  00:00       0.453       0.905      -0.000
  2172057502           JUNCTION     0.064    0.064     0  00:00       0.453       0.453      -0.001
  2172057601           JUNCTION     0.064    0.064     0  00:00       0.453       0.453      -0.000
  2172057602           JUNCTION     0.064    0.132     0  00:00       0.453       0.905      -0.002
  2172057603           JUNCTION     0.064    0.064     0  00:00       0.453       0.453       0.010
  2172058102           JUNCTION     0.064    0.064     0  00:00       0.453       0.453       0.006
  2172058401           JUNCTION     0.064    0.756     0  00:01       0.453        5.32      -0.000
  2172058402           JUNCTION     0.064    0.692     0  00:01       0.453        4.87      -0.000
  2172058403           JUNCTION     0.064    0.647     0  00:01       0.453        4.42      -0.001
  2172058501           JUNCTION     0.064    0.586     0  00:01       0.453        3.96      -0.005
  2172058502           JUNCTION     0.064    0.565     0  00:01       0.453        3.51      -0.003
  2172058503           JUNCTION     0.064    0.514     0  00:01       0.453        3.06       0.012
  2172058602           JUNCTION     0.064    0.450     0  00:01       0.453        2.61       0.015
  2172058603           JUNCTION     0.064    0.198     0  00:00       0.453        1.36       0.000
  2172058604           JUNCTION     0.064    0.147     0  01:56       0.453       0.905       0.007
  2172058605           JUNCTION     0.064    0.070     0  00:01       0.453       0.453      -0.015
  2172058606           JUNCTION     0.064    0.193     0  00:00       0.453        1.36      -0.058
  2172058607           JUNCTION     0.064    0.064     0  00:00       0.453       0.453       0.004
  2172058608           JUNCTION     0.064    0.064     0  00:00       0.453       0.453       0.006
  2172059301           JUNCTION     0.064    0.514     0  00:02       0.453        3.62       0.000
  2172059302           JUNCTION     0.064    0.203     0  00:01       0.453        1.36       0.003
  2172059303           JUNCTION     0.064    0.138     0  00:00       0.453       0.905       0.007
  2172059402           JUNCTION     0.064    0.257     0  00:02       0.453        1.81       0.004
  2172059404           JUNCTION     0.064    0.205     0  00:00       0.453        1.36       0.004
  2172059405           JUNCTION     0.064    0.138     0  00:00       0.453       0.905       0.006
  2172059406           JUNCTION     0.064    0.064     0  00:00       0.453       0.453      -0.008
  2172059501           JUNCTION     0.064    0.064     0  00:00       0.453       0.453       0.011
  2172059502           JUNCTION     0.064    0.130     0  00:00       0.453       0.905      -0.008
  2172059503           JUNCTION     0.064    0.193     0  00:00       0.453        1.36       0.000
  2172059504           JUNCTION     0.064    0.266     0  00:00       0.453        1.81       0.020
  2172059604           JUNCTION     0.064    0.321     0  00:03       0.453        2.26       0.016
  2172059703           JUNCTION     0.064    0.064     0  00:00       0.453       0.453       0.002
  2173030105           JUNCTION     0.064    0.064     0  00:00       0.453       0.453      -0.002
  2173030301           JUNCTION     0.064    0.225     0  00:01       0.453        1.41       0.009
  2173030302           JUNCTION     0.064    0.180     0  00:00       0.453       0.957       0.006
  2173030303           JUNCTION     0.064    0.134     0  00:00       0.453       0.505       0.015
  2173030304           JUNCTION     0.064    0.090     0  00:01       0.453       0.453      -0.024
  2173030403           JUNCTION     0.064    0.199     0  00:06       0.453        1.36      -0.000
  2173030405           JUNCTION     0.064    0.268     0  00:13       0.453        1.81       0.001
  2173030501           JUNCTION     0.064    0.747     0  00:03       0.453        4.96       0.001
  2173030502           JUNCTION     0.064    0.350     0  00:05       0.453        2.12       0.040
  2173030503           JUNCTION     0.064    0.683     0  00:03       0.453        4.51       0.002
  2173030504           JUNCTION     0.064    1.025     0  00:20       0.453        7.08       0.000
  2173030505           JUNCTION     0.064    0.963     0  01:22       0.453        6.63      -0.014
  2173030506           JUNCTION     0.064    0.589     0  00:50       0.453        4.07       0.003
  2173030507           JUNCTION     0.064    0.136     0  00:00       0.453       0.905      -0.001
  2173030601           JUNCTION     0.064    0.618     0  00:03       0.453        4.06       0.001
  2173030602           JUNCTION     0.064    0.554     0  00:03       0.453        3.76       0.001
  2173030603           JUNCTION     0.064    0.490     0  00:03       0.453         3.3       0.000
  2173030604           JUNCTION     0.064    0.439     0  01:56       0.453        2.85       0.001
  2173030605           JUNCTION     0.064    0.520     0  01:15       0.453        3.62       0.037
  2173030606           JUNCTION     0.064    0.459     0  00:32       0.453        3.17       0.001
  2173030607           JUNCTION     0.064    0.395     0  01:56       0.453         2.4      -0.001
  2173030608           JUNCTION     0.064    0.361     0  00:01       0.453        1.95      -0.002
  2173030701           JUNCTION     0.064    0.535     0  00:05       0.453        3.17      -0.010
  2173030702           JUNCTION     0.064    0.064     0  00:00       0.453       0.453      -0.000
  2173030703           JUNCTION     0.064    0.604     0  00:05       0.453        2.72      -0.027
  2173030704           JUNCTION     0.064    0.153     0  00:05       0.453       0.905       0.008
  2173030705           JUNCTION     0.064    0.204     0  00:01       0.453        1.36       0.007
  2173030706           JUNCTION     0.064    0.148     0  01:28       0.453       0.905       0.013
  2173030801           JUNCTION     0.064    0.064     0  00:00       0.453       0.453      -0.006
  2173030901           JUNCTION     0.064    0.655     0  00:01       0.453        4.07      -0.102
  2173030902           JUNCTION     0.064    0.587     0  00:01       0.453        3.62       0.018
  2173031302           JUNCTION     0.064    1.439     0  00:02       0.453        9.56      -0.000
  2173031304           JUNCTION     0.064    0.264     0  00:08       0.453        1.86       0.001
  2173031305           JUNCTION     0.064    1.101     0  00:02       0.453        7.24       0.001
  2173031306           JUNCTION     0.064    0.200     0  00:06       0.453        1.41       0.004
  2173031307           JUNCTION     0.064    0.136     0  00:06       0.453       0.956       0.015
  2173031308           JUNCTION     0.064    0.996     0  00:02       0.453        6.79       0.001
  2173031401           JUNCTION     0.064    0.336     0  00:12       0.453        2.26      -0.005
  2173031402           JUNCTION     0.064    0.573     0  00:05       0.453        3.62       0.002
  2173031403           JUNCTION     0.064    0.136     0  00:00       0.453       0.905       0.012
  2173031404           JUNCTION     0.064    0.071     0  00:19       0.453       0.503      -0.019
  2173031501           JUNCTION     0.064    0.064     0  00:00       0.453       0.453      -0.001
  2173031505           JUNCTION     0.064    0.064     0  00:00       0.453       0.453      -0.012
  2173031601           JUNCTION     0.064    0.394     0  00:29       0.453        2.72       0.013
  2173031701           JUNCTION     0.064    0.386     0  00:01       0.453        2.35       0.023
  2173031702           JUNCTION     0.064    0.370     0  00:02       0.453        2.56      -0.029
  2173031703           JUNCTION     0.064    0.327     0  01:14       0.453        2.26      -0.010
  2173031704           JUNCTION     0.064    0.264     0  01:54       0.453        1.81       0.002
  2173031705           JUNCTION     0.064    0.323     0  00:03       0.453        2.26      -0.002
  2173031706           JUNCTION     0.064    0.302     0  00:02       0.453        1.81      -0.007
  2173031707           JUNCTION     0.064    0.201     0  01:54       0.453        1.36       0.019
  2173031708           JUNCTION     0.064    0.134     0  01:54       0.453       0.905       0.008
  2173031801           JUNCTION     0.064    0.064     0  00:00       0.453       0.453      -0.012
  2173031802           JUNCTION     0.064    0.139     0  00:00       0.453       0.905       0.007
  2173031803           JUNCTION     0.064    0.141     0  00:00       0.453       0.905       0.007
  2173031804           JUNCTION     0.064    0.308     0  00:02       0.453        1.36      -0.012
  2173031805           JUNCTION     0.064    0.317     0  00:02       0.453       0.909      -0.012
  2173031806           JUNCTION     0.064    0.064     0  00:00       0.453       0.453      -0.012
  2173031807           JUNCTION     0.064    0.287     0  00:02       0.453       0.455      -0.077
  2173031901           JUNCTION     0.064    0.506     0  00:01       0.453        3.17       0.002
  2173031902           JUNCTION     0.064    0.416     0  00:01       0.453        2.72       0.003
  2173031903           JUNCTION     0.064    0.338     0  00:01       0.453        2.26      -0.004
  2173032201           JUNCTION     0.064    0.903     0  00:02       0.453        6.34       0.003
  2173032202           JUNCTION     0.064    0.852     0  00:02       0.453        5.88       0.002
  2173032205           JUNCTION     0.064    0.775     0  00:02       0.453        5.43      -0.003
  2173032206           JUNCTION     0.064    0.321     0  00:06       0.453        2.26      -0.000
  2173032207           JUNCTION     0.064    0.425     0  00:01       0.453        2.72       0.001
  2173032401           JUNCTION     0.064    0.064     0  00:00       0.453       0.453       0.005
  2173032801_          JUNCTION     0.064    0.064     0  00:00       0.453       0.453      -0.037
  2173033201           JUNCTION     0.064    0.336     0  00:01       0.453        2.26       0.006
  2173033202           JUNCTION     0.064    0.265     0  00:01       0.453        1.81      -0.005
  2173033204           JUNCTION     0.064    0.197     0  00:00       0.453        1.36       0.001
  2173033207           JUNCTION     0.064    0.135     0  00:00       0.453       0.905       0.007
  2173033301           JUNCTION     0.064    0.258     0  00:01       0.453        1.81       0.006
  2173033302           JUNCTION     0.064    0.196     0  00:01       0.453        1.36       0.003
  2173033303           JUNCTION     0.064    0.137     0  00:00       0.453       0.905       0.010
  2173033402           JUNCTION     0.064    0.064     0  00:00       0.453       0.453      -0.019
  2173033404           JUNCTION     0.064    0.064     0  00:00       0.453       0.453      -0.010
  2173033501           JUNCTION     0.064    0.134     0  00:01       0.453       0.905       0.007
  2173033601           JUNCTION     0.064    0.685     0  00:02       0.453        4.53      -0.001
  2173033602           JUNCTION     0.064    0.142     0  00:00       0.453       0.905      -0.001
  2173033603           JUNCTION     0.064    0.064     0  00:00       0.453       0.453      -0.001
  2173033604           JUNCTION     0.064    0.473     0  00:02       0.453        3.17       0.005
  2173033605           JUNCTION     0.064    0.407     0  00:02       0.453        2.72       0.003
  2173034201           JUNCTION     0.064    0.064     0  00:00       0.453       0.453      -0.001
  2173034202           JUNCTION     0.064    0.064     0  00:00       0.453       0.453      -0.009
  2173034203           JUNCTION     0.064    0.139     0  00:00       0.453       0.905       0.007
  2173034204           JUNCTION     0.064    0.201     0  00:02       0.453        1.36       0.005
  2173034205           JUNCTION     0.064    0.267     0  00:02       0.453        1.81       0.006
  2173034302           JUNCTION     0.064    0.334     0  00:02       0.453        2.26      -0.001
  2173034303           JUNCTION     0.064    0.400     0  00:02       0.453        2.72       0.002
  2173034501           JUNCTION     0.064    0.197     0  00:01       0.453        1.36       0.008
  2173034502           JUNCTION     0.064    0.270     0  00:01       0.453        1.81      -0.000
  2173034503           JUNCTION     0.064    0.338     0  00:02       0.453        2.26       0.000
  2173035301           JUNCTION     0.064    0.594     0  00:02       0.453        4.07      -0.001
  2173035401           JUNCTION     0.064    0.138     0  00:00       0.453       0.905       0.010
  2173035401_          JUNCTION     0.064    0.064     0  00:00       0.453       0.453      -0.005
  2173035402           JUNCTION     0.064    0.064     0  00:00       0.453       0.453      -0.017
  2173035501           JUNCTION     0.064    0.138     0  00:00       0.453       0.905       0.006
  2173035502           JUNCTION     0.064    0.204     0  00:00       0.453        1.36       0.003
  2173036501           JUNCTION     0.064    0.275     0  00:00       0.453        1.81       0.002
  2173036502           JUNCTION     0.064    0.416     0  00:01       0.453        2.72      -0.003
  2173036503           JUNCTION     0.064    0.493     0  00:01       0.453        3.17       0.004
  2173036601_          JUNCTION     0.064    0.348     0  00:00       0.453        2.26       0.001
  2173036602           JUNCTION     0.064    0.390     0  00:01       0.453        2.72       0.000
  2173036603           JUNCTION     0.064    0.325     0  00:01       0.453        2.26       0.002
  2173036604           JUNCTION     0.064    0.260     0  00:01       0.453        1.81      -0.001
  2173036701           JUNCTION     0.064    0.195     0  00:01       0.453        1.36       0.006
  2173036702           JUNCTION     0.064    0.130     0  00:01       0.453       0.905       0.011
  2173036703           JUNCTION     0.064    0.090     0  00:01       0.453       0.453      -0.032
  2173037801           JUNCTION     0.064    0.064     0  00:00       0.453       0.453      -0.016
  2173037802           JUNCTION     0.064    0.138     0  00:00       0.453       0.905       0.011
  2173037901           JUNCTION     0.064    0.474     0  00:02       0.453        3.17       0.002
  2173038801           JUNCTION     0.064    0.202     0  00:01       0.453        1.36       0.006
  2173038901           JUNCTION     0.064    0.404     0  00:02       0.453        2.72      -0.007
  2173038902           JUNCTION     0.064    0.271     0  00:01       0.453        1.81      -0.000
  2173038903           JUNCTION     0.064    0.336     0  00:01       0.453        2.26      -0.001
  2173038904           JUNCTION     0.064    0.064     0  00:00       0.453       0.453      -0.001
  2173038905           JUNCTION     0.064    0.134     0  00:00       0.453       0.905      -0.001
  2173039901           JUNCTION     0.064    0.196     0  00:01       0.453        1.36      -0.000
  2173040001           JUNCTION     0.064    0.796     0  00:02       0.453        4.98       0.055
  2173040002           JUNCTION     0.064    0.738     0  00:02       0.453        4.53       0.047
  2173040101           JUNCTION     0.064    0.321     0  01:32       0.453        2.26       0.002
  2173040102           JUNCTION     0.064    0.385     0  01:32       0.453        2.72       0.002
  2173040501           JUNCTION     0.064    0.236     0  00:03       0.453       0.461      -0.002
  2173041101           JUNCTION     0.064    0.257     0  01:46       0.453        1.81       0.004
  2173041102           JUNCTION     0.064    0.193     0  01:46       0.453        1.36       0.004
  2173041103           JUNCTION     0.064    0.064     0  00:00       0.453       0.453      -0.022
  2173041104           JUNCTION     0.064    0.130     0  00:02       0.453       0.905       0.017
  2173041105           JUNCTION     0.064    0.128     0  01:49       0.453       0.906       0.038
  2173041201           JUNCTION     0.064    0.449     0  01:32       0.453        3.17       0.004
  2173041202           JUNCTION     0.064    0.514     0  01:34       0.453        3.62       0.007
  2173041401           JUNCTION     0.064    0.193     0  00:12       0.453        1.36       0.427
  2173041501           JUNCTION     0.064    0.468     0  00:09       0.453        1.81       0.413
  2173041502           JUNCTION     0.064    0.671     0  00:10       0.453        2.33       0.798
  2173041601           JUNCTION     0.064    0.725     0  00:09       0.453         2.9       0.716
  2173042001           JUNCTION     0.064    0.064     0  00:00       0.453       0.453      -0.055
  2173042101           JUNCTION     0.064    0.064     0  00:00       0.453       0.453      -0.001
  2173042302           JUNCTION     0.064    2.493     0  01:40       0.453        17.6       0.011
  2173042401           JUNCTION     0.064    0.133     0  00:21       0.453       0.905       0.002
  2173042403           JUNCTION     0.064    0.064     0  00:00       0.453       0.453      -0.004
  2173042406           JUNCTION     0.064    0.321     0  00:15       0.453        2.26       0.002
  2173042601           JUNCTION     0.064    0.868     0  00:10       0.453         3.5       0.614
  2173042701           JUNCTION     0.064    3.138     0  01:37       0.453        22.3       0.110
  2173042801           JUNCTION     0.064    3.202     0  01:36       0.453        22.5       0.114
  2173042802           JUNCTION     0.064    3.267     0  01:37       0.453          23       0.111
  2173043003           JUNCTION     0.064    0.130     0  00:01       0.453       0.905      -0.000
  2173043005           JUNCTION     0.064    0.064     0  00:00       0.453       0.453      -0.002
  2173043203           JUNCTION     0.064    2.300     0  01:40       0.453        16.2       0.006
  2173043301           JUNCTION     0.064    2.429     0  01:40       0.453        17.1       0.007
  2173043302           JUNCTION     0.064    0.193     0  00:08       0.453        1.36       0.000
  2173043303           JUNCTION     0.064    2.364     0  01:40       0.453        16.7       0.006
  2173043304           JUNCTION     0.064    0.133     0  00:00       0.453       0.905       0.015
  2173043305           JUNCTION     0.064    0.064     0  00:00       0.453       0.453      -0.020
  2173043401           JUNCTION     0.064    0.257     0  00:12       0.453        1.81       0.003
  2173043402           JUNCTION     0.064    0.321     0  00:09       0.453        2.26       0.002
  2173043403           JUNCTION     0.064    0.257     0  00:08       0.453        1.81       0.004
  2173043404           JUNCTION     0.064    0.193     0  00:03       0.453        1.36       0.006
  2173043405           JUNCTION     0.064    0.193     0  00:06       0.453        1.36       0.006
  2173043406           JUNCTION     0.064    0.142     0  00:01       0.453       0.905       0.000
  2173043504           JUNCTION     0.064    0.257     0  00:08       0.453        1.81       0.002
  2173043506           JUNCTION     0.064    0.385     0  01:41       0.453        2.72       0.000
  2173043601           JUNCTION     0.064    2.679     0  00:14       0.453        18.6       0.043
  2173043901           JUNCTION     0.064    3.331     0  01:37       0.453        23.4       0.108
  2173043902           JUNCTION     0.064    3.395     0  01:37       0.453        23.8       0.083
  2173044101           JUNCTION     0.064    0.064     0  00:00       0.453       0.453      -0.001
  2173044102           JUNCTION     0.064    0.128     0  00:08       0.453       0.905      -0.000
  2173044103           JUNCTION     0.064    0.193     0  00:16       0.453        1.36       0.005
  2173044106           JUNCTION     0.064    0.321     0  01:42       0.453        2.26       0.004
  2173044201           JUNCTION     0.064    0.257     0  00:24       0.453        1.81       0.002
  2173044202           JUNCTION     0.064    1.658     0  01:39       0.453        11.7       0.003
  2173044203           JUNCTION     0.064    1.594     0  00:36       0.453        11.3       0.009
  2173044204           JUNCTION     0.064    0.759     0  00:36       0.453        5.37       0.000
  2173044301           JUNCTION     0.064    2.236     0  01:39       0.453        15.8       0.002
  2173044302           JUNCTION     0.064    0.514     0  00:53       0.453        3.62      -0.001
  2173044303           JUNCTION     0.064    0.449     0  01:39       0.453        3.17       0.001
  2173044304           JUNCTION     0.064    0.066     0  00:01       0.453       0.453       0.163
  2173044305           JUNCTION     0.064    0.402     0  00:01       0.453        2.72      -0.017
  2173044306           JUNCTION     0.064    0.271     0  00:01       0.453        1.81      -0.002
  2173044401           JUNCTION     0.064    0.064     0  00:00       0.453       0.453      -0.009
  2173044402           JUNCTION     0.064    0.136     0  00:00       0.453       0.905       0.009
  2173044403           JUNCTION     0.064    0.064     0  00:00       0.453       0.453      -0.022
  2173044404           JUNCTION     0.064    0.064     0  00:00       0.453       0.453       0.007
  2173044405           JUNCTION     0.064    0.204     0  00:00       0.453        1.36       0.007
  2173044406           JUNCTION     0.064    0.134     0  00:00       0.453       0.905       0.014
  2173044502           JUNCTION     0.064    0.321     0  01:28       0.453        2.26       0.004
  2173044504           JUNCTION     0.064    0.257     0  01:40       0.453        1.81       0.001
  2173044505           JUNCTION     0.064    2.497     0  00:14       0.453        17.2       0.005
  2173044506           JUNCTION     0.064    0.193     0  00:28       0.453        1.36       0.004
  2173044507           JUNCTION     0.064    2.437     0  00:14       0.453        16.8       0.005
  2173044601           JUNCTION     0.064    2.646     0  00:14       0.453        18.1       0.004
  2173044602           JUNCTION     0.064    2.571     0  00:14       0.453        17.7       0.001
  2173045101           JUNCTION     0.064    0.385     0  00:33       0.453        2.72       0.005
  2173045102           JUNCTION     0.064    0.257     0  00:40       0.453        1.81       0.001
  2173045103           JUNCTION     0.064    0.193     0  00:13       0.453        1.36      -0.000
  2173045104           JUNCTION     0.064    0.132     0  00:02       0.453       0.905      -0.001
  2173045105           JUNCTION     0.064    0.064     0  00:00       0.453       0.453      -0.002
  2173045201           JUNCTION     0.064    0.771     0  01:21       0.453        5.43      -0.021
  2173045202           JUNCTION     0.064    0.706     0  01:21       0.453        4.98       0.001
  2173045203           JUNCTION     0.064    0.695     0  00:08       0.453        4.91      -0.001
  2173045204           JUNCTION     0.064    0.642     0  01:21       0.453        4.53       0.003
  2173045205           JUNCTION     0.064    0.631     0  00:41       0.453        4.46      -0.001
  2173045210           JUNCTION     0.064    0.193     0  01:16       0.453        1.36       0.033
  2173045301           JUNCTION     0.064    0.567     0  00:08       0.453        4.01      -0.000
  2173045302           JUNCTION     0.064    0.505     0  01:55       0.453        3.56       0.000
  2173045303           JUNCTION     0.064    0.449     0  01:55       0.453         3.1       0.002
  2173045304           JUNCTION     0.064    0.393     0  01:55       0.453        2.65       0.003
  2173045305           JUNCTION     0.064    0.337     0  01:55       0.453         2.2       0.003
  2173045306           JUNCTION     0.064    0.281     0  01:55       0.453        1.75       0.003
  2173045401           JUNCTION     0.064    0.064     0  00:00       0.453       0.453      -0.015
  2173045402           JUNCTION     0.064    0.064     0  00:00       0.453       0.453      -0.021
  2173045501           JUNCTION     0.064    2.369     0  00:14       0.453        16.3       0.004
  2173045502           JUNCTION     0.064    2.306     0  00:14       0.453        15.8       0.004
  2173045503           JUNCTION     0.064    2.237     0  00:14       0.453        15.4      -0.002
  2173045504           JUNCTION     0.064    0.332     0  00:14       0.453        2.26       0.041
  2173045505           JUNCTION     0.064    0.268     0  00:14       0.453        1.81       0.004
  2173045603           JUNCTION     0.064    0.195     0  00:02       0.453        1.36       0.003
  2173045604           JUNCTION     0.064    0.135     0  00:00       0.453       0.905       0.013
  2173045901           JUNCTION     0.064    0.258     0  00:17       0.453        1.81       1.408
  2173046104           JUNCTION     0.064    0.830     0  00:07       0.453        5.87      -0.000
  2173046106           JUNCTION     0.064    0.765     0  00:07       0.453        5.42       0.007
  2173046203           JUNCTION     0.064    0.193     0  00:09       0.453        1.36       0.002
  2173046301           JUNCTION     0.064    0.128     0  01:15       0.453       0.906       0.027
  2173046401           JUNCTION     0.064    1.848     0  00:14       0.453        12.7       0.002
  2173046402           JUNCTION     0.064    0.257     0  00:02       0.453        1.81      -0.004
  2173046403           JUNCTION     0.064    0.193     0  00:02       0.453        1.35      -0.003
  2173046404           JUNCTION     0.064    0.255     0  00:01       0.453       0.905      -0.003
  2173046405           JUNCTION     0.064    0.242     0  00:01       0.453       0.455      -0.062
  2173046406           JUNCTION     0.064    1.779     0  00:14       0.453        12.2       0.001
  2173046409           JUNCTION     0.064    1.749     0  00:08       0.453        11.8      -0.007
  2173046410           JUNCTION     0.064    0.064     0  00:00       0.453       0.453      -0.075
  2173046412           JUNCTION     0.064    0.329     0  00:13       0.453        2.26       0.139
  2173046413           JUNCTION     0.064    1.373     0  00:07       0.453        9.06      -0.018
  2173046414           JUNCTION     0.064    1.307     0  00:07       0.453        8.61       0.035
  2173046501           JUNCTION     0.064    0.204     0  00:14       0.453        1.36       0.005
  2173046601           JUNCTION     0.064    0.064     0  00:00       0.453       0.453      -0.019
  2173046602           JUNCTION     0.064    0.141     0  01:55       0.453       0.905       0.022
  2173046603           JUNCTION     0.064    0.064     0  00:00       0.453       0.453      -0.042
  2173046707           JUNCTION     0.064    0.132     0  00:00       0.453       0.905      -0.001
  2173046709           JUNCTION     0.064    0.064     0  00:00       0.453       0.453      -0.001
  2173046901           JUNCTION     0.064    0.194     0  00:17       0.453        1.36      -0.041
  2173046902           JUNCTION     0.064    0.129     0  00:17       0.453       0.906       0.030
  2173047001           JUNCTION     0.064    0.348     0  00:01       0.453        2.26      -0.002
  2173047002           JUNCTION     0.064    0.543     0  00:02       0.453        3.62      -0.001
  2173047003           JUNCTION     0.064    0.275     0  00:01       0.453        1.81       0.003
  2173047004           JUNCTION     0.064    0.201     0  00:01       0.453        1.36      -0.000
  2173047005           JUNCTION     0.064    0.137     0  00:00       0.453       0.905       0.010
  2173047101           JUNCTION     0.064    0.436     0  00:04       0.453         2.7      -0.007
  2173047102           JUNCTION     0.064    0.394     0  00:04       0.453        2.72       0.002
  2173047103           JUNCTION     0.064    0.657     0  00:01       0.453        4.53      -0.001
  2173047104           JUNCTION     0.064    0.329     0  00:04       0.453        2.26       0.003
  2173047105           JUNCTION     0.064    0.600     0  00:01       0.453        4.07      -0.000
  2173047301           JUNCTION     0.064    0.129     0  00:04       0.453       0.905       0.028
  2173047302           JUNCTION     0.064    0.064     0  00:00       0.453       0.453      -0.038
  2173047402           JUNCTION     0.064    1.248     0  00:07       0.453        8.16       0.002
  2173047501           JUNCTION     0.064    0.264     0  00:13       0.453        1.81       0.001
  2173047502           JUNCTION     0.064    0.200     0  00:13       0.453        1.36       0.005
  2173047503           JUNCTION     0.064    1.175     0  00:07       0.453         7.7       0.002
  2173047504           JUNCTION     0.064    0.135     0  00:13       0.453       0.905       0.016
  2173047505           JUNCTION     0.064    1.111     0  00:07       0.453        7.25       0.001
  2173047506           JUNCTION     0.064    1.047     0  00:07       0.453         6.8       0.000
  2173047601           JUNCTION     0.064    0.624     0  00:20       0.453        4.36       0.001
  2173047602           JUNCTION     0.064    0.064     0  00:00       0.453       0.453      -0.022
  2173047603           JUNCTION     0.064    0.560     0  00:19       0.453        3.93       0.005
  2173047604           JUNCTION     0.064    0.983     0  00:07       0.453        6.35       0.002
  2173047701           JUNCTION     0.064    1.138     0  01:43       0.453        7.98       0.000
  2173047702           JUNCTION     0.064    0.385     0  01:53       0.453        2.72      -0.002
  2173047703           JUNCTION     0.064    0.688     0  00:19       0.453        4.81       0.005
  2173047704           JUNCTION     0.064    0.321     0  01:30       0.453        2.26       0.002
  2173047801           JUNCTION     0.064    0.064     0  00:00       0.453       0.453      -0.019
  2173047802           JUNCTION     0.064    0.139     0  00:00       0.453       0.905       0.009
  2173047803           JUNCTION     0.064    0.201     0  00:01       0.453        1.36       0.006
  2173047804           JUNCTION     0.064    0.257     0  01:30       0.453        1.81       0.006
  2173047805           JUNCTION     0.064    0.193     0  01:31       0.453        1.36       0.005
  2173047902           JUNCTION     0.064    0.266     0  00:01       0.453        1.81       0.002
  2173047903           JUNCTION     0.064    0.332     0  00:02       0.453        2.26       0.000
  2173047904           JUNCTION     0.064    1.959     0  00:10       0.453        13.7      -0.025
  2173048001           JUNCTION     0.064    0.125     0  00:03       0.453       0.453      -0.030
  2173048002           JUNCTION     0.064    0.194     0  00:03       0.453       0.906      -0.003
  2173048003           JUNCTION     0.064    0.064     0  00:00       0.453       0.453      -0.012
  2173048004           JUNCTION     0.064    0.197     0  00:04       0.453        1.36      -0.007
  2173048005           JUNCTION     0.064    0.064     0  00:00       0.453       0.453      -0.010
  2173048006           JUNCTION     0.064    0.146     0  00:00       0.453       0.905      -0.046
  2173048007           JUNCTION     0.064    0.209     0  00:00       0.453        1.36       0.013
  2173048008           JUNCTION     0.064    0.270     0  00:01       0.453        1.81      -0.051
  2173048101           JUNCTION     0.064    0.263     0  00:04       0.453        1.81       0.002
  2173048102           JUNCTION     0.064    0.552     0  00:01       0.453        3.62       0.003
  2173048103           JUNCTION     0.064    0.480     0  00:01       0.453        3.17       0.003
  2173048104           JUNCTION     0.064    0.412     0  00:01       0.453        2.72       0.003
  2173048106           JUNCTION     0.064    0.340     0  00:01       0.453        2.26       0.033
  2173048201           JUNCTION     0.064    0.064     0  00:00       0.453       0.453      -0.002
  2173048204           JUNCTION     0.064    3.387     0  00:47       0.453          24      -0.001
  2173048303           JUNCTION     0.064    0.537     0  00:02       0.453        3.62      -0.000
  2173048305           JUNCTION     0.064    0.481     0  00:02       0.453        3.17       0.002
  2173048403           JUNCTION     0.064    0.414     0  00:01       0.453        2.72       0.002
  2173048503           JUNCTION     0.064    0.457     0  00:06       0.453        3.17       0.000
  2173048601           JUNCTION     0.064    0.970     0  00:07       0.453        6.74      -0.077
  2173048602           JUNCTION     0.064    0.397     0  00:03       0.453        2.71       0.001
  2173048603           JUNCTION     0.064    0.392     0  00:07       0.453        2.71       0.069
  2173048604           JUNCTION     0.064    0.523     0  00:06       0.453        3.62       0.057
  2173048701           JUNCTION     0.064    0.331     0  00:03       0.453        2.26       0.002
  2173048702           JUNCTION     0.064    0.333     0  01:56       0.453        2.26      -0.003
  2173048703           JUNCTION     0.064    0.265     0  00:03       0.453        1.81       0.006
  2173048704           JUNCTION     0.064    0.273     0  01:56       0.453        1.81       0.002
  2173048705           JUNCTION     0.064    0.199     0  00:03       0.453        1.36      -0.001
  2173048801           JUNCTION     0.064    0.136     0  00:00       0.453       0.905       0.009
  2173048802           JUNCTION     0.064    0.064     0  00:00       0.453       0.453      -0.025
  2173048803           JUNCTION     0.064    0.976     0  00:08       0.453        6.79       0.001
  2173048901           JUNCTION     0.064    1.442     0  00:10       0.453        10.1       0.002
  2173048902           JUNCTION     0.064    1.383     0  00:09       0.453        9.67       0.003
  2173048903           JUNCTION     0.064    1.319     0  00:06       0.453        9.21       0.002
  2173048904           JUNCTION     0.064    0.281     0  00:04       0.453        1.97       0.004
  2173049001           JUNCTION     0.064    0.264     0  00:01       0.453        1.81       0.001
  2173049002           JUNCTION     0.064    0.326     0  00:02       0.453        2.26       0.000
  2173049201           JUNCTION     0.064    1.534     0  00:03       0.453        10.9       0.002
  2173049202           JUNCTION     0.064    1.469     0  00:03       0.453        10.4      -0.016
  2173049203           JUNCTION     0.064    1.276     0  00:03       0.453        9.09      -0.000
  2173049204           JUNCTION     0.064    0.189     0  00:02       0.453       0.908       0.195
  2173049205           JUNCTION     0.064    1.212     0  00:03       0.453        8.63      -0.013
  2173049206           JUNCTION     0.064    0.169     0  00:03       0.453       0.454      -0.019
  2173049207           JUNCTION     0.064    0.193     0  00:02       0.453       0.455       0.184
  2173049301           JUNCTION     0.064    1.798     0  01:19       0.453        12.7      -0.000
  2173049302           JUNCTION     0.064    1.734     0  01:19       0.453        12.2      -0.000
  2173049303           JUNCTION     0.064    1.670     0  00:40       0.453        11.8       0.001
  2173049304           JUNCTION     0.064    1.606     0  01:19       0.453        11.3       0.000
  2173049401           JUNCTION     0.064    0.346     0  00:01       0.453        2.26       0.002
  2173049402           JUNCTION     0.064    0.279     0  00:01       0.453        1.81       0.006
  2173049403           JUNCTION     0.064    0.202     0  00:00       0.453        1.36      -0.002
  2173049404           JUNCTION     0.064    0.139     0  00:00       0.453       0.905       0.007
  2173049405           JUNCTION     0.064    0.064     0  00:00       0.453       0.453      -0.009
  2173049501           JUNCTION     0.064    0.392     0  00:06       0.453        2.72       0.005
  2173049601           JUNCTION     0.064    0.327     0  00:06       0.453        2.26       0.006
  2173049602           JUNCTION     0.064    0.261     0  00:06       0.453        1.81      -0.002
  2173049603           JUNCTION     0.064    0.196     0  00:06       0.453        1.36       0.003
  2173049701           JUNCTION     0.064    0.203     0  01:56       0.453        1.36       0.006
  2173049702           JUNCTION     0.064    0.165     0  00:06       0.453       0.907       0.009
  2173049801           JUNCTION     0.064    0.146     0  00:02       0.453       0.905      -0.003
  2173049802           JUNCTION     0.064    0.920     0  00:06       0.453        6.34       0.000
  2173049803           JUNCTION     0.064    0.167     0  00:03       0.453       0.453      -0.031
  2173049804           JUNCTION     0.064    0.880     0  00:05       0.453        5.88       0.000
  2173049805           JUNCTION     0.064    0.130     0  00:07       0.453       0.453      -0.057
  2173049806           JUNCTION     0.064    0.706     0  01:01       0.453        4.98      -0.001
  2173049807           JUNCTION     0.064    0.642     0  01:44       0.453        4.53       0.000
  2173049808           JUNCTION     0.064    0.074     0  00:04       0.453       0.453      -0.004
  2173049901           JUNCTION     0.064    0.217     0  00:03       0.453        1.52      -0.005
  2173049902           JUNCTION     0.064    0.134     0  00:01       0.453       0.905       0.018
  2173049903           JUNCTION     0.064    0.271     0  00:02       0.453       0.455      -0.068
  2173049904           JUNCTION     0.064    0.064     0  00:00       0.453       0.453      -0.035
  2173049905           JUNCTION     0.064    0.597     0  00:02       0.453        4.07       0.002
  2173050301           JUNCTION     0.064    0.064     0  00:00       0.453       0.453      -0.018
  2173050301_          JUNCTION     0.064    0.064     0  00:00       0.453       0.453      -0.008
  2173050302           JUNCTION     0.064    0.138     0  00:00       0.453       0.905       0.010
  2173050401           JUNCTION     0.064    0.199     0  00:01       0.453        1.36      -0.000
  2173050601           JUNCTION     0.064    0.385     0  00:03       0.453        2.72      -0.000
  2173051401           JUNCTION     0.064    0.268     0  00:01       0.453        1.81       0.003
  2173051402           JUNCTION     0.064    0.331     0  00:02       0.453        2.26      -0.002
  2173051501           JUNCTION     0.064    0.397     0  00:02       0.453        2.72       0.003
  2173051502           JUNCTION     0.064    0.461     0  00:02       0.453        3.17       0.002
  2173052501           JUNCTION     0.064    0.529     0  00:03       0.453        3.62       0.001
  2173052502           JUNCTION     0.064    0.594     0  00:03       0.453        4.07      -0.000
  2173053001           JUNCTION     0.064    3.459     0  01:38       0.453        24.2       0.083
  2173053002           JUNCTION     0.064    3.523     0  01:38       0.453        24.7       0.112
  2173053101           JUNCTION     0.064    3.844     0  01:38       0.453        26.9       0.045
  2173053201           JUNCTION     0.064    0.064     0  00:00       0.453       0.453       0.037
  2173053202           JUNCTION     0.064    0.132     0  00:05       0.453       0.905      -0.012
  2173053203           JUNCTION     0.064    0.196     0  00:05       0.453        1.36       0.008
  2173053301           JUNCTION     0.064    0.270     0  00:07       0.453        1.81       0.005
  2173053401           JUNCTION     0.064    0.336     0  00:07       0.453        2.26       0.001
  2173053402           JUNCTION     0.064    0.486     0  00:02       0.453        2.72       0.185
  2173053403           JUNCTION     0.064    0.528     0  00:01       0.453        3.18       0.242
  2173054101           JUNCTION     0.064    3.909     0  01:39       0.453        27.3       0.149
  2173054201           JUNCTION     0.064    3.973     0  01:39       0.453        27.7       0.171
  2173054202           JUNCTION     0.064    4.037     0  01:44       0.453        28.2       0.194
  2173054301           JUNCTION     0.064    4.101     0  01:40       0.453        28.6       0.175
  2173054401           JUNCTION     0.064    4.165     0  01:40       0.453        29.1       0.160
  2173054505           JUNCTION     0.064    0.064     0  00:00       0.453       0.453      -0.009
  2173054506           JUNCTION     0.064    0.582     0  00:07       0.453         4.1       0.343
  2173054507           JUNCTION     0.064    0.216     0  00:01       0.453        1.36      -0.004
  2173054508           JUNCTION     0.064    0.064     0  00:00       0.453       0.453      -0.004
  2173054509           JUNCTION     0.064    0.802     0  00:08       0.453        5.59       0.219
  2173054510           JUNCTION     0.064    0.140     0  00:00       0.453       0.905       0.005
  2173054511           JUNCTION     0.064    0.208     0  00:00       0.453        1.36       0.024
  2173054512           JUNCTION     0.064    0.569     0  00:01       0.453        3.64       0.311
  2173054513           JUNCTION     0.064    0.064     0  00:00       0.453       0.453       0.001
  2173054601           JUNCTION     0.064    0.118     0  00:00       0.453       0.815       0.003
  2173054602           JUNCTION     0.064    0.189     0  00:00       0.453        1.27       0.003
  2173054603           JUNCTION     0.064    0.260     0  00:00       0.453        1.72       0.000
  2173054604           JUNCTION     0.064    0.659     0  00:08       0.453        4.54      -0.000
  2173054605           JUNCTION     0.064    1.047     0  00:08       0.453        7.29       0.067
  2173054606           JUNCTION     0.064    0.129     0  00:07       0.453       0.839       0.001
  2173054607           JUNCTION     0.064    0.190     0  00:07       0.453        1.29       0.017
  2173054608           JUNCTION     0.064    0.758     0  00:08       0.453        5.36       0.002
  2173054609           JUNCTION     0.064    0.723     0  00:08       0.453        4.99       0.005
  2173054610           JUNCTION     0.064    0.823     0  00:08       0.453        5.82       0.003
  2173054611           JUNCTION     0.064    0.131     0  00:01       0.453       0.905       0.000
  2173055401           JUNCTION     0.064    4.230     0  01:40       0.453        29.5       0.159
  2173055503           JUNCTION     0.064    0.280     0  00:01       0.453        1.81       0.001
  2173055505           JUNCTION     0.064    4.294     0  01:41       0.453          30       0.124
  2173055506           JUNCTION     0.064    4.358     0  01:41       0.453        30.4       0.060
  2173055507           JUNCTION     0.064    4.743     0  01:41       0.453          33       0.036
  2173055601           JUNCTION     0.064    5.064     0  01:41       0.453        35.1       0.069
  2173055602           JUNCTION     0.064    5.129     0  01:41       0.453        35.5       0.043
  2173055603           JUNCTION     0.064    5.193     0  01:42       0.453          36       0.042
  2173055604           JUNCTION     0.064    5.257     0  01:42       0.453        36.4       0.049
  2173055605           JUNCTION     0.064    0.321     0  00:20       0.453        2.27       0.303
  2173055606           JUNCTION     0.064    0.257     0  00:09       0.453        1.81      -0.002
  2173056601           JUNCTION     0.064    0.193     0  00:08       0.453        1.36       0.005
  2173056602           JUNCTION     0.064    0.131     0  00:05       0.453       0.908       0.010
  2173056701           JUNCTION     0.064    0.064     0  00:00       0.453       0.453      -0.019
  2173057001           JUNCTION     0.064    0.064     0  00:00       0.453       0.453      -0.052
  2173057005           JUNCTION     0.064    2.023     0  00:10       0.453        14.2       0.031
  2173058001           JUNCTION     0.064    0.139     0  00:00       0.453       0.905       0.008
  2173058003           JUNCTION     0.064    0.064     0  00:00       0.453       0.453      -0.015
  2173058005           JUNCTION     0.064    0.105     0  00:03       0.453       0.743       0.003
  2173058007           JUNCTION     0.064    0.064     0  00:00       0.453       0.453      -0.001
  2173058101           JUNCTION     0.064    0.200     0  00:01       0.453        1.36       0.007
  2173058102           JUNCTION     0.064    0.139     0  00:00       0.453       0.905       0.006
  2173058103           JUNCTION     0.064    0.064     0  00:00       0.453       0.453      -0.020
  2173058106           JUNCTION     0.064    0.064     0  00:00       0.453       0.453      -0.028
  2173058203           JUNCTION     0.064    0.193     0  00:03       0.453        1.36      -0.001
  2173058205           JUNCTION     0.064    0.132     0  00:02       0.453       0.905       0.028
  2173058206           JUNCTION     0.064    0.193     0  00:07       0.453        1.36       0.003
  2173058301           JUNCTION     0.064    0.111     0  00:00       0.453        0.46      -0.006
  2173058303           JUNCTION     0.064    0.171     0  00:00       0.453       0.724       0.133
  2173058305           JUNCTION     0.064    0.706     0  00:02       0.453        5.04      -0.001
  2173058306           JUNCTION     0.064    0.642     0  00:02       0.453        4.58      -0.020
  2173058308           JUNCTION     0.064    0.477     0  00:02       0.453        3.41      -0.002
  2173058401           JUNCTION     0.064    0.092     0  00:21       0.453        0.64       0.004
  2173058402           JUNCTION     0.064    0.064     0  00:00       0.453       0.453       0.005
  2173059001           JUNCTION     0.064    0.291     0  00:00       0.453        1.81       0.018
  2173059002           JUNCTION     0.064    0.146     0  00:00       0.453       0.905      -0.008
  2173059003           JUNCTION     0.064    0.064     0  00:00       0.453       0.453      -0.033
  2173059004           JUNCTION     0.064    0.064     0  00:00       0.453       0.453      -0.005
  2173059005           JUNCTION     0.064    0.204     0  00:02       0.453        1.13      -0.003
  2173059006           JUNCTION     0.064    0.064     0  00:00       0.453       0.453      -0.019
  2173059007           JUNCTION     0.064    0.207     0  00:01       0.453       0.491       0.003
  2173059103           JUNCTION     0.064    0.135     0  00:00       0.453       0.905       0.013
  2173059104           JUNCTION     0.064    1.037     0  00:03       0.453        7.06       0.003
  2173059105           JUNCTION     0.064    0.719     0  00:03       0.453        4.79       0.003
  2173059201           JUNCTION     0.064    0.129     0  00:01       0.453       0.905       0.025
  2173059202           JUNCTION     0.064    0.064     0  00:00       0.453       0.453      -0.034
  2173059204           JUNCTION     0.064    0.263     0  00:01       0.453        1.81      -0.006
  2173059301           JUNCTION     0.064    0.412     0  00:02       0.453        2.96      -0.002
  2173059401           JUNCTION     0.064    0.136     0  00:00       0.453       0.905      -0.003
  2173059402           JUNCTION     0.064    0.193     0  00:00       0.453       0.578       0.032
  2173059403           JUNCTION     0.064    0.435     0  00:01       0.453        2.51      -0.005
  2173059404           JUNCTION     0.064    0.385     0  00:01       0.453        2.05      -0.007
  2173059405           JUNCTION     0.064    0.379     0  00:01       0.453         1.6       0.002
  2173059406           JUNCTION     0.064    0.364     0  00:01       0.453        1.15       0.002
  2173059407           JUNCTION     0.064    0.394     0  00:02       0.453        2.71       0.000
  2173059408           JUNCTION     0.064    0.330     0  00:02       0.453        2.26       0.000
  2173059501           JUNCTION     0.064    0.227     0  00:00       0.453       0.658      -0.022
  2173059502           JUNCTION     0.064    0.289     0  00:00       0.453        1.11      -0.005
  2173059503           JUNCTION     0.064    0.326     0  00:00       0.453        1.56      -0.005
  2173059504           JUNCTION     0.064    0.373     0  00:00       0.453        2.48      -0.005
  2173059505           JUNCTION     0.064    0.415     0  00:00       0.453       0.571       0.074
  2173059601           JUNCTION     0.064    0.480     0  00:01       0.453        2.53      -0.010
  2174031101           JUNCTION     0.064    0.064     0  00:00       0.453       0.453      -0.002
  2174031203           JUNCTION     0.064    0.064     0  00:00       0.453       0.453      -0.055
  2174031306           JUNCTION     0.064    0.128     0  00:19       0.453       0.906       0.048
  2174031405           JUNCTION     0.064    0.193     0  00:25       0.453        1.36      -0.004
  2174031701           JUNCTION     0.064    0.064     0  00:00       0.453       0.453      -0.031
  2174031704           JUNCTION     0.064    0.134     0  00:01       0.453       0.905       0.024
  2174032201           JUNCTION     0.064    0.153     0  00:01       0.453       0.905       0.007
  2174032202           JUNCTION     0.064    0.231     0  00:01       0.453        1.36      -0.024
  2174032203           JUNCTION     0.064    0.156     0  00:00       0.453       0.905      -0.022
  2174032303           JUNCTION     0.064    0.064     0  00:00       0.453       0.453      -0.002
  2174032304           JUNCTION     0.064    0.064     0  00:00       0.453       0.453      -0.006
  2174032305           JUNCTION     0.064    0.064     0  00:00       0.453       0.453      -0.005
  2174032306           JUNCTION     0.064    0.142     0  00:00       0.453       0.905      -0.004
  2174032307           JUNCTION     0.064    0.213     0  00:03       0.453        1.36       0.013
  2174032601           JUNCTION     0.064    0.195     0  00:02       0.453        1.36       0.001
  2174033201           JUNCTION     0.064    0.258     0  00:08       0.453        1.81       0.022
  2174033202           JUNCTION     0.064    0.193     0  00:08       0.453        1.36       0.021
  2174033203           JUNCTION     0.064    0.321     0  00:12       0.453        2.26       0.006
  2174033204           JUNCTION     0.064    0.257     0  00:11       0.453        1.81       0.006
  2174033205           JUNCTION     0.064    0.526     0  00:03       0.453        3.62       0.002
  2174033206           JUNCTION     0.064    0.385     0  00:14       0.453        2.72       0.006
  2174033207           JUNCTION     0.064    0.321     0  00:11       0.453        2.26       0.004
  2174033301           JUNCTION     0.064    0.281     0  00:00       0.453        1.81       0.001
  2174033302           JUNCTION     0.064    0.342     0  00:03       0.453        2.26      -0.003
  2174033304           JUNCTION     0.064    0.404     0  00:03       0.453        2.72       0.005
  2174033306           JUNCTION     0.064    0.465     0  00:03       0.453        3.17       0.000
  2174033308           JUNCTION     0.064    0.064     0  00:00       0.453       0.453      -0.022
  2174033309           JUNCTION     0.064    0.586     0  00:05       0.453        4.07       0.002
  2174033310           JUNCTION     0.064    0.139     0  00:00       0.453       0.905       0.017
  2174040001           JUNCTION     0.064    0.385     0  00:28       0.453        2.72       0.002
  2174040102           JUNCTION     0.064    1.096     0  00:02       0.453        7.73      -0.001
  2174040103           JUNCTION     0.064    0.828     0  00:03       0.453        4.57       0.005
  2174040104           JUNCTION     0.064    0.894     0  00:03       0.453        5.02      -0.048
  2174040105           JUNCTION     0.064    1.151     0  00:02       0.453        7.28       0.007
  2174040106           JUNCTION     0.064    0.764     0  00:03       0.453        4.11       0.005
  2174040107           JUNCTION     0.064    0.701     0  00:03       0.453        3.66      -0.001
  2174040201           JUNCTION     0.064    0.268     0  00:02       0.453        1.82       0.090
  2174040202           JUNCTION     0.064    0.345     0  00:02       0.453        1.37       0.001
  2174040203           JUNCTION     0.064    0.404     0  00:03       0.453       0.916      -0.022
  2174040204           JUNCTION     0.064    0.362     0  00:03       0.453       0.457      -0.102
  2174040301           JUNCTION     0.064    1.565     0  00:04       0.453        10.9      -0.028
  2174040302           JUNCTION     0.064    0.330     0  00:01       0.453        2.26       0.152
  2174040303           JUNCTION     0.064    0.266     0  00:01       0.453        1.81       0.000
  2174040401           JUNCTION     0.064    0.204     0  00:01       0.453        1.36       0.007
  2174040402           JUNCTION     0.064    1.210     0  00:04       0.453        8.15       0.003
  2174040403           JUNCTION     0.064    0.142     0  00:00       0.453       0.905       0.005
  2174040404           JUNCTION     0.064    0.064     0  00:00       0.453       0.453      -0.014
  2174040405           JUNCTION     0.064    1.133     0  00:04       0.453        7.69       0.000
  2174040502           JUNCTION     0.064    0.071     0  00:05       0.453       0.453      -0.027
  2174040601           JUNCTION     0.064    0.133     0  00:00       0.453       0.905       0.008
  2174040602           JUNCTION     0.064    0.195     0  00:05       0.453        1.36       0.003
  2174040603           JUNCTION     0.064    0.260     0  00:05       0.453        1.81       0.004
  2174040701           JUNCTION     0.064    0.165     0  00:06       0.453       0.906       0.010
  2174040702           JUNCTION     0.064    0.114     0  00:06       0.453       0.453      -0.028
  2174040703           JUNCTION     0.064    0.442     0  00:14       0.453        3.12      -0.001
  2174040704           JUNCTION     0.064    0.324     0  00:05       0.453        2.26       0.003
  2174040705           JUNCTION     0.064    0.480     0  00:06       0.453         3.4       0.003
  2174040706           JUNCTION     0.064    0.386     0  00:05       0.453        2.72       0.002
  2174040901           JUNCTION     0.064    0.537     0  00:02       0.453        3.62       0.001
  2174040902           JUNCTION     0.064    0.469     0  00:02       0.453        3.17       0.000
  2174040904           JUNCTION     0.064    0.408     0  00:02       0.453        2.72       0.004
  2174040905           JUNCTION     0.064    0.564     0  00:03       0.453        3.62       0.000
  2174040906           JUNCTION     0.064    0.489     0  00:02       0.453        3.17       0.002
  2174040907           JUNCTION     0.064    0.341     0  00:01       0.453        2.26       0.002
  2174040908           JUNCTION     0.064    0.416     0  00:02       0.453        2.72       0.002
  2174041101           JUNCTION     0.064    0.660     0  00:01       0.453        3.21      -0.038
  2174041102           JUNCTION     0.064    0.563     0  00:02       0.453         1.4      -0.007
  2174041103           JUNCTION     0.064    0.197     0  00:01       0.453        1.36       0.112
  2174041104           JUNCTION     0.064    0.272     0  00:02       0.453        0.91      -0.017
  2174041105           JUNCTION     0.064    0.260     0  00:02       0.453       0.455      -0.040
  2174041201           JUNCTION     0.064    0.601     0  00:33       0.453        4.26      -0.027
  2174041202           JUNCTION     0.064    0.408     0  00:41       0.453         2.9      -0.004
  2174041203           JUNCTION     0.064    0.389     0  00:01       0.453        2.45      -0.002
  2174041204           JUNCTION     0.064    0.205     0  00:02       0.453       0.906       0.137
  2174041205           JUNCTION     0.064    0.359     0  00:02       0.453        2.24      -0.025
  2174041206           JUNCTION     0.064    0.315     0  00:02       0.453        1.79       0.026
  2174041207           JUNCTION     0.064    0.153     0  00:02       0.453       0.454      -0.053
  2174041208           JUNCTION     0.064    0.258     0  00:03       0.453        1.81      -0.005
  2174041301           JUNCTION     0.064    0.203     0  00:01       0.453        1.36      -0.000
  2174041302           JUNCTION     0.064    0.141     0  00:00       0.453       0.905       0.002
  2174041303           JUNCTION     0.064    0.903     0  00:04       0.453        6.34       0.001
  2174041304           JUNCTION     0.064    0.064     0  00:00       0.453       0.453      -0.001
  2174041305           JUNCTION     0.064    0.835     0  00:21       0.453        5.88       0.001
  2174041401           JUNCTION     0.064    1.059     0  00:04       0.453        7.24       0.000
  2174041402           JUNCTION     0.064    0.064     0  00:00       0.453       0.453      -0.018
  2174041403           JUNCTION     0.064    0.983     0  00:04       0.453        6.79       0.001
  2174041404           JUNCTION     0.064    0.271     0  00:01       0.453        1.81       0.003
  2174041405           JUNCTION     0.064    0.200     0  00:01       0.453        1.36      -0.002
  2174041501           JUNCTION     0.064    0.137     0  00:00       0.453       0.905       0.007
  2174041502           JUNCTION     0.064    0.794     0  00:02       0.453        5.43       0.002
  2174041503           JUNCTION     0.064    0.261     0  00:02       0.453        1.81       0.005
  2174041504           JUNCTION     0.064    0.350     0  00:01       0.453        2.26       0.003
  2174041601           JUNCTION     0.064    0.197     0  00:01       0.453        1.36       0.005
  2174041602           JUNCTION     0.064    0.136     0  00:00       0.453       0.905       0.012
  2174041603           JUNCTION     0.064    0.064     0  00:00       0.453       0.453      -0.021
  2174041704           JUNCTION     0.064    0.264     0  00:01       0.453        1.81      -0.007
  2174041705           JUNCTION     0.064    0.199     0  00:01       0.453        1.36       0.002
  2174041801           JUNCTION     0.064    0.865     0  00:06       0.453        6.11       0.003
  2174041803           JUNCTION     0.064    0.338     0  00:02       0.453        2.26       0.004
  2174041806           JUNCTION     0.064    0.137     0  00:00       0.453       0.905       0.014
  2174041807           JUNCTION     0.064    0.064     0  00:00       0.453       0.453      -0.021
  2174041901           JUNCTION     0.064    0.343     0  00:02       0.453        2.26       0.004
  2174042201           JUNCTION     0.064    0.226     0  00:02       0.453        1.36      -0.005
  2174042202           JUNCTION     0.064    0.231     0  00:02       0.453       0.908      -0.013
  2174042203           JUNCTION     0.064    0.256     0  00:02       0.453       0.454      -0.032
  2174042204           JUNCTION     0.064    0.578     0  00:18       0.453        4.07       0.000
  2174042301           JUNCTION     0.064    0.771     0  00:19       0.453        5.43       0.002
  2174042302           JUNCTION     0.064    0.706     0  00:17       0.453        4.98       0.000
  2174042303           JUNCTION     0.064    0.642     0  00:17       0.453        4.53       0.001
  2174042401           JUNCTION     0.064    0.137     0  00:00       0.453       0.905       0.011
  2174042402           JUNCTION     0.064    0.064     0  00:00       0.453       0.453      -0.010
  2174042403           JUNCTION     0.064    0.259     0  00:04       0.453       0.454      -0.065
  2174042404           JUNCTION     0.064    0.266     0  00:03       0.453       0.908      -0.014
  2174042501           JUNCTION     0.064    0.239     0  00:03       0.453        1.36      -0.011
  2174042502           JUNCTION     0.064    0.258     0  00:05       0.453        1.81       0.011
  2174042604           JUNCTION     0.064    0.322     0  00:05       0.453        2.26      -0.004
  2174042605           JUNCTION     0.064    0.344     0  00:17       0.453        2.44       0.001
  2174042704           JUNCTION     0.064    0.367     0  01:55       0.453        2.31       0.002
  2174042901           JUNCTION     0.064    2.075     0  00:09       0.453        13.2      -0.194
  2174042902           JUNCTION     0.064    1.109     0  00:07       0.453        7.74      -0.092
  2174042903           JUNCTION     0.064    0.706     0  00:51       0.453        4.98       0.001
  2174042904           JUNCTION     0.064    0.642     0  00:10       0.453        4.52      -0.018
  2174042905           JUNCTION     0.064    0.064     0  00:00       0.453       0.453       0.181
  2174042906           JUNCTION     0.064    1.057     0  00:04       0.453        7.29       0.004
  2174042907           JUNCTION     0.064    0.990     0  00:04       0.453        6.83       0.001
  2174043203           JUNCTION     0.064    0.064     0  00:00       0.453       0.453       0.000
  2174043301           JUNCTION     0.064    0.514     0  01:48       0.453        3.62      -0.000
  2174043302           JUNCTION     0.064    0.450     0  00:39       0.453        3.17       0.002
  2174043303           JUNCTION     0.064    0.385     0  00:45       0.453        2.72      -0.000
  2174043401           JUNCTION     0.064    0.323     0  01:56       0.453        2.26       0.005
  2174043402           JUNCTION     0.064    0.267     0  01:55       0.453        1.81       0.003
  2174043403           JUNCTION     0.064    0.201     0  01:55       0.453        1.36      -0.001
  2174043501           JUNCTION     0.064    0.137     0  00:00       0.453       0.905       0.010
  2174043502           JUNCTION     0.064    0.064     0  00:00       0.453       0.453      -0.016
  2174043701           JUNCTION     0.064    0.419     0  01:55       0.453        2.76       0.000
  2174043801           JUNCTION     0.064    0.472     0  01:55       0.453        3.21       0.001
  2174043802           JUNCTION     0.064    0.526     0  00:04       0.453        3.67      -0.002
  2174043803           JUNCTION     0.064    0.590     0  00:04       0.453        4.12       0.002
  2174043901           JUNCTION     0.064    0.925     0  00:04       0.453        6.38       0.004
  2174043902           JUNCTION     0.064    0.654     0  00:04       0.453        4.57       0.001
  2174043903           JUNCTION     0.064    0.846     0  00:04       0.453        5.93      -0.004
  2174043904           JUNCTION     0.064    0.185     0  00:03       0.453       0.906       0.059
  2174043905           JUNCTION     0.064    0.136     0  00:04       0.453       0.453      -0.049
  2174050001           JUNCTION     0.064    0.257     0  00:03       0.453       0.722       0.011
  2174050002           JUNCTION     0.064    0.321     0  00:03       0.453        1.17       0.007
  2174050003           JUNCTION     0.064    0.170     0  00:02       0.453       0.455      -0.097
  2174050004           JUNCTION     0.064    0.271     0  00:01       0.453        1.81       0.002
  2174050101           JUNCTION     0.064    0.654     0  00:03       0.453        4.34       0.003
  2174050102           JUNCTION     0.064    0.588     0  00:03       0.453        3.89       0.003
  2174050103           JUNCTION     0.064    0.329     0  00:01       0.453        2.26      -0.060
  2174050104           JUNCTION     0.064    0.064     0  00:00       0.453       0.453      -0.015
  2174050105           JUNCTION     0.064    0.199     0  00:01       0.453        1.36       0.121
  2174050106           JUNCTION     0.064    0.136     0  00:00       0.453       0.906       0.006
  2174050202           JUNCTION     0.064    0.194     0  00:02       0.453        1.36      -0.002
  2174050203           JUNCTION     0.064    0.136     0  00:00       0.453       0.905       0.012
  2174050204           JUNCTION     0.064    0.409     0  00:01       0.453        2.72       0.001
  2174050205           JUNCTION     0.064    0.356     0  00:01       0.453        2.26       0.006
  2174050304           JUNCTION     0.064    0.131     0  00:00       0.453       0.905      -0.001
  2174050305           JUNCTION     0.064    0.415     0  00:01       0.453        2.72       0.001
  2174050401           JUNCTION     0.064    0.306     0  00:00       0.453        1.81      -0.001
  2174050405           JUNCTION     0.064    0.194     0  00:02       0.453        1.36      -0.000
  2174050501           JUNCTION     0.064    0.113     0  00:01       0.453       0.453      -0.013
  2174050502           JUNCTION     0.064    0.288     0  01:22       0.453        1.99      -0.004
  2174050503           JUNCTION     0.064    0.288     0  00:01       0.453        1.55      -0.027
  2174050504           JUNCTION     0.064    0.270     0  00:01       0.453       0.908      -0.011
  2174050505           JUNCTION     0.064    0.584     0  00:01       0.453        2.73       0.009
  2174050506           JUNCTION     0.064    0.285     0  00:01       0.453       0.455      -0.057
  2174050507           JUNCTION     0.064    0.325     0  00:02       0.453        2.26       0.004
  2174050508           JUNCTION     0.064    0.151     0  00:02       0.453       0.453      -0.005
  2174050509           JUNCTION     0.064    0.284     0  00:00       0.453        1.81      -0.013
  2174050510           JUNCTION     0.064    0.260     0  00:02       0.453       0.909       0.008
  2174050511           JUNCTION     0.064    0.319     0  00:02       0.453       0.456      -0.064
  2174050601           JUNCTION     0.064    0.553     0  00:01       0.453        2.95       0.004
  2174050602           JUNCTION     0.064    0.533     0  00:01       0.453         3.4       0.063
  2174050603           JUNCTION     0.064    1.447     0  00:02       0.453          10      -0.030
  2174050604           JUNCTION     0.064    0.106     0  00:01       0.453       0.453       0.047
  2174050605           JUNCTION     0.064    0.608     0  00:01       0.453        3.01      -0.008
  2174050606           JUNCTION     0.064    0.835     0  00:02       0.453        5.73      -0.023
  2174050607           JUNCTION     0.064    0.284     0  00:01       0.453       0.911      -0.016
  2174050608           JUNCTION     0.064    0.342     0  00:01       0.453       0.911       0.118
  2174050702           JUNCTION     0.064    1.512     0  00:02       0.453        10.5      -0.000
  2174051001           JUNCTION     0.064    0.200     0  00:01       0.453        1.36       0.003
  2174051002           JUNCTION     0.064    0.271     0  00:01       0.453        1.81       0.004
  2174051003           JUNCTION     0.064    0.136     0  00:00       0.453       0.905       0.012
  2174051004           JUNCTION     0.064    0.201     0  00:01       0.453        1.36       0.004
  2174051005           JUNCTION     0.064    0.137     0  00:00       0.453       0.905       0.009
  2174051101           JUNCTION     0.064    0.114     0  00:03       0.453       0.453      -0.033
  2174051102           JUNCTION     0.064    0.064     0  00:00       0.453       0.453      -0.016
  2174051201           JUNCTION     0.064    0.279     0  00:01       0.453        1.81      -0.003
  2174051202           JUNCTION     0.064    0.211     0  00:00       0.453        1.36       0.010
  2174051203           JUNCTION     0.064    0.136     0  00:00       0.453       0.905      -0.018
  2174051301           JUNCTION     0.064    0.064     0  00:00       0.453       0.453      -0.002
  2174051302           JUNCTION     0.064    0.342     0  00:01       0.453        2.26       0.002
  2174051303           JUNCTION     0.064    0.271     0  00:01       0.453        1.81       0.003
  2174051304           JUNCTION     0.064    0.203     0  00:01       0.453        1.36       0.008
  2174051402           JUNCTION     0.064    0.133     0  00:00       0.453       0.905       0.022
  2174051403           JUNCTION     0.064    0.064     0  00:00       0.453       0.453      -0.023
  2174051601           JUNCTION     0.064    0.328     0  00:02       0.453       0.455      -0.078
  2174051602           JUNCTION     0.064    0.289     0  00:02       0.453        1.37       0.058
  2174051603           JUNCTION     0.064    0.352     0  00:02       0.453       0.914      -0.013
  2174051604           JUNCTION     0.064    0.440     0  00:02       0.453       0.455      -0.120
  2174051701           JUNCTION     0.064    0.289     0  00:01       0.453       0.455      -0.069
  2174052001           JUNCTION     0.064    0.514     0  01:13       0.453        3.62       0.002
  2174052002           JUNCTION     0.064    0.450     0  00:59       0.453        3.17      -0.016
  2174052003           JUNCTION     0.064    0.222     0  01:56       0.453        1.36       0.006
  2174052004           JUNCTION     0.064    0.202     0  00:00       0.453        1.36       0.068
  2174052101           JUNCTION     0.064    0.064     0  00:00       0.453       0.453      -0.020
  2174052101_          JUNCTION     0.064    0.064     0  00:00       0.453       0.453       0.029
  2174052102           JUNCTION     0.064    0.142     0  01:55       0.453       0.905       0.007
  2174052103           JUNCTION     0.064    0.064     0  00:00       0.453       0.453      -0.022
  2174052201           JUNCTION     0.064    0.140     0  00:00       0.453       0.905       0.005
  2174052202           JUNCTION     0.064    0.064     0  00:00       0.453       0.453       0.038
  2174052203           JUNCTION     0.064    0.064     0  00:00       0.453       0.453      -0.013
  2174052204           JUNCTION     0.064    0.143     0  00:00       0.453       0.905      -0.001
  2174052205           JUNCTION     0.064    0.064     0  00:00       0.453       0.453      -0.001
  2174052301           JUNCTION     0.064    0.346     0  00:01       0.453        2.26      -0.000
  2174052302           JUNCTION     0.064    0.272     0  00:01       0.453        1.81      -0.001
  2174052303           JUNCTION     0.064    0.205     0  00:00       0.453        1.36      -0.001
  2174052402           JUNCTION     0.064    1.220     0  01:42       0.453         8.6       0.001
  2174052403           JUNCTION     0.064    0.963     0  00:55       0.453        6.79      -0.002
  2174052404           JUNCTION     0.064    0.411     0  00:01       0.453        2.72       0.003
  2174052405           JUNCTION     0.064    0.199     0  00:01       0.453        1.36       0.004
  2174052406           JUNCTION     0.064    0.514     0  00:55       0.453        3.62      -0.003
  2174052407           JUNCTION     0.064    0.454     0  00:02       0.453        3.17       0.002
  2174052408           JUNCTION     0.064    0.138     0  00:00       0.453       0.905       0.012
  2174052501_          JUNCTION     0.064    0.064     0  00:00       0.453       0.453      -0.024
  2174052502_          JUNCTION     0.064    0.136     0  00:00       0.453       0.905       0.013
  2174052503           JUNCTION     0.064    0.257     0  00:06       0.453        1.81       0.000
  2174052504           JUNCTION     0.064    0.193     0  00:04       0.453        1.36       0.009
  2174052505           JUNCTION     0.064    0.131     0  00:00       0.453       0.905       0.011
  2174052601           JUNCTION     0.064    0.135     0  00:00       0.453       0.905       0.014
  2174052601_          JUNCTION     0.064    0.064     0  00:00       0.453       0.453      -0.011
  2174052602           JUNCTION     0.064    0.064     0  00:00       0.453       0.453      -0.021
  2174053001           JUNCTION     0.064    0.137     0  00:00       0.453       0.905       0.003
  2174053001_          JUNCTION     0.064    0.064     0  00:00       0.453       0.453      -0.007
  2174053002           JUNCTION     0.064    0.064     0  00:00       0.453       0.453      -0.010
  2174053002_          JUNCTION     0.064    0.385     0  01:04       0.453        2.72       0.004
  2174053101           JUNCTION     0.064    0.193     0  01:12       0.453        1.36       0.013
  2174053102           JUNCTION     0.064    0.257     0  01:42       0.453        1.81       0.005
  2174053201           JUNCTION     0.064    0.064     0  00:00       0.453       0.453      -0.013
  2174053202           JUNCTION     0.064    0.064     0  00:00       0.453       0.453      -0.001
  2174053203           JUNCTION     0.064    0.064     0  00:00       0.453       0.453      -0.064
  2174053204           JUNCTION     0.064    0.141     0  00:00       0.453       0.905       0.006
  2174053205           JUNCTION     0.064    0.138     0  00:00       0.453       0.905      -0.001
  2174053206           JUNCTION     0.064    0.205     0  00:01       0.453        1.36       0.007
  2174053207           JUNCTION     0.064    0.208     0  00:00       0.453        1.36      -0.001
  2174053301           JUNCTION     0.064    0.397     0  00:02       0.453        2.72       0.005
  2174053301_          JUNCTION     0.064    0.275     0  00:01       0.453        1.81       0.001
  2174053302           JUNCTION     0.064    0.328     0  00:01       0.453        2.26      -0.026
  2174053303           JUNCTION     0.064    0.202     0  00:01       0.453        1.36       0.037
  2174053304           JUNCTION     0.064    0.064     0  00:00       0.453       0.453       0.049
  2174053401           JUNCTION     0.064    0.064     0  00:00       0.453       0.453      -0.020
  2174053401_          JUNCTION     0.064    0.064     0  00:00       0.453       0.453      -0.015
  2174053402           JUNCTION     0.064    0.139     0  00:00       0.453       0.905       0.008
  2174053402_          JUNCTION     0.064    0.136     0  00:00       0.453       0.905       0.013
  2174053403           JUNCTION     0.064    0.064     0  00:00       0.453       0.453      -0.014
  2174053403_          JUNCTION     0.064    0.199     0  00:01       0.453        1.36      -0.002
  2174053501           JUNCTION     0.064    0.064     0  00:00       0.453       0.453      -0.021
  2174053501_          JUNCTION     0.064    0.193     0  00:10       0.453        1.36       0.005
  2174053502           JUNCTION     0.064    0.257     0  00:10       0.453        1.81       0.001
  2174053503           JUNCTION     0.064    0.270     0  00:01       0.453        1.81       0.003
  2174053504           JUNCTION     0.064    0.328     0  00:02       0.453        2.26       0.007
  2174053505           JUNCTION     0.064    0.387     0  00:03       0.453        2.72      -0.001
  2174053506           JUNCTION     0.064    0.520     0  00:05       0.453        3.62      -0.012
  2174053507           JUNCTION     0.064    1.262     0  00:06       0.453         8.6      -0.079
  2174053601           JUNCTION     0.064    0.138     0  00:02       0.453       0.905       0.015
  2174053602           JUNCTION     0.064    0.064     0  00:00       0.453       0.453      -0.022
  2174053603           JUNCTION     0.064    0.200     0  00:04       0.453        1.36       0.003
  2174053604           JUNCTION     0.064    0.150     0  00:03       0.453       0.905       0.005
  2174053605           JUNCTION     0.064    0.394     0  00:05       0.453        2.72       0.007
  2174053606           JUNCTION     0.064    0.457     0  00:05       0.453        3.17       0.004
  2171039205           OUTFALL      0.000    2.302     0  00:44           0        13.5       0.000
  2171039208           OUTFALL      0.000    3.465     0  00:42           0        22.2       0.000
  2171039210           OUTFALL      0.000    0.642     0  00:07           0        4.53       0.000
  2171039211           OUTFALL      0.000    0.141     0  00:00           0       0.905       0.000
  2172030502           OUTFALL      0.000    0.321     0  00:14           0        2.26       0.000
  2172031804           OUTFALL      0.000    0.273     0  00:01           0        1.81       0.000
  2172034807           OUTFALL      0.000    2.145     0  01:15           0        15.2       0.000
  2172035801           OUTFALL      0.000    1.581     0  01:15           0          11       0.000
  2172037003           OUTFALL      0.000    0.272     0  01:37           0        1.85       0.000
  2172037104           OUTFALL      0.000    1.607     0  01:37           0        11.1       0.000
  2172038705           OUTFALL      0.000    0.321     0  00:04           0        2.26       0.000
  2172039702           OUTFALL      0.000    0.717     0  00:08           0        4.98       0.000
  2172040012           OUTFALL      0.000    0.068     0  00:00           0       0.453       0.000
  2172040705           OUTFALL      0.000    0.321     0  00:04           0        2.26       0.000
  2172040801           OUTFALL      0.000    0.065     0  00:00           0       0.453       0.000
  2172040901           OUTFALL      0.000    0.065     0  00:00           0       0.453       0.000
  2172041706           OUTFALL      0.000    0.065     0  00:00           0       0.453       0.000
  2172041906           OUTFALL      0.000    0.129     0  00:00           0       0.905       0.000
  2172042603           OUTFALL      0.000    0.230     0  00:00           0        1.36       0.000
  2172042903           OUTFALL      0.000    0.064     0  00:01           0       0.453       0.000
  2172043601           OUTFALL      0.000    0.193     0  00:00           0        1.36       0.000
  2172044406           OUTFALL      0.000    0.323     0  00:02           0        2.26       0.000
  2172052104           OUTFALL      0.000    0.322     0  00:00           0        2.26       0.000
  2172054508           OUTFALL      0.000    0.303     0  00:03           0        1.96       0.000
  2172054511           OUTFALL      0.000    0.345     0  00:03           0        2.37       0.000
  2172055003           OUTFALL      0.000    0.199     0  00:01           0        1.36       0.000
  2172055602           OUTFALL      0.000    0.065     0  00:01           0       0.453       0.000
  2172056304           OUTFALL      0.000    0.201     0  00:01           0        1.36       0.000
  2172056701           OUTFALL      0.000    0.265     0  00:01           0        1.81       0.000
  2172057103           OUTFALL      0.000    0.064     0  00:01           0       0.453       0.000
  2172057401           OUTFALL      0.000    0.321     0  00:05           0        2.26       0.000
  2172057601_          OUTFALL      0.000    0.133     0  00:00           0       0.905       0.000
  2172059602           OUTFALL      0.000    0.068     0  00:00           0       0.453       0.000
  2173030102           OUTFALL      0.000    0.074     0  00:00           0       0.453       0.000
  2173032501           OUTFALL      0.000    0.057     0  00:17           0       0.402       0.000
  2173036601           OUTFALL      0.000    0.391     0  00:01           0        2.72       0.000
  2173037501           OUTFALL      0.000    0.474     0  00:01           0        3.17       0.000
  2173041203           OUTFALL      0.000    0.514     0  01:34           0        3.62       0.000
  2173042201           OUTFALL      0.000    0.128     0  00:06           0       0.905       0.000
  2173042202           OUTFALL      0.000    0.064     0  00:02           0       0.453       0.000
  2173042402           OUTFALL      0.000    2.493     0  01:41           0        17.6       0.000
  2173042404           OUTFALL      0.000    0.321     0  00:19           0        2.26       0.000
  2173042407           OUTFALL      0.000    0.321     0  00:13           0        2.26       0.000
  2173043001           OUTFALL      0.000    0.129     0  00:03           0       0.905       0.000
  2173043202           OUTFALL      0.000    0.257     0  00:27           0        1.81       0.000
  2173043502           OUTFALL      0.000    0.257     0  00:10           0        1.81       0.000
  2173043505           OUTFALL      0.000    0.385     0  00:42           0        2.72       0.000
  2173045601           OUTFALL      0.000    0.194     0  00:02           0        1.36       0.000
  2173046003           OUTFALL      0.000    0.555     0  00:03           0        3.62       0.000
  2173046102           OUTFALL      0.000    0.830     0  00:07           0        5.87       0.000
  2173046202           OUTFALL      0.000    0.193     0  00:10           0        1.36       0.000
  2173046704           OUTFALL      0.000    0.130     0  00:01           0       0.905       0.000
  2173047202           OUTFALL      0.000    0.642     0  01:00           0        4.53       0.000
  2173047204           OUTFALL      0.000    0.068     0  00:00           0       0.453       0.000
  2173048301           OUTFALL      0.000    0.544     0  00:02           0        3.62       0.000
  2173049504           OUTFALL      0.000    0.206     0  00:01           0        1.36       0.000
  2173050602           OUTFALL      0.000    0.385     0  00:03           0        2.72       0.000
  2173052603           OUTFALL      0.000    0.602     0  00:03           0        4.07       0.000
  2173054701           OUTFALL      0.000    0.722     0  00:09           0        4.99       0.000
  2173054702           OUTFALL      0.000    0.823     0  00:08           0        5.82       0.000
  2173055701           OUTFALL      0.000    5.257     0  01:42           0        36.4       0.000
  2173057003           OUTFALL      0.000    2.019     0  00:08           0        14.2       0.000
  2173057105           OUTFALL      0.000    0.198     0  00:02           0        1.36       0.000
  2173058004           OUTFALL      0.000    0.105     0  00:04           0       0.743       0.000
  2173058104           OUTFALL      0.000    0.264     0  00:01           0        1.81       0.000
  2173058202           OUTFALL      0.000    0.193     0  00:03           0        1.36       0.000
  2173058302           OUTFALL      0.000    0.193     0  00:08           0        1.36       0.000
  2173058304           OUTFALL      0.000    0.706     0  00:02           0        5.04       0.000
  2173059101           OUTFALL      0.000    0.132     0  00:01           0       0.905       0.000
  2174030104           OUTFALL      0.000    0.073     0  00:00           0       0.453       0.000
  2174031409           OUTFALL      0.000    0.193     0  00:25           0        1.36       0.000
  2174032603           OUTFALL      0.000    0.196     0  00:02           0        1.36       0.000
  2174034201           OUTFALL      0.000    0.583     0  00:06           0        4.07       0.000
  2174034202           OUTFALL      0.000    0.385     0  00:14           0        2.72       0.000
  2174034203           OUTFALL      0.000    0.321     0  00:15           0        2.26       0.000
  2174034301           OUTFALL      0.000    0.129     0  00:03           0       0.905       0.000
  2174040003           OUTFALL      0.000    0.385     0  00:28           0        2.72       0.000
  2174040903           OUTFALL      0.000    0.570     0  00:03           0        3.62       0.000
  2174043204           OUTFALL      0.000    0.084     0  00:00           0       0.453       0.000
  2174050201           OUTFALL      0.000    0.409     0  00:02           0        2.72       0.000
  2174050302           OUTFALL      0.000    0.130     0  00:01           0       0.905       0.000
  2174050402           OUTFALL      0.000    0.423     0  00:02           0        2.72       0.000
  2174050403           OUTFALL      0.000    0.195     0  00:02           0        1.36       0.000
  2174050701           OUTFALL      0.000    1.513     0  00:02           0        10.5       0.000
  2174052502           OUTFALL      0.000    0.257     0  00:06           0        1.81       0.000
  2174052703           OUTFALL      0.000    0.132     0  00:01           0       0.905       0.000
  2174053208           OUTFALL      0.000    0.212     0  00:01           0        1.36       0.000
  2174054001           OUTFALL      0.000    0.385     0  01:04           0        2.72       0.000
  2174054301           OUTFALL      0.000    0.286     0  00:01           0        1.81       0.000
  2171049803_OUT       OUTFALL      0.000    0.328     0  00:02           0        2.26       0.000
  2172038505_OUT       OUTFALL      0.000    0.835     0  01:51           0        5.88       0.000
  2172038509_OUT       OUTFALL      0.000    1.632     0  01:03           0        10.1       0.000
  2172039202_OUT       OUTFALL      0.000    0.584     0  00:02           0        4.13       0.000
  2172039304_OUT       OUTFALL      0.000    0.747     0  00:31           0        4.53       0.000
  2172043605_OUT       OUTFALL      0.000    0.953     0  01:01           0        6.36       0.000
  2172043606_OUT       OUTFALL      0.000    0.363     0  00:01           0        2.53       0.000
  2172043905_OUT       OUTFALL      0.000    1.547     0  00:03           0        10.9       0.000
  2172044706_OUT       OUTFALL      0.000    1.262     0  00:50           0        8.93       0.000
  2172045701_OUT       OUTFALL      0.000    0.516     0  00:34           0        3.62       0.000
  2172052105_OUT       OUTFALL      0.000    0.900     0  00:07           0        6.34       0.000
  2172056405_OUT       OUTFALL      0.000    0.660     0  00:01           0        4.46       0.000
  2172057101_OUT       OUTFALL      0.000    0.360     0  00:00           0        2.54       0.000
  2172057309_OUT       OUTFALL      0.000    1.146     0  00:02           0        8.08       0.000
  2172059301_OUT       OUTFALL      0.000    0.514     0  00:02           0        3.62       0.000
  2173031302_OUT       OUTFALL      0.000    1.479     0  00:02           0        9.56       0.000
  2173031402_OUT       OUTFALL      0.000    0.548     0  00:11           0        3.62       0.000
  2173033601_OUT       OUTFALL      0.000    0.693     0  00:02           0        4.53       0.000
  2173035301_OUT       OUTFALL      0.000    0.589     0  00:02           0        4.07       0.000
  2173047701_OUT       OUTFALL      0.000    1.138     0  00:41           0        7.98       0.000
  2173048204_OUT       OUTFALL      0.000    3.387     0  00:47           0          24       0.000
  2173059104_OUT       OUTFALL      0.000    1.022     0  00:03           0        7.06       0.000
  2174041502_OUT       OUTFALL      0.000    0.793     0  00:02           0        5.43       0.000
  2174041801_OUT       OUTFALL      0.000    0.865     0  00:06           0        6.11       0.000
  2174042901_OUT       OUTFALL      0.000    2.104     0  00:07           0        13.2       0.000
  2174052402_OUT       OUTFALL      0.000    1.220     0  01:18           0         8.6       0.000
  2174053507_OUT       OUTFALL      0.000    1.252     0  00:06           0        8.61       0.000
  
  
  **********************
  Node Surcharge Summary
  **********************
  
  Surcharging occurs when water rises above the top of the highest conduit.
  ---------------------------------------------------------------------
                                               Max. Height   Min. Depth
                                   Hours       Above Crown    Below Rim
  Node                 Type      Surcharged         Meters       Meters
  ---------------------------------------------------------------------
  2171049801           JUNCTION        1.95          1.082        0.000
  2171049802           JUNCTION        1.93          1.134        0.000
  2171049804           JUNCTION        1.93          1.292        0.000
  2172038512           JUNCTION        0.06          0.448        0.523
  2172038513           JUNCTION        1.17          0.341        0.864
  2172039204           JUNCTION        1.92          1.136        0.000
  2172039206           JUNCTION        1.94          0.841        0.000
  2172039307           JUNCTION        0.15          0.502        0.093
  2172039308           JUNCTION        1.13          0.414        0.093
  2172039309           JUNCTION        1.14          0.339        0.240
  2172039310           JUNCTION        0.05          0.050        0.595
  2172039401           JUNCTION        0.03          0.417        0.000
  2172039402           JUNCTION        1.80          0.353        0.000
  2172039403           JUNCTION        1.85          0.512        0.000
  2172039404           JUNCTION        1.86          0.600        0.000
  2172039501           JUNCTION        1.88          0.384        0.436
  2172039502           JUNCTION        1.90          0.382        0.420
  2172039503           JUNCTION        1.90          0.360        0.175
  2172039506           JUNCTION        1.89          0.378        0.240
  2172039507           JUNCTION        1.87          0.560        0.080
  2172039508           JUNCTION        1.88          0.348        0.331
  2172039703           JUNCTION        1.93          0.752        0.411
  2172039704           JUNCTION        1.94          0.761        0.512
  2172039705           JUNCTION        1.93          0.936        0.197
  2172039706           JUNCTION        1.92          0.975        0.055
  2172040802           JUNCTION        1.91          0.036        1.307
  2172041902           JUNCTION        1.91          0.776        0.000
  2172041903           JUNCTION        1.90          0.887        0.000
  2172041905           JUNCTION        1.90          0.833        0.000
  2172041907           JUNCTION        1.95          2.232        0.000
  2172042301_          JUNCTION        1.92          0.608        0.000
  2172042302_          JUNCTION        1.81          1.213        0.565
  2172042401_          JUNCTION        1.93          0.793        0.000
  2172042402           JUNCTION        1.95          0.901        0.000
  2172042403           JUNCTION        1.95          0.897        0.000
  2172042702           JUNCTION        1.93          1.028        0.000
  2172042802           JUNCTION        1.94          1.007        0.000
  2172042901           JUNCTION        1.95          2.455        0.000
  2172042902           JUNCTION        1.92          1.382        0.000
  2172043401_          JUNCTION        1.98          1.155        0.000
  2172043501           JUNCTION        1.97          1.105        0.000
  2172043502           JUNCTION        1.85          1.000        0.576
  2172043503           JUNCTION        1.96          1.124        0.000
  2172043504           JUNCTION        1.97          1.227        0.000
  2172043505           JUNCTION        1.97          1.314        0.000
  2172043506           JUNCTION        1.98          1.418        0.000
  2172043508           JUNCTION        1.89          1.343        0.000
  2172043602           JUNCTION        1.96          1.068        0.000
  2172043603           JUNCTION        1.95          0.996        0.000
  2172043604           JUNCTION        0.54          1.515        0.000
  2172043701           JUNCTION        1.94          1.198        0.000
  2172043702           JUNCTION        1.94          1.142        0.000
  2172043703           JUNCTION        1.90          0.727        0.281
  2172043704           JUNCTION        1.91          1.179        0.000
  2172043705           JUNCTION        1.90          1.237        0.000
  2172043706           JUNCTION        1.93          1.013        0.000
  2172043801           JUNCTION        1.88          0.753        0.366
  2172043802           JUNCTION        1.86          0.537        0.544
  2172043803           JUNCTION        1.90          0.900        0.500
  2172043804           JUNCTION        1.90          1.136        0.270
  2172043907           JUNCTION        1.90          0.292        1.562
  2172044601           JUNCTION        1.98          1.267        0.000
  2172044602           JUNCTION        1.98          1.211        0.000
  2172044605           JUNCTION        1.98          1.155        0.000
  2172044607           JUNCTION        1.97          1.120        0.000
  2172044701           JUNCTION        1.93          0.509        0.000
  2172044702           JUNCTION        1.96          0.844        0.000
  2172044703           JUNCTION        1.97          1.259        0.000
  2172044704           JUNCTION        1.98          1.447        0.000
  2172044705           JUNCTION        1.98          1.960        0.000
  2172044902           JUNCTION        1.95          1.786        0.000
  2172044903           JUNCTION        1.95          2.002        0.000
  2172044905           JUNCTION        1.92          1.836        0.406
  2172045801           JUNCTION        1.90          1.777        0.000
  2172045803           JUNCTION        1.93          1.771        0.269
  2172045804           JUNCTION        1.93          1.368        0.491
  2172045805           JUNCTION        1.93          1.721        0.009
  2172045809           JUNCTION        1.94          1.245        0.000
  2172045905           JUNCTION        1.89          0.462        0.734
  2172046802_          JUNCTION        1.97          1.278        0.000
  2172046803_          JUNCTION        1.97          1.299        0.000
  2172046805           JUNCTION        1.96          1.142        0.000
  2172046806           JUNCTION        1.94          0.894        0.000
  2172046901           JUNCTION        1.96          1.227        0.000
  2172046903           JUNCTION        1.94          1.217        0.000
  2172048307           JUNCTION        0.01          0.012        2.028
  2172049301           JUNCTION        0.48          0.171        1.778
  2172049302           JUNCTION        0.25          0.127        1.784
  2172049303           JUNCTION        1.40          0.089        1.741
  2172051102           JUNCTION        1.93          1.854        0.000
  2172051103           JUNCTION        1.95          1.854        0.000
  2172052101           JUNCTION        1.96          2.242        0.000
  2172052102           JUNCTION        1.93          0.459        2.014
  2172052103           JUNCTION        1.91          0.165        2.430
  2172052106           JUNCTION        1.93          1.354        1.659
  2172052107           JUNCTION        1.93          1.274        1.590
  2172052109           JUNCTION        1.93          1.062        1.580
  2172052110           JUNCTION        1.91          0.825        1.131
  2172052111           JUNCTION        1.90          0.506        2.098
  2172052112           JUNCTION        1.91          0.778        1.058
  2172052114           JUNCTION        1.93          1.085        0.720
  2172053201           JUNCTION        1.94          1.666        0.000
  2172053203           JUNCTION        1.93          1.477        0.000
  2172053204           JUNCTION        1.89          1.180        0.000
  2172053503           JUNCTION        1.98          1.840        0.000
  2172053602           JUNCTION        1.96          1.561        0.000
  2172054501           JUNCTION        1.97          1.795        0.000
  2172056101           JUNCTION        1.95          1.363        0.000
  2172056102           JUNCTION        1.93          1.220        0.000
  2172056302           JUNCTION        1.88          0.956        0.253
  2172056305           JUNCTION        1.96          1.050        0.000
  2172056403           JUNCTION        1.92          1.677        0.000
  2172056404           JUNCTION        1.94          2.150        0.000
  2172056406           JUNCTION        1.94          0.581        0.000
  2172056503           JUNCTION        1.97          2.033        0.000
  2172056601_          JUNCTION        1.97          2.015        0.000
  2172056602_          JUNCTION        1.96          1.976        0.000
  2172056603           JUNCTION        1.96          1.676        0.000
  2172056603_          JUNCTION        1.95          1.642        0.000
  2172057001           JUNCTION        1.96          0.377        0.000
  2172057002           JUNCTION        1.97          0.603        0.000
  2172057003           JUNCTION        1.97          0.697        0.000
  2172057004           JUNCTION        1.97          0.791        0.000
  2172057005           JUNCTION        1.94          0.681        0.000
  2172057105           JUNCTION        1.94          0.902        0.000
  2172057301           JUNCTION        1.97          1.346        0.000
  2172057302           JUNCTION        1.94          1.503        0.000
  2172057305           JUNCTION        1.97          1.775        0.000
  2172057406           JUNCTION        1.90          2.314        0.000
  2172057601           JUNCTION        1.96          1.849        0.000
  2172057602           JUNCTION        1.94          1.360        0.546
  2172057603           JUNCTION        1.94          2.061        0.000
  2172058102           JUNCTION        1.92          1.685        0.000
  2172058401           JUNCTION        1.92          2.065        0.000
  2172058402           JUNCTION        1.94          2.082        0.000
  2172058403           JUNCTION        1.94          1.937        0.000
  2172058501           JUNCTION        1.94          1.899        0.000
  2172058502           JUNCTION        1.93          1.530        0.000
  2172058503           JUNCTION        1.92          1.212        0.000
  2172058602           JUNCTION        1.94          1.219        0.094
  2172058603           JUNCTION        1.94          1.060        0.000
  2172058604           JUNCTION        1.91          0.991        0.000
  2172058605           JUNCTION        1.88          0.545        0.000
  2172058606           JUNCTION        1.97          1.071        0.000
  2172058607           JUNCTION        1.95          1.189        0.000
  2172058608           JUNCTION        1.96          1.645        0.000
  2172059402           JUNCTION        1.91          1.577        0.000
  2172059404           JUNCTION        1.91          1.472        0.000
  2172059501           JUNCTION        1.93          0.732        0.000
  2172059502           JUNCTION        1.94          1.022        0.000
  2173030301           JUNCTION        1.94          0.698        0.000
  2173030302           JUNCTION        1.94          0.621        0.000
  2173030303           JUNCTION        1.93          0.698        0.000
  2173030304           JUNCTION        1.92          0.490        0.000
  2173030405           JUNCTION        0.01          0.319        0.720
  2173030501           JUNCTION        1.94          0.788        0.193
  2173030502           JUNCTION        1.88          0.505        0.702
  2173030503           JUNCTION        1.95          0.775        0.169
  2173030601           JUNCTION        1.96          0.818        0.086
  2173030602           JUNCTION        1.96          0.832        0.000
  2173030603           JUNCTION        1.96          0.900        0.000
  2173030604           JUNCTION        1.96          1.060        0.000
  2173030607           JUNCTION        1.96          1.002        0.000
  2173030608           JUNCTION        1.96          0.942        0.000
  2173030701           JUNCTION        1.83          1.013        0.000
  2173030703           JUNCTION        1.45          0.931        0.000
  2173031701           JUNCTION        1.95          0.840        0.000
  2173031702           JUNCTION        1.94          0.767        0.000
  2173031705           JUNCTION        1.94          0.750        0.000
  2173031706           JUNCTION        1.92          0.760        0.000
  2173031804           JUNCTION        1.91          0.974        0.000
  2173031805           JUNCTION        1.91          0.734        0.000
  2173031807           JUNCTION        1.90          0.668        0.000
  2173034202           JUNCTION        1.88          1.870        0.358
  2173034203           JUNCTION        1.90          1.975        0.616
  2173034204           JUNCTION        1.92          1.949        0.971
  2173034205           JUNCTION        1.93          1.780        1.637
  2173034302           JUNCTION        1.94          1.669        1.936
  2173034303           JUNCTION        1.93          2.880        0.597
  2173036602           JUNCTION        1.91          0.226        1.009
  2173036603           JUNCTION        1.93          0.937        0.000
  2173036604           JUNCTION        1.93          0.940        0.000
  2173036701           JUNCTION        1.93          1.196        0.000
  2173036702           JUNCTION        1.92          1.245        0.000
  2173036703           JUNCTION        1.92          1.403        0.000
  2173043601           JUNCTION        1.61          0.044        1.100
  2173044204           JUNCTION        1.91          0.771        0.291
  2173044304           JUNCTION        1.87          0.541        0.237
  2173044305           JUNCTION        1.90          0.481        0.511
  2173044505           JUNCTION        1.73          0.196        0.915
  2173044507           JUNCTION        1.75          0.233        0.759
  2173044601           JUNCTION        1.70          0.135        1.204
  2173044602           JUNCTION        1.72          0.178        1.018
  2173045203           JUNCTION        1.93          0.983        0.000
  2173045205           JUNCTION        1.94          1.036        0.000
  2173045301           JUNCTION        1.94          1.035        0.000
  2173045302           JUNCTION        1.95          0.870        0.169
  2173045303           JUNCTION        1.95          0.940        0.030
  2173045304           JUNCTION        1.94          0.981        0.000
  2173045305           JUNCTION        1.94          0.981        0.000
  2173045306           JUNCTION        1.93          0.911        0.000
  2173045501           JUNCTION        1.76          0.260        1.270
  2173045502           JUNCTION        1.78          0.286        0.804
  2173045503           JUNCTION        1.79          0.315        1.054
  2173045504           JUNCTION        1.78          0.327        0.915
  2173045505           JUNCTION        1.76          0.348        0.515
  2173046104           JUNCTION        1.93          0.787        0.000
  2173046106           JUNCTION        1.93          0.830        0.000
  2173046401           JUNCTION        1.76          0.279        0.786
  2173046402           JUNCTION        1.93          0.861        0.000
  2173046403           JUNCTION        1.93          0.893        0.000
  2173046404           JUNCTION        1.92          0.858        0.000
  2173046405           JUNCTION        1.92          0.812        0.000
  2173046406           JUNCTION        1.73          0.245        0.743
  2173046409           JUNCTION        1.72          0.226        1.143
  2173046412           JUNCTION        1.73          0.607        0.716
  2173046413           JUNCTION        1.71          0.178        0.967
  2173046414           JUNCTION        1.73          0.262        0.725
  2173046501           JUNCTION        1.73          0.405        0.409
  2173046602           JUNCTION        1.71          0.493        0.159
  2173046603           JUNCTION        1.66          0.533        0.010
  2173047001           JUNCTION        1.90          0.926        0.000
  2173047003           JUNCTION        1.84          1.038        0.000
  2173047101           JUNCTION        1.94          0.606        0.000
  2173047102           JUNCTION        1.93          0.585        0.000
  2173047103           JUNCTION        1.91          0.749        0.000
  2173047104           JUNCTION        1.91          0.863        0.000
  2173047105           JUNCTION        1.91          0.754        0.154
  2173047402           JUNCTION        1.77          0.336        0.559
  2173047501           JUNCTION        1.73          0.868        0.459
  2173047502           JUNCTION        1.71          1.036        0.207
  2173047503           JUNCTION        1.83          0.432        0.473
  2173047504           JUNCTION        1.70          1.166        0.000
  2173047505           JUNCTION        1.84          0.500        0.344
  2173047506           JUNCTION        1.84          0.534        0.331
  2173047601           JUNCTION        1.93          0.701        0.182
  2173047602           JUNCTION        1.69          1.016        0.000
  2173047603           JUNCTION        1.95          0.877        0.373
  2173047604           JUNCTION        1.85          0.549        0.312
  2173047703           JUNCTION        1.84          0.247        0.480
  2173048001           JUNCTION        1.87          1.176        0.000
  2173048002           JUNCTION        1.88          1.232        0.000
  2173048004           JUNCTION        1.88          1.340        0.000
  2173048101           JUNCTION        1.90          0.946        0.000
  2173048102           JUNCTION        1.91          0.821        0.000
  2173048103           JUNCTION        1.85          0.042        0.855
  2173048503           JUNCTION        1.93          1.061        0.144
  2173048601           JUNCTION        1.85          0.572        0.401
  2173048602           JUNCTION        1.95          1.002        0.000
  2173048603           JUNCTION        1.84          0.608        0.157
  2173048604           JUNCTION        1.94          0.927        0.000
  2173048701           JUNCTION        1.94          1.258        0.000
  2173048702           JUNCTION        1.84          0.681        0.000
  2173048703           JUNCTION        1.94          1.315        0.000
  2173048704           JUNCTION        1.83          0.676        0.000
  2173048705           JUNCTION        1.93          1.241        0.000
  2173049001           JUNCTION        1.88          0.599        0.869
  2173049002           JUNCTION        1.91          0.609        0.772
  2173049201           JUNCTION        1.93          1.084        0.217
  2173049202           JUNCTION        1.95          1.082        0.000
  2173049203           JUNCTION        1.95          1.187        0.000
  2173049204           JUNCTION        1.92          1.467        0.000
  2173049205           JUNCTION        1.96          1.443        0.000
  2173049206           JUNCTION        1.90          1.693        0.000
  2173049207           JUNCTION        1.93          1.217        0.000
  2173049301           JUNCTION        1.74          0.022        0.763
  2173049302           JUNCTION        1.81          0.111        0.488
  2173049303           JUNCTION        1.84          0.214        0.594
  2173049304           JUNCTION        1.86          0.277        0.506
  2173049501           JUNCTION        1.92          1.381        0.000
  2173049601           JUNCTION        1.90          1.258        0.133
  2173049602           JUNCTION        1.87          1.211        0.000
  2173049603           JUNCTION        1.85          1.207        0.000
  2173049701           JUNCTION        1.82          0.684        0.000
  2173049702           JUNCTION        1.81          0.616        0.000
  2173049801           JUNCTION        1.92          1.449        0.000
  2173049803           JUNCTION        1.92          1.444        0.000
  2173049805           JUNCTION        1.81          0.623        0.000
  2173049807           JUNCTION        1.89          0.106        1.162
  2173049903           JUNCTION        1.94          0.714        0.000
  2173049905           JUNCTION        1.89          0.442        0.696
  2173053201           JUNCTION        1.86          0.528        0.000
  2173053202           JUNCTION        1.88          0.600        0.000
  2173053203           JUNCTION        1.80          0.148        0.332
  2173053301           JUNCTION        1.82          0.145        0.403
  2173053402           JUNCTION        1.88          0.663        0.000
  2173053403           JUNCTION        1.90          0.759        0.000
  2173054506           JUNCTION        1.99          0.833        0.000
  2173054512           JUNCTION        1.94          0.709        0.000
  2173058301           JUNCTION        1.98          0.566        0.000
  2173058303           JUNCTION        1.98          0.665        0.000
  2173058305           JUNCTION        1.93          0.922        0.038
  2173058306           JUNCTION        1.94          0.522        0.000
  2173058308           JUNCTION        1.94          0.567        0.000
  2173058401           JUNCTION        1.96          0.422        0.000
  2173058402           JUNCTION        1.97          1.039        0.000
  2173059005           JUNCTION        1.94          0.731        0.000
  2173059007           JUNCTION        1.95          0.953        0.000
  2173059105           JUNCTION        1.90          1.096        0.309
  2173059301           JUNCTION        1.95          0.604        0.000
  2173059401           JUNCTION        1.97          0.885        0.000
  2173059402           JUNCTION        1.97          0.920        0.000
  2173059403           JUNCTION        1.95          0.384        0.000
  2173059404           JUNCTION        1.95          0.456        0.000
  2173059405           JUNCTION        1.95          0.539        0.000
  2173059406           JUNCTION        1.95          0.398        0.000
  2173059407           JUNCTION        1.95          0.281        0.000
  2173059408           JUNCTION        1.95          0.528        0.000
  2173059501           JUNCTION        1.96          1.014        0.000
  2173059502           JUNCTION        1.97          1.021        0.000
  2173059503           JUNCTION        1.97          0.974        0.000
  2173059504           JUNCTION        1.97          0.839        0.000
  2173059505           JUNCTION        1.96          0.915        0.000
  2173059601           JUNCTION        1.95          1.098        0.239
  2174040001           JUNCTION        1.92          0.601        0.939
  2174040102           JUNCTION        1.96          1.473        0.000
  2174040103           JUNCTION        1.95          1.726        0.006
  2174040104           JUNCTION        1.96          1.579        0.000
  2174040105           JUNCTION        1.96          1.688        0.000
  2174040106           JUNCTION        1.96          1.776        0.096
  2174040107           JUNCTION        1.97          1.694        0.000
  2174040201           JUNCTION        1.94          1.650        0.000
  2174040202           JUNCTION        1.93          1.506        0.000
  2174040203           JUNCTION        1.91          1.429        0.000
  2174040204           JUNCTION        1.90          1.297        0.000
  2174040301           JUNCTION        1.86          0.311        0.744
  2174040302           JUNCTION        1.92          1.335        0.027
  2174040303           JUNCTION        1.90          0.860        0.738
  2174040402           JUNCTION        1.74          0.072        0.710
  2174040502           JUNCTION        1.84          0.706        0.000
  2174040601           JUNCTION        1.85          0.564        0.000
  2174040602           JUNCTION        1.86          0.522        0.064
  2174040603           JUNCTION        1.88          0.433        0.000
  2174040701           JUNCTION        1.83          1.218        0.000
  2174040702           JUNCTION        1.82          1.167        0.000
  2174040703           JUNCTION        1.89          0.191        0.000
  2174040704           JUNCTION        1.89          0.339        0.000
  2174040705           JUNCTION        1.86          0.131        0.323
  2174040706           JUNCTION        1.90          0.254        0.000
  2174040901           JUNCTION        1.88          0.126        1.106
  2174041101           JUNCTION        1.97          1.660        0.000
  2174041102           JUNCTION        1.97          1.369        0.000
  2174041103           JUNCTION        1.95          1.597        0.000
  2174041104           JUNCTION        1.93          1.550        0.000
  2174041105           JUNCTION        1.92          1.692        0.000
  2174041201           JUNCTION        1.96          1.215        0.000
  2174041202           JUNCTION        1.96          1.335        0.000
  2174041203           JUNCTION        1.96          1.368        0.000
  2174041204           JUNCTION        1.94          1.279        0.000
  2174041205           JUNCTION        1.95          1.215        0.000
  2174041206           JUNCTION        1.94          1.223        0.000
  2174041207           JUNCTION        1.93          1.222        0.000
  2174041208           JUNCTION        1.94          1.148        0.000
  2174041301           JUNCTION        1.87          1.075        0.785
  2174041302           JUNCTION        1.82          0.693        1.100
  2174041304           JUNCTION        1.80          0.596        1.603
  2174042201           JUNCTION        1.93          1.243        0.000
  2174042202           JUNCTION        1.92          1.606        0.000
  2174042203           JUNCTION        1.91          1.722        0.000
  2174042403           JUNCTION        1.88          0.971        0.000
  2174042404           JUNCTION        1.88          1.022        0.000
  2174042501           JUNCTION        1.89          1.134        0.000
  2174042502           JUNCTION        1.92          1.301        0.000
  2174042604           JUNCTION        1.93          1.154        0.000
  2174042605           JUNCTION        1.95          1.177        0.000
  2174042704           JUNCTION        1.95          1.166        0.000
  2174042903           JUNCTION        1.87          0.114        0.659
  2174042904           JUNCTION        1.88          0.219        0.388
  2174042906           JUNCTION        1.86          1.006        0.000
  2174042907           JUNCTION        1.87          0.947        0.110
  2174043301           JUNCTION        1.73          0.012        1.701
  2174043302           JUNCTION        1.86          0.119        1.813
  2174043303           JUNCTION        1.87          0.167        1.630
  2174043401           JUNCTION        1.84          0.146        1.431
  2174043402           JUNCTION        1.78          0.089        1.227
  2174043403           JUNCTION        1.72          0.027        0.998
  2174043701           JUNCTION        1.94          1.440        0.000
  2174043801           JUNCTION        1.93          1.184        0.000
  2174043802           JUNCTION        1.92          1.011        0.000
  2174043803           JUNCTION        1.90          1.032        0.000
  2174043901           JUNCTION        1.87          0.911        0.299
  2174043902           JUNCTION        1.87          0.973        0.122
  2174043903           JUNCTION        1.86          0.897        0.597
  2174043904           JUNCTION        1.87          1.005        0.580
  2174043905           JUNCTION        1.86          1.206        0.000
  2174050001           JUNCTION        1.95          1.203        0.000
  2174050002           JUNCTION        1.95          1.266        0.000
  2174050003           JUNCTION        1.89          1.691        0.000
  2174050101           JUNCTION        1.94          1.431        0.004
  2174050102           JUNCTION        1.95          1.515        0.000
  2174050103           JUNCTION        1.95          1.686        0.000
  2174050105           JUNCTION        1.93          1.498        0.000
  2174050106           JUNCTION        1.91          1.537        0.000
  2174050401           JUNCTION        1.94          0.342        0.000
  2174050501           JUNCTION        1.94          0.550        0.000
  2174050502           JUNCTION        1.95          1.208        0.000
  2174050503           JUNCTION        1.95          1.326        0.000
  2174050504           JUNCTION        1.93          0.413        0.000
  2174050505           JUNCTION        1.95          1.335        0.000
  2174050506           JUNCTION        0.01          0.159        0.000
  2174050507           JUNCTION        1.95          1.375        0.063
  2174050508           JUNCTION        1.93          1.383        0.000
  2174050509           JUNCTION        1.93          1.235        0.000
  2174050510           JUNCTION        1.93          1.205        0.000
  2174050511           JUNCTION        1.91          1.023        0.000
  2174050601           JUNCTION        1.96          1.155        0.150
  2174050602           JUNCTION        1.96          1.443        0.000
  2174050603           JUNCTION        1.97          1.006        0.282
  2174050604           JUNCTION        1.96          0.985        0.000
  2174050605           JUNCTION        1.96          1.480        0.000
  2174050606           JUNCTION        1.97          1.483        0.000
  2174050607           JUNCTION        1.94          1.572        0.000
  2174050608           JUNCTION        1.94          1.142        0.000
  2174050702           JUNCTION        1.93          0.583        1.319
  2174051101           JUNCTION        1.87          1.433        0.000
  2174051601           JUNCTION        1.93          1.375        0.000
  2174051602           JUNCTION        1.95          1.398        0.000
  2174051603           JUNCTION        1.93          1.356        0.000
  2174051604           JUNCTION        1.92          1.556        0.000
  2174051701           JUNCTION        1.93          1.074        0.000
  2174052001           JUNCTION        1.89          0.327        0.219
  2174052002           JUNCTION        1.89          0.364        0.090
  2174052003           JUNCTION        1.85          0.322        0.303
  2174052004           JUNCTION        1.89          0.530        0.000
  2174052102           JUNCTION        1.80          0.231        0.381
  2174052403           JUNCTION        1.95          0.730        0.383
  2174052404           JUNCTION        1.90          0.355        0.765
  2174052406           JUNCTION        1.94          1.168        0.000
  2174052407           JUNCTION        1.93          1.091        0.000
  2174052601_          JUNCTION        1.84          0.408        0.152
  2174053001           JUNCTION        1.87          0.573        0.000
  2174053002           JUNCTION        1.86          0.674        0.048
  2174053301           JUNCTION        1.91          1.281        0.000
  2174053303           JUNCTION        1.84          0.126        0.921
  2174053601           JUNCTION        1.86          0.186        0.432
  2174053603           JUNCTION        1.88          0.339        0.002
  2174053605           JUNCTION        1.88          0.191        0.187
  2174053606           JUNCTION        1.87          0.167        0.225
  
  
  *********************
  Node Flooding Summary
  *********************
  
  Flooding refers to all water that overflows a node, whether it ponds or not.
  --------------------------------------------------------------------------
                                                             Total   Maximum
                                 Maximum   Time of Max       Flood    Ponded
                        Hours       Rate    Occurrence      Volume     Depth
  Node                 Flooded       CMS   days hr:min    10^6 ltr    Meters
  --------------------------------------------------------------------------
  2171049801              0.01     0.053      0  00:00       0.000     0.000
  2171049802              0.01     0.058      0  00:00       0.000     0.000
  2171049804              0.01     0.021      0  00:00       0.000     0.000
  2172039204              0.01     0.113      0  00:01       0.000     0.000
  2172039206              0.01     0.089      0  00:01       0.000     0.000
  2172039401              0.01     0.028      0  00:04       0.000     0.000
  2172039402              0.01     0.038      0  00:04       0.000     0.000
  2172039403              0.01     0.039      0  00:04       0.000     0.000
  2172039404              0.01     0.036      0  00:04       0.000     0.000
  2172041902              0.01     0.026      0  00:02       0.000     0.000
  2172041903              0.01     0.057      0  00:02       0.000     0.000
  2172041905              0.01     0.049      0  00:02       0.000     0.000
  2172041907              0.01     0.043      0  00:00       0.000     0.000
  2172042301_             1.91     0.216      0  00:02       0.948     0.000
  2172042401_             0.01     0.246      0  00:02       0.002     0.000
  2172042402              0.01     0.188      0  00:01       0.000     0.000
  2172042403              1.89     0.138      0  00:01       0.326     0.000
  2172042702              0.01     0.103      0  00:01       0.000     0.000
  2172042802              0.01     0.014      0  00:01       0.000     0.000
  2172042901              0.01     0.031      0  00:00       0.000     0.000
  2172042902              0.01     0.014      0  00:01       0.000     0.000
  2172043401_             0.01     0.069      0  00:01       0.000     0.000
  2172043501              1.60     0.087      0  00:01       0.034     0.000
  2172043503              0.24     0.067      0  00:01       0.003     0.000
  2172043504              0.14     0.078      0  00:00       0.003     0.000
  2172043505              0.05     0.024      0  00:00       0.001     0.000
  2172043506              0.04     0.012      0  01:02       0.001     0.000
  2172043508              0.02     0.051      0  01:28       0.003     0.000
  2172043602              0.01     0.045      0  00:00       0.000     0.000
  2172043603              0.01     0.072      0  00:00       0.000     0.000
  2172043604              0.03     0.147      0  00:08       0.011     0.000
  2172043701              0.01     0.106      0  00:01       0.000     0.000
  2172043702              0.01     0.106      0  00:00       0.000     0.000
  2172043704              0.01     0.034      0  00:01       0.000     0.000
  2172043705              0.01     0.031      0  00:01       0.000     0.000
  2172043706              0.01     0.036      0  00:00       0.000     0.000
  2172044601              0.01     0.154      0  00:00       0.000     0.000
  2172044602              1.91     0.065      0  00:00       0.011     0.000
  2172044605              1.95     0.086      0  00:00       0.503     0.000
  2172044607              1.94     0.018      0  00:06       0.123     0.000
  2172044701              1.93     0.120      0  00:01       0.647     0.000
  2172044702              0.01     0.131      0  00:00       0.000     0.000
  2172044703              0.01     0.026      0  00:00       0.000     0.000
  2172044704              0.01     0.099      0  00:00       0.000     0.000
  2172044705              0.01     0.084      0  00:00       0.000     0.000
  2172044902              0.01     0.049      0  00:00       0.000     0.000
  2172044903              0.01     0.027      0  00:00       0.000     0.000
  2172045801              0.01     0.012      0  00:02       0.000     0.000
  2172045809              0.01     0.092      0  00:00       0.000     0.000
  2172046802_             0.01     0.083      0  00:00       0.000     0.000
  2172046803_             0.01     0.040      0  00:00       0.000     0.000
  2172046805              1.92     0.102      0  00:00       0.167     0.000
  2172046806              1.92     0.068      0  00:00       0.097     0.000
  2172046901              1.91     0.083      0  00:00       0.110     0.000
  2172046903              0.01     0.039      0  00:00       0.000     0.000
  2172051102              0.01     0.043      0  00:00       0.000     0.000
  2172051103              0.01     0.074      0  00:00       0.000     0.000
  2172052101              0.01     0.059      0  00:00       0.000     0.000
  2172053201              0.01     0.068      0  00:00       0.000     0.000
  2172053203              0.01     0.057      0  00:00       0.000     0.000
  2172053204              0.01     0.015      0  00:01       0.000     0.000
  2172053503              0.01     0.091      0  00:00       0.000     0.000
  2172053602              1.92     0.042      0  00:00       0.188     0.000
  2172054501              0.01     0.135      0  00:00       0.000     0.000
  2172056101              0.01     0.054      0  00:00       0.000     0.000
  2172056102              0.01     0.036      0  00:00       0.000     0.000
  2172056305              0.01     0.069      0  00:00       0.000     0.000
  2172056403              0.01     0.024      0  00:00       0.000     0.000
  2172056404              0.01     0.038      0  00:00       0.000     0.000
  2172056406              1.93     0.075      0  00:00       0.410     0.000
  2172056503              0.01     0.079      0  00:00       0.000     0.000
  2172056601_             0.01     0.028      0  00:00       0.000     0.000
  2172056602_             0.01     0.105      0  00:00       0.000     0.000
  2172056603              0.01     0.062      0  00:00       0.000     0.000
  2172056603_             1.91     0.071      0  00:00       0.069     0.000
  2172057001              1.95     0.091      0  00:32       0.631     0.000
  2172057002              0.01     0.085      0  00:00       0.000     0.000
  2172057003              0.01     0.058      0  00:00       0.000     0.000
  2172057004              0.01     0.140      0  00:00       0.000     0.000
  2172057005              0.01     0.023      0  00:00       0.000     0.000
  2172057105              0.01     0.064      0  00:00       0.000     0.000
  2172057301              0.01     0.041      0  00:00       0.000     0.000
  2172057302              0.01     0.079      0  00:00       0.000     0.000
  2172057305              0.01     0.111      0  00:00       0.000     0.000
  2172057406              0.01     0.136      0  00:01       0.000     0.000
  2172057601              0.01     0.048      0  00:00       0.000     0.000
  2172057603              0.01     0.016      0  00:00       0.000     0.000
  2172058102              0.01     0.013      0  00:01       0.000     0.000
  2172058401              0.01     0.247      0  00:01       0.000     0.000
  2172058402              0.01     0.184      0  00:01       0.000     0.000
  2172058403              0.01     0.060      0  00:01       0.000     0.000
  2172058501              0.01     0.043      0  00:01       0.000     0.000
  2172058502              0.01     0.057      0  00:01       0.000     0.000
  2172058503              0.01     0.003      0  00:01       0.000     0.000
  2172058603              0.01     0.013      0  00:01       0.000     0.000
  2172058604              0.01     0.036      0  00:01       0.000     0.000
  2172058605              0.01     0.042      0  00:02       0.000     0.000
  2172058606              1.91     0.113      0  00:00       0.562     0.000
  2172058607              0.01     0.036      0  00:00       0.000     0.000
  2172058608              0.01     0.021      0  00:00       0.000     0.000
  2172059402              0.01     0.030      0  00:01       0.000     0.000
  2172059404              0.01     0.034      0  00:01       0.000     0.000
  2172059501              0.01     0.018      0  00:00       0.000     0.000
  2172059502              0.01     0.053      0  00:00       0.000     0.000
  2173030301              0.01     0.026      0  00:01       0.000     0.000
  2173030302              0.01     0.032      0  00:01       0.000     0.000
  2173030303              0.01     0.037      0  00:01       0.000     0.000
  2173030304              1.91     0.083      0  00:01       0.401     0.000
  2173030602              1.84     0.028      0  01:50       0.149     0.000
  2173030603              0.86     0.076      0  00:01       0.000     0.000
  2173030604              0.01     0.099      0  00:01       0.000     0.000
  2173030607              0.01     0.172      0  00:01       0.000     0.000
  2173030608              0.01     0.164      0  00:01       0.000     0.000
  2173030701              0.01     0.102      0  00:05       0.000     0.000
  2173030703              0.01     0.161      0  00:09       0.000     0.000
  2173031701              1.90     0.251      0  00:01       0.856     0.000
  2173031702              1.90     0.285      0  00:02       0.666     0.000
  2173031705              1.88     0.283      0  00:02       0.147     0.000
  2173031706              0.01     0.256      0  00:02       0.001     0.000
  2173031804              0.01     0.236      0  00:02       0.000     0.000
  2173031805              0.01     0.191      0  00:02       0.002     0.000
  2173031807              0.01     0.276      0  00:02       0.004     0.000
  2173036603              0.01     0.028      0  00:01       0.000     0.000
  2173036604              0.01     0.002      0  00:01       0.000     0.000
  2173036701              0.01     0.046      0  00:01       0.000     0.000
  2173036702              0.01     0.037      0  00:01       0.000     0.000
  2173036703              0.01     0.079      0  00:01       0.000     0.000
  2173045203              0.01     0.153      0  00:01       0.000     0.000
  2173045205              0.01     0.133      0  00:01       0.000     0.000
  2173045301              0.01     0.107      0  00:01       0.000     0.000
  2173045304              0.01     0.019      0  00:01       0.000     0.000
  2173045305              0.01     0.013      0  00:01       0.000     0.000
  2173045306              0.01     0.104      0  00:01       0.000     0.000
  2173046104              0.01     0.060      0  00:02       0.000     0.000
  2173046106              0.01     0.049      0  00:02       0.000     0.000
  2173046402              1.89     0.161      0  00:01       0.513     0.000
  2173046403              0.01     0.103      0  00:01       0.000     0.000
  2173046404              0.01     0.196      0  00:01       0.000     0.000
  2173046405              0.02     0.222      0  00:01       0.005     0.000
  2173047001              0.01     0.036      0  00:03       0.000     0.000
  2173047003              0.01     0.032      0  00:05       0.000     0.000
  2173047101              0.01     0.133      0  00:02       0.000     0.000
  2173047102              1.86     0.119      0  00:02       0.463     0.000
  2173047103              0.01     0.062      0  00:02       0.000     0.000
  2173047104              0.01     0.082      0  00:02       0.000     0.000
  2173047504              0.01     0.033      0  00:13       0.000     0.000
  2173047602              0.01     0.024      0  00:13       0.000     0.000
  2173048001              0.01     0.088      0  00:04       0.000     0.000
  2173048002              0.01     0.090      0  00:03       0.000     0.000
  2173048004              0.01     0.090      0  00:03       0.000     0.000
  2173048101              0.01     0.031      0  00:03       0.000     0.000
  2173048102              0.01     0.042      0  00:02       0.000     0.000
  2173048602              1.67     0.016      0  00:20       0.089     0.000
  2173048604              1.66     0.013      0  00:19       0.064     0.000
  2173048701              0.01     0.034      0  00:02       0.000     0.000
  2173048702              0.01     0.015      0  00:06       0.000     0.000
  2173048703              0.01     0.074      0  00:02       0.000     0.000
  2173048704              0.01     0.074      0  00:06       0.000     0.000
  2173048705              0.01     0.093      0  00:02       0.000     0.000
  2173049202              0.01     0.214      0  00:02       0.000     0.000
  2173049203              0.01     0.166      0  00:02       0.000     0.000
  2173049204              0.01     0.148      0  00:02       0.000     0.000
  2173049205              0.01     0.125      0  00:02       0.000     0.000
  2173049206              0.01     0.163      0  00:03       0.000     0.000
  2173049207              0.01     0.172      0  00:02       0.001     0.000
  2173049602              0.01     0.004      0  00:06       0.000     0.000
  2173049603              0.01     0.003      0  00:06       0.000     0.000
  2173049701              0.01     0.064      0  00:07       0.000     0.000
  2173049702              0.01     0.076      0  00:07       0.001     0.000
  2173049801              0.01     0.135      0  00:03       0.000     0.000
  2173049803              0.01     0.138      0  00:03       0.001     0.000
  2173049805              0.01     0.103      0  00:07       0.000     0.000
  2173049903              0.02     0.261      0  00:02       0.004     0.000
  2173053201              0.01     0.023      0  00:05       0.000     0.000
  2173053202              0.01     0.030      0  00:05       0.000     0.000
  2173053402              0.01     0.062      0  00:04       0.000     0.000
  2173053403              0.01     0.247      0  00:03       0.000     0.000
  2173054506              0.01     0.136      0  00:02       0.000     0.000
  2173054512              0.01     0.243      0  00:03       0.001     0.000
  2173058301              0.45     0.054      0  00:00       0.001     0.000
  2173058303              0.01     0.113      0  00:00       0.000     0.000
  2173058306              0.01     0.137      0  00:01       0.000     0.000
  2173058308              0.01     0.151      0  00:01       0.000     0.000
  2173058401              1.95     0.092      0  00:21       0.633     0.000
  2173058402              0.01     0.025      0  00:00       0.000     0.000
  2173059005              1.89     0.161      0  00:38       1.086     0.000
  2173059007              0.01     0.165      0  00:01       0.000     0.000
  2173059301              0.01     0.119      0  00:01       0.000     0.000
  2173059401              1.95     0.112      0  01:51       0.780     0.000
  2173059402              1.94     0.138      0  00:00       0.373     0.000
  2173059403              0.06     0.193      0  00:01       0.003     0.000
  2173059404              0.01     0.096      0  00:01       0.000     0.000
  2173059405              0.01     0.042      0  00:01       0.000     0.000
  2173059406              0.01     0.048      0  00:01       0.000     0.000
  2173059407              1.93     0.304      0  00:02       2.016     0.000
  2173059408              0.01     0.129      0  00:01       0.000     0.000
  2173059501              0.01     0.082      0  00:00       0.000     0.000
  2173059502              0.01     0.166      0  00:00       0.000     0.000
  2173059503              0.01     0.210      0  00:00       0.000     0.000
  2173059504              1.92     0.352      0  00:06       2.390     0.000
  2173059505              0.02     0.227      0  00:00       0.004     0.000
  2174040102              0.01     0.039      0  00:02       0.000     0.000
  2174040104              0.01     0.020      0  00:03       0.000     0.000
  2174040105              0.01     0.063      0  00:02       0.000     0.000
  2174040107              0.01     0.013      0  00:02       0.000     0.000
  2174040201              0.01     0.161      0  00:02       0.000     0.000
  2174040202              0.01     0.250      0  00:02       0.000     0.000
  2174040203              0.01     0.373      0  00:03       0.002     0.000
  2174040204              0.01     0.332      0  00:03       0.003     0.000
  2174040502              0.01     0.057      0  00:05       0.000     0.000
  2174040601              0.01     0.050      0  00:05       0.000     0.000
  2174040603              0.01     0.001      0  00:05       0.000     0.000
  2174040701              0.01     0.086      0  00:06       0.000     0.000
  2174040702              0.01     0.054      0  00:06       0.000     0.000
  2174040703              1.84     0.026      0  00:09       0.172     0.000
  2174040704              0.01     0.017      0  00:05       0.000     0.000
  2174040706              1.83     0.041      0  00:05       0.052     0.000
  2174041101              0.01     0.119      0  00:01       0.000     0.000
  2174041102              0.18     0.121      0  00:01       0.003     0.000
  2174041103              0.01     0.139      0  00:02       0.000     0.000
  2174041104              0.01     0.254      0  00:02       0.002     0.000
  2174041105              0.01     0.240      0  00:02       0.001     0.000
  2174041201              1.91     0.489      0  00:43       3.307     0.000
  2174041202              0.01     0.141      0  00:01       0.000     0.000
  2174041203              0.01     0.170      0  00:01       0.000     0.000
  2174041204              0.01     0.184      0  00:02       0.000     0.000
  2174041205              1.89     0.160      0  00:02       0.245     0.000
  2174041206              0.01     0.173      0  00:02       0.000     0.000
  2174041207              0.01     0.148      0  00:02       0.001     0.000
  2174041208              1.89     0.175      0  00:02       0.473     0.000
  2174042201              0.01     0.209      0  00:02       0.002     0.000
  2174042202              0.01     0.207      0  00:02       0.000     0.000
  2174042203              0.01     0.232      0  00:02       0.001     0.000
  2174042403              0.01     0.243      0  00:04       0.001     0.000
  2174042404              0.02     0.131      0  00:04       0.003     0.000
  2174042501              0.01     0.154      0  00:04       0.001     0.000
  2174042502              0.01     0.194      0  00:03       0.000     0.000
  2174042604              1.86     0.162      0  00:02       0.273     0.000
  2174042605              1.86     0.091      0  00:08       0.581     0.000
  2174042704              0.12     0.068      0  00:02       0.000     0.000
  2174042906              0.01     0.127      0  00:04       0.000     0.000
  2174043701              0.01     0.095      0  00:02       0.000     0.000
  2174043801              0.01     0.148      0  00:02       0.000     0.000
  2174043802              0.01     0.154      0  00:02       0.000     0.000
  2174043803              0.01     0.118      0  00:03       0.000     0.000
  2174043905              0.01     0.083      0  00:04       0.000     0.000
  2174050001              0.01     0.071      0  00:02       0.000     0.000
  2174050002              0.01     0.039      0  00:02       0.000     0.000
  2174050003              0.01     0.141      0  00:03       0.000     0.000
  2174050102              0.01     0.006      0  00:03       0.000     0.000
  2174050103              0.01     0.157      0  00:02       0.000     0.000
  2174050105              0.01     0.075      0  00:02       0.000     0.000
  2174050106              0.01     0.086      0  00:02       0.000     0.000
  2174050401              0.01     0.207      0  00:01       0.003     0.000
  2174050501              0.01     0.088      0  00:01       0.000     0.000
  2174050502              0.01     0.099      0  00:01       0.000     0.000
  2174050503              0.01     0.008      0  00:02       0.000     0.000
  2174050504              0.01     0.151      0  00:01       0.000     0.000
  2174050505              0.01     0.007      0  00:02       0.000     0.000
  2174050506              0.01     0.275      0  00:01       0.002     0.000
  2174050508              0.01     0.125      0  00:02       0.000     0.000
  2174050509              0.01     0.188      0  00:02       0.001     0.000
  2174050510              0.01     0.046      0  00:02       0.000     0.000
  2174050511              0.01     0.303      0  00:02       0.002     0.000
  2174050602              0.01     0.032      0  00:01       0.000     0.000
  2174050604              0.01     0.078      0  00:01       0.000     0.000
  2174050605              0.01     0.288      0  00:01       0.000     0.000
  2174050606              0.01     0.295      0  00:01       0.000     0.000
  2174050607              0.01     0.202      0  00:02       0.001     0.000
  2174050608              0.01     0.199      0  00:02       0.000     0.000
  2174051101              0.01     0.103      0  00:03       0.000     0.000
  2174051601              0.01     0.303      0  00:02       0.001     0.000
  2174051602              0.01     0.225      0  00:01       0.000     0.000
  2174051603              0.01     0.286      0  00:02       0.003     0.000
  2174051604              0.01     0.424      0  00:02       0.001     0.000
  2174051701              0.01     0.267      0  00:02       0.001     0.000
  2174052004              0.01     0.006      0  00:04       0.000     0.000
  2174052406              0.01     0.141      0  00:01       0.000     0.000
  2174052407              0.01     0.103      0  00:02       0.000     0.000
  2174053001              0.01     0.003      0  00:04       0.000     0.000
  2174053301              0.01     0.039      0  00:02       0.000     0.000
  
  
  ***********************
  Outfall Loading Summary
  ***********************
  
  -----------------------------------------------------------
                         Flow       Avg       Max       Total
                         Freq      Flow      Flow      Volume
  Outfall Node           Pcnt       CMS       CMS    10^6 ltr
  -----------------------------------------------------------
  2171039205            92.88     1.428     2.302      13.481
  2171039208           100.00     2.176     3.465      22.164
  2171039210           100.00     0.445     0.642       4.526
  2171039211            73.92     0.120     0.141       0.905
  2172030502            96.69     0.230     0.321       2.263
  2172031804            79.99     0.223     0.273       1.810
  2172034807           100.00     1.497     2.145      15.230
  2172035801           100.00     1.081     1.581      10.998
  2172037003            99.94     0.182     0.272       1.851
  2172037104           100.00     1.093     1.607      11.110
  2172038705            85.15     0.261     0.321       2.263
  2172039702            87.00     0.563     0.717       4.979
  2172040012            72.67     0.061     0.068       0.453
  2172040705            98.66     0.226     0.321       2.263
  2172040801            72.09     0.062     0.065       0.453
  2172040901            74.41     0.060     0.065       0.453
  2172041706            73.84     0.060     0.065       0.453
  2172041906            80.02     0.111     0.129       0.905
  2172042603            75.24     0.178     0.230       1.358
  2172042903            85.32     0.052     0.064       0.453
  2172043601            76.20     0.175     0.193       1.358
  2172044406            84.45     0.264     0.323       2.263
  2172052104            81.13     0.274     0.322       2.263
  2172054508           100.00     0.193     0.303       1.964
  2172054511            84.22     0.277     0.345       2.374
  2172055003            85.36     0.156     0.199       1.358
  2172055602            75.37     0.059     0.065       0.453
  2172056304            77.24     0.173     0.201       1.358
  2172056701            88.98     0.200     0.265       1.811
  2172057103            84.90     0.052     0.064       0.453
  2172057401            88.08     0.253     0.321       2.263
  2172057601_           76.56     0.116     0.133       0.905
  2172059602            72.75     0.061     0.068       0.453
  2173030102            72.43     0.061     0.074       0.453
  2173032501            84.66     0.047     0.057       0.402
  2173036601            88.81     0.301     0.391       2.715
  2173037501            81.03     0.385     0.474       3.168
  2173041203           100.00     0.356     0.514       3.620
  2173042201            88.86     0.100     0.128       0.905
  2173042202            77.11     0.058     0.064       0.453
  2173042402           100.00     1.729     2.493      17.580
  2173042404            90.32     0.246     0.321       2.263
  2173042407            89.68     0.248     0.321       2.263
  2173043001            88.47     0.101     0.129       0.905
  2173043202           100.00     0.178     0.257       1.810
  2173043502            89.40     0.199     0.257       1.810
  2173043505            91.07     0.293     0.385       2.716
  2173045601            82.51     0.162     0.194       1.358
  2173046003            88.29     0.403     0.555       3.621
  2173046102            93.63     0.617     0.830       5.872
  2173046202            95.16     0.140     0.193       1.358
  2173046704            82.64     0.108     0.130       0.905
  2173047202            89.18     0.499     0.642       4.527
  2173047204            76.08     0.059     0.068       0.453
  2173048301            87.05     0.409     0.544       3.621
  2173049504            78.75     0.170     0.206       1.358
  2173050602            93.64     0.285     0.385       2.715
  2173052603            93.92     0.427     0.602       4.074
  2173054701           100.00     0.491     0.722       4.988
  2173054702           100.00     0.572     0.823       5.817
  2173055701           100.00     3.555     5.257      36.398
  2173057003           100.00     1.396     2.019      14.192
  2173057105            82.61     0.162     0.198       1.358
  2173058004            87.72     0.083     0.105       0.743
  2173058104            79.24     0.225     0.264       1.810
  2173058202            90.74     0.147     0.193       1.358
  2173058302            91.92     0.145     0.193       1.358
  2173058304            96.23     0.515     0.706       5.036
  2173059101            79.04     0.113     0.132       0.905
  2174030104            72.86     0.061     0.073       0.453
  2174031409            87.72     0.152     0.193       1.358
  2174032603            82.71     0.161     0.196       1.358
  2174034201            96.16     0.417     0.583       4.073
  2174034202           100.00     0.267     0.385       2.715
  2174034203           100.00     0.223     0.321       2.263
  2174034301            83.10     0.107     0.129       0.905
  2174040003            94.93     0.281     0.385       2.716
  2174040903            85.06     0.419     0.570       3.621
  2174043204            71.81     0.062     0.084       0.453
  2174050201            83.60     0.320     0.409       2.716
  2174050302            82.88     0.107     0.130       0.905
  2174050402            82.48     0.324     0.423       2.716
  2174050403            81.19     0.165     0.195       1.358
  2174050701           100.00     1.031     1.513      10.475
  2174052502            90.75     0.196     0.257       1.810
  2174052703            79.74     0.112     0.132       0.905
  2174053208            81.86     0.163     0.212       1.358
  2174054001           100.00     0.267     0.385       2.716
  2174054301            79.52     0.224     0.286       1.810
  2171049803_OUT        97.89     0.227     0.328       2.263
  2172038505_OUT       100.00     0.579     0.835       5.883
  2172038509_OUT       100.00     0.993     1.632      10.097
  2172039202_OUT        94.85     0.428     0.584       4.125
  2172039304_OUT        86.59     0.515     0.747       4.529
  2172043605_OUT       100.00     0.626     0.953       6.363
  2172043606_OUT        85.23     0.292     0.363       2.531
  2172043905_OUT       100.00     1.069     1.547      10.862
  2172044706_OUT        99.33     0.885     1.262       8.932
  2172045701_OUT        95.23     0.374     0.516       3.624
  2172052105_OUT        87.03     0.716     0.900       6.337
  2172056405_OUT        89.93     0.488     0.660       4.457
  2172057101_OUT        88.03     0.283     0.360       2.536
  2172057309_OUT        96.26     0.826     1.146       8.080
  2172059301_OUT        85.02     0.419     0.514       3.621
  2173031302_OUT        93.62     1.004     1.479       9.555
  2173031402_OUT        90.79     0.392     0.548       3.621
  2173033601_OUT        88.62     0.502     0.693       4.526
  2173035301_OUT        83.64     0.479     0.589       4.074
  2173047701_OUT       100.00     0.785     1.138       7.982
  2173048204_OUT       100.00     2.363     3.387      24.021
  2173059104_OUT       100.00     0.694     1.022       7.056
  2174041502_OUT        85.62     0.624     0.793       5.431
  2174041801_OUT       100.00     0.601     0.865       6.113
  2174042901_OUT       100.00     1.299     2.104      13.202
  2174052402_OUT        95.20     0.889     1.220       8.600
  2174053507_OUT        95.79     0.884     1.252       8.607
  -----------------------------------------------------------
  System                88.86    51.646    71.359     496.246
  
  
  ********************
  Link Flow Summary
  ********************
  
  -----------------------------------------------------------------------------
                                 Maximum  Time of Max   Maximum    Max/    Max/
                                  |Flow|   Occurrence   |Veloc|    Full    Full
  Link                 Type          CMS  days hr:min     m/sec    Flow   Depth
  -----------------------------------------------------------------------------
  17233                CONDUIT     0.074     0  00:00      1.63    0.10    0.22
  17239                CONDUIT     0.202     0  01:56      1.27    1.53    1.00
  17240                CONDUIT     0.161     0  00:01      1.10    1.22    1.00
  17241                CONDUIT     0.116     0  00:00      0.92    0.87    1.00
  17242                CONDUIT     0.070     0  00:00      0.76    0.53    1.00
  17248                CONDUIT     0.204     0  00:13      1.08    0.98    0.96
  17250                CONDUIT     0.272     0  00:12      1.42    1.30    1.00
  17252                CONDUIT     0.747     0  00:03      2.64    2.21    1.00
  17253                CONDUIT     0.286     0  00:05      1.01    0.58    1.00
  17254                CONDUIT     0.683     0  00:03      2.41    2.02    1.00
  17255                CONDUIT     1.034     0  00:48      1.91    1.33    0.83
  17256                CONDUIT     0.961     0  00:20      1.65    1.24    0.88
  17257                CONDUIT     0.352     0  00:05      1.33    0.71    0.96
  17259                CONDUIT     0.598     0  01:55      1.22    0.77    0.88
  17260                CONDUIT     0.135     0  00:06      0.88    0.65    0.84
  17263                CONDUIT     0.619     0  00:03      2.19    1.84    1.00
  17264                CONDUIT     0.554     0  00:03      1.96    1.63    1.00
  17265                CONDUIT     0.490     0  00:03      1.73    1.45    1.00
  17266                CONDUIT     0.439     0  01:56      1.55    1.30    1.00
  17267                CONDUIT     0.529     0  01:56      1.14    0.69    0.85
  17269                CONDUIT     0.463     0  01:56      1.07    0.69    0.81
  17270                CONDUIT     0.395     0  01:56      1.40    1.17    1.00
  17271                CONDUIT     0.351     0  01:56      1.24    1.04    1.00
  17272                CONDUIT     0.473     0  01:56      1.94    0.84    1.00
  17273                CONDUIT     0.080     0  00:05      0.98    0.27    0.63
  17274                CONDUIT     0.471     0  00:05      1.83    0.94    1.00
  17275                CONDUIT     0.259     0  00:06      1.25    0.34    0.85
  17276                CONDUIT     0.286     0  00:07      1.31    0.44    0.87
  17277                CONDUIT     0.140     0  00:01      1.08    0.59    0.70
  17278                CONDUIT     0.084     0  01:28      1.46    0.12    0.47
  17279                CONDUIT     0.673     0  00:02      1.78    0.75    0.58
  17280                CONDUIT     0.591     0  00:01      1.84    0.49    0.52
  17290                CONDUIT     0.264     0  00:08      1.52    1.11    0.59
  17291                CONDUIT     1.145     0  00:02      3.92    0.42    0.47
  17292                CONDUIT     0.200     0  00:08      1.05    0.85    0.64
  17293                CONDUIT     0.136     0  00:06      0.71    0.58    0.64
  17294                CONDUIT     1.036     0  00:02      3.80    0.38    0.45
  17295                CONDUIT     0.379     0  00:05      2.48    1.84    0.77
  17297                CONDUIT     0.136     0  00:01      1.39    0.89    0.62
  17298                CONDUIT     0.072     0  00:06      0.63    0.30    0.59
  17299                CONDUIT     0.007     0  00:19      0.19    0.03    0.19
  17300                CONDUIT     0.072     0  00:00      0.84    0.34    0.66
  17304                CONDUIT     0.071     0  00:00      0.83    0.46    0.58
  17307                CONDUIT     0.395     0  01:56      0.98    0.51    0.76
  17308                CONDUIT     0.319     0  01:59      1.13    0.95    1.00
  17309                CONDUIT     0.321     0  00:01      1.23    0.85    1.00
  17310                CONDUIT     0.330     0  00:29      1.02    0.42    0.67
  17311                CONDUIT     0.263     0  01:14      0.89    0.34    0.62
  17312                CONDUIT     0.306     0  00:02      1.27    0.90    1.00
  17313                CONDUIT     0.259     0  00:03      1.18    0.77    1.00
  17314                CONDUIT     0.200     0  01:54      0.81    0.26    0.57
  17315                CONDUIT     0.137     0  01:54      0.80    0.18    0.47
  17316                CONDUIT     0.075     0  00:00      1.09    0.14    0.30
  17317                CONDUIT     0.139     0  00:01      1.57    0.27    0.35
  17318                CONDUIT     0.135     0  00:01      1.90    0.19    0.30
  17319                CONDUIT     0.197     0  00:02      1.08    0.58    1.00
  17320                CONDUIT     0.203     0  00:02      0.93    0.60    1.00
  17321                CONDUIT     0.076     0  00:00      1.44    0.12    0.26
  17322                CONDUIT     0.223     0  00:02      0.82    0.66    1.00
  17323                CONDUIT     0.523     0  00:01      1.80    0.34    0.47
  17324                CONDUIT     0.441     0  00:01      1.77    0.30    0.42
  17325                CONDUIT     0.352     0  00:01      1.73    0.22    0.37
  17334                CONDUIT     0.931     0  00:02      3.74    0.34    0.42
  17335                CONDUIT     0.839     0  00:02      2.90    0.56    0.47
  17338                CONDUIT     0.788     0  00:02      2.39    0.48    0.51
  17339                CONDUIT     0.324     0  00:02      1.69    0.93    0.65
  17340                CONDUIT     0.444     0  00:01      2.68    0.21    0.31
  17341                CONDUIT     0.057     0  00:17      0.90    0.24    0.28
  17352                CONDUIT     0.070     0  01:54      0.66    0.11    0.40
  17372                CONDUIT     0.361     0  00:01      1.91    0.28    0.34
  17373                CONDUIT     0.272     0  00:01      1.44    0.21    0.35
  17375                CONDUIT     0.201     0  00:01      2.73    0.07    0.17
  17378                CONDUIT     0.133     0  00:00      2.07    0.04    0.16
  17379                CONDUIT     0.257     0  00:06      1.31    0.74    0.66
  17380                CONDUIT     0.194     0  00:01      1.12    0.56    0.60
  17381                CONDUIT     0.132     0  00:01      0.99    0.38    0.50
  17384                CONDUIT     0.073     0  00:00      0.83    0.21    0.38
  17386                CONDUIT     0.070     0  00:01      0.93    0.22    0.31
  17388                CONDUIT     0.133     0  00:01      1.28    0.20    0.41
  17390                CONDUIT     0.136     0  00:00      1.73    0.36    0.39
  17391                CONDUIT     0.078     0  00:00      1.27    0.24    0.33
  17392                CONDUIT     0.493     0  00:02      2.67    1.07    0.63
  17393                CONDUIT     0.409     0  00:02      1.80    0.89    0.75
  17409                CONDUIT     0.071     0  00:00      1.24    0.05    0.15
  17410                CONDUIT     0.077     0  01:56      1.04    0.33    1.00
  17411                CONDUIT     0.137     0  01:56      1.21    0.58    1.00
  17412                CONDUIT     0.203     0  00:02      1.40    0.86    1.00
  17413                CONDUIT     0.270     0  00:02      1.70    1.15    1.00
  17415                CONDUIT     0.336     0  00:02      2.11    1.43    1.00
  17416                CONDUIT     0.401     0  00:02      2.96    1.71    0.80
  17419                CONDUIT     0.206     0  00:01      1.52    0.52    0.49
  17420                CONDUIT     0.274     0  00:02      1.68    0.40    0.56
  17421                CONDUIT     0.343     0  00:02      1.62    0.73    0.70
  17429                CONDUIT     0.074     0  00:00      1.87    0.15    0.31
  17430                CONDUIT     0.131     0  00:01      1.36    0.71    0.59
  17431                CONDUIT     0.073     0  00:00      1.00    0.40    0.51
  17432                CONDUIT     0.140     0  00:00      2.29    0.28    0.41
  17433                CONDUIT     0.211     0  00:00      2.64    0.43    0.50
  17439                CONDUIT     0.283     0  00:00      2.90    0.58    0.59
  17440                CONDUIT     0.429     0  00:01      2.14    0.41    0.70
  17441                CONDUIT     0.474     0  00:01      1.86    1.45    0.86
  17442                CONDUIT     0.352     0  00:01      3.38    0.72    0.63
  17444                CONDUIT     0.391     0  00:01      2.49    2.60    0.96
  17445                CONDUIT     0.326     0  00:01      2.05    2.16    1.00
  17446                CONDUIT     0.261     0  00:01      1.64    1.73    1.00
  17447                CONDUIT     0.196     0  00:01      1.23    1.72    1.00
  17448                CONDUIT     0.131     0  00:01      0.82    1.11    1.00
  17449                CONDUIT     0.065     0  00:01      0.68    0.58    1.00
  17461                CONDUIT     0.074     0  00:00      1.04    0.15    0.31
  17463                CONDUIT     0.138     0  00:01      1.23    0.28    0.42
  17464                CONDUIT     0.479     0  00:02      2.01    0.34    0.40
  17477                CONDUIT     0.207     0  00:01      1.42    0.42    0.51
  17480                CONDUIT     0.410     0  00:02      1.82    0.29    0.39
  17481                CONDUIT     0.272     0  00:01      1.60    0.55    0.59
  17482                CONDUIT     0.340     0  00:02      1.89    0.69    0.61
  17483                CONDUIT     0.070     0  00:00      1.01    0.24    0.37
  17484                CONDUIT     0.132     0  00:01      1.21    0.45    0.65
  17500                CONDUIT     0.204     0  01:55      1.39    0.69    0.91
  17504                CONDUIT     0.816     0  00:02      2.25    0.60    0.57
  17505                CONDUIT     0.731     0  00:02      1.90    0.76    0.59
  17506                CONDUIT     0.321     0  01:32      0.74    0.50    0.53
  17507                CONDUIT     0.385     0  01:32      0.90    0.61    0.53
  17508                CONDUIT     0.195     0  00:04      0.70    0.18    0.95
  17523                CONDUIT     0.257     0  01:32      0.76    0.52    0.53
  17524                CONDUIT     0.193     0  01:46      0.59    0.39    0.52
  17525                CONDUIT     0.066     0  00:02      0.75    0.57    0.72
  17526                CONDUIT     0.128     0  00:06      1.15    1.12    0.66
  17527                CONDUIT     0.128     0  01:46      0.46    0.26    0.50
  17528                CONDUIT     0.449     0  01:34      1.12    0.72    0.49
  17529                CONDUIT     0.514     0  01:34      1.55    0.81    0.41
  17532                CONDUIT     0.197     0  00:11      0.71    0.17    0.29
  17533                CONDUIT     0.293     0  00:10      0.40    0.03    0.29
  17534                CONDUIT     0.428     0  00:09      0.35    0.04    0.30
  17536                CONDUIT     0.660     0  00:09      0.46    0.07    0.30
  17544                CONDUIT     0.064     0  01:49      0.51    0.13    0.46
  17547                CONDUIT     0.064     0  00:02      1.00    0.43    0.43
  17554                CONDUIT     2.493     0  01:41      1.97    0.66    0.35
  17555                CONDUIT     0.129     0  00:12      0.53    0.03    0.26
  17557                CONDUIT     0.069     0  00:21      0.42    0.02    0.22
  17561                CONDUIT     0.321     0  00:19      1.57    1.13    0.68
  17563                CONDUIT     0.804     0  00:10      0.49    0.09    0.33
  17564                CONDUIT     3.138     0  01:36      1.02    0.36    0.33
  17565                CONDUIT     3.202     0  01:37      1.01    0.37    0.32
  17566                CONDUIT     3.267     0  01:37      1.02    0.37    0.32
  17573                CONDUIT     0.129     0  00:03      1.29    0.55    0.49
  17575                CONDUIT     0.066     0  00:01      0.90    0.28    0.43
  17580                CONDUIT     2.300     0  01:40      1.37    0.61    0.47
  17582                CONDUIT     2.429     0  01:40      1.66    0.64    0.41
  17583                CONDUIT     0.193     0  00:12      0.93    0.68    0.72
  17584                CONDUIT     2.364     0  01:40      1.48    0.63    0.44
  17585                CONDUIT     0.128     0  00:08      0.78    0.45    0.66
  17586                CONDUIT     0.068     0  00:00      0.69    0.24    0.57
  17587                CONDUIT     0.257     0  00:15      1.15    0.90    0.74
  17588                CONDUIT     0.321     0  00:13      1.57    1.14    0.68
  17589                CONDUIT     0.257     0  00:09      1.14    0.92    0.74
  17590                CONDUIT     0.193     0  00:08      0.98    0.69    0.72
  17591                CONDUIT     0.193     0  00:08      1.04    0.64    0.63
  17592                CONDUIT     0.128     0  00:03      0.91    0.46    0.66
  17596                CONDUIT     0.257     0  00:10      1.46    0.85    0.60
  17598                CONDUIT     0.385     0  00:42      1.78    1.42    0.72
  17599                CONDUIT     2.643     0  00:19      2.24    1.56    0.83
  17600                CONDUIT     3.331     0  01:37      1.05    0.39    0.32
  17601                CONDUIT     3.395     0  01:38      1.08    0.41    0.32
  17604                CONDUIT     0.064     0  00:08      0.65    0.51    0.84
  17605                CONDUIT     0.128     0  00:16      0.80    1.03    0.88
  17606                CONDUIT     0.193     0  00:24      1.30    1.54    0.73
  17609                CONDUIT     0.321     0  00:33      0.55    0.20    0.31
  17611                CONDUIT     0.257     0  00:27      1.30    0.95    0.55
  17612                CONDUIT     1.658     0  01:39      1.16    0.21    0.41
  17613                CONDUIT     1.594     0  01:39      1.49    0.20    0.34
  17615                CONDUIT     0.759     0  00:36      2.73    2.58    0.96
  17616                CONDUIT     2.236     0  01:40      1.38    0.30    0.47
  17618                CONDUIT     0.514     0  00:54      2.02    1.87    0.84
  17619                CONDUIT     0.449     0  00:53      1.62    1.63    0.95
  17620                CONDUIT     0.097     0  00:01      0.74    0.60    1.00
  17621                CONDUIT     0.385     0  01:39      1.36    1.41    1.00
  17622                CONDUIT     0.280     0  00:01      1.37    0.48    0.90
  17623                CONDUIT     0.077     0  00:01      0.84    0.28    0.60
  17624                CONDUIT     0.128     0  00:06      0.91    0.42    0.55
  17625                CONDUIT     0.072     0  00:00      0.80    0.24    0.45
  17626                CONDUIT     0.071     0  00:00      1.33    0.21    0.27
  17627                CONDUIT     0.207     0  00:01      1.54    0.36    0.63
  17628                CONDUIT     0.128     0  00:28      0.75    0.47    0.73
  17630                CONDUIT     0.321     0  01:41      1.34    1.16    0.79
  17632                CONDUIT     0.257     0  01:28      1.04    0.93    0.82
  17633                CONDUIT     2.507     0  00:14      1.39    2.00    1.00
  17634                CONDUIT     0.193     0  01:40      0.86    0.70    0.79
  17635                CONDUIT     2.432     0  00:14      1.37    2.01    1.00
  17636                CONDUIT     2.614     0  00:14      2.01    1.53    1.00
  17637                CONDUIT     2.582     0  00:14      1.79    1.53    1.00
  17644                CONDUIT     0.385     0  01:21      0.69    0.24    0.31
  17645                CONDUIT     0.257     0  01:42      0.61    0.16    0.30
  17646                CONDUIT     0.193     0  00:40      0.63    0.12    0.29
  17647                CONDUIT     0.129     0  00:13      0.45    0.08    0.28
  17648                CONDUIT     0.068     0  00:02      0.41    0.04    0.27
  17652                CONDUIT     0.771     0  01:43      1.51    0.27    0.30
  17653                CONDUIT     0.706     0  01:21      1.34    0.25    0.31
  17655                CONDUIT     0.695     0  00:36      2.46    2.33    1.00
  17656                CONDUIT     0.642     0  01:21      1.18    0.30    0.31
  17658                CONDUIT     0.631     0  00:08      2.23    2.13    1.00
  17661                CONDUIT     0.193     0  01:16      1.16    0.99    0.57
  17662                CONDUIT     0.567     0  00:41      2.00    1.90    1.00
  17663                CONDUIT     0.505     0  01:55      1.79    1.70    1.00
  17664                CONDUIT     0.449     0  01:55      1.59    1.51    1.00
  17665                CONDUIT     0.393     0  01:55      1.39    1.31    1.00
  17666                CONDUIT     0.337     0  01:55      1.19    1.13    1.00
  17667                CONDUIT     0.281     0  01:55      0.99    0.94    1.00
  17669                CONDUIT     0.070     0  00:00      0.93    0.13    0.34
  17670                CONDUIT     0.070     0  00:00      0.71    0.25    0.64
  17671                CONDUIT     2.373     0  00:14      1.36    1.97    1.00
  17672                CONDUIT     2.305     0  00:14      1.33    1.96    1.00
  17673                CONDUIT     2.242     0  00:14      1.29    1.87    1.00
  17675                CONDUIT     0.332     0  00:14      1.67    1.14    1.00
  17676                CONDUIT     0.268     0  00:14      1.25    0.92    1.00
  17679                CONDUIT     0.194     0  00:02      1.36    0.65    0.50
  17680                CONDUIT     0.130     0  00:02      0.90    0.43    0.51
  17682                CONDUIT     0.266     0  00:14      0.95    0.07    0.29
  17689                CONDUIT     0.830     0  00:07      2.97    1.48    0.97
  17691                CONDUIT     0.765     0  00:07      2.71    1.36    1.00
  17694                CONDUIT     0.193     0  00:10      1.27    0.87    0.53
  17695                CONDUIT     0.128     0  01:16      0.70    0.66    0.65
  17696                CONDUIT     1.843     0  00:14      1.10    0.73    1.00
  17697                CONDUIT     0.225     0  01:55      0.91    0.75    1.00
  17698                CONDUIT     0.193     0  00:02      0.85    0.66    1.00
  17699                CONDUIT     0.154     0  00:01      0.70    0.52    1.00
  17700                CONDUIT     0.178     0  00:01      0.64    0.59    1.00
  17701                CONDUIT     1.784     0  00:14      1.21    0.71    1.00
  17703                CONDUIT     1.715     0  00:14      1.27    0.67    1.00
  17705                CONDUIT     0.064     0  01:15      0.60    0.33    0.57
  17706                CONDUIT     0.329     0  00:13      1.49    1.42    1.00
  17707                CONDUIT     1.368     0  00:08      1.29    0.59    1.00
  17709                CONDUIT     1.309     0  00:07      2.35    1.89    1.00
  17710                CONDUIT     0.204     0  00:14      0.95    0.71    1.00
  17711                CONDUIT     0.071     0  00:00      0.75    0.24    0.43
  17712                CONDUIT     0.145     0  01:56      0.78    0.50    1.00
  17713                CONDUIT     0.086     0  01:55      0.74    0.30    1.00
  17720                CONDUIT     0.130     0  00:01      1.29    0.63    0.50
  17722                CONDUIT     0.068     0  00:00      0.79    0.33    0.45
  17726                CONDUIT     0.194     0  00:17      1.00    0.05    0.22
  17727                CONDUIT     0.130     0  00:17      0.52    0.07    0.21
  17731                CONDUIT     0.362     0  00:02      1.62    0.65    1.00
  17732                CONDUIT     0.555     0  00:03      2.07    0.40    0.44
  17733                CONDUIT     0.301     0  01:56      1.76    0.54    1.00
  17734                CONDUIT     0.211     0  00:01      1.60    0.38    0.80
  17735                CONDUIT     0.137     0  00:01      1.36    0.24    0.46
  17736                CONDUIT     0.436     0  00:04      1.54    1.32    1.00
  17737                CONDUIT     0.372     0  00:04      1.32    1.13    1.00
  17738                CONDUIT     0.642     0  01:00      2.34    1.23    0.93
  17739                CONDUIT     0.329     0  00:04      1.26    1.00    1.00
  17740                CONDUIT     0.593     0  00:01      2.10    1.13    1.00
  17745                CONDUIT     0.128     0  00:09      0.76    0.59    0.58
  17746                CONDUIT     0.064     0  00:04      0.57    0.29    0.52
  17750                CONDUIT     1.243     0  00:07      2.01    1.77    1.00
  17753                CONDUIT     0.264     0  00:13      1.04    1.13    1.00
  17754                CONDUIT     0.200     0  00:13      0.82    0.85    1.00
  17755                CONDUIT     1.184     0  00:07      1.86    1.70    1.00
  17756                CONDUIT     0.137     0  01:56      0.71    0.59    1.00
  17757                CONDUIT     1.111     0  00:07      1.75    1.59    1.00
  17758                CONDUIT     1.047     0  00:07      1.65    1.50    1.00
  17759                CONDUIT     0.624     0  00:19      2.21    3.92    1.00
  17760                CONDUIT     0.073     0  01:55      0.67    0.31    1.00
  17761                CONDUIT     0.560     0  00:20      1.98    3.52    1.00
  17762                CONDUIT     0.983     0  00:07      1.55    1.41    1.00
  17764                CONDUIT     0.390     0  01:55      2.01    1.29    0.71
  17765                CONDUIT     0.688     0  00:19      2.76    4.33    0.82
  17766                CONDUIT     0.321     0  01:53      1.40    1.06    0.79
  17767                CONDUIT     0.075     0  00:00      0.96    0.18    0.34
  17768                CONDUIT     0.137     0  00:01      1.13    0.33    0.45
  17769                CONDUIT     0.202     0  00:01      1.26    0.49    0.55
  17770                CONDUIT     0.257     0  01:30      1.11    0.85    0.79
  17771                CONDUIT     0.193     0  01:30      1.02    0.63    0.71
  17773                CONDUIT     0.268     0  00:02      1.42    0.65    0.63
  17774                CONDUIT     0.336     0  00:02      1.74    0.82    0.65
  17775                CONDUIT     1.958     0  00:10      2.14    0.55    0.34
  17777                CONDUIT     0.130     0  00:03      0.80    0.40    1.00
  17778                CONDUIT     0.133     0  00:04      0.96    0.40    1.00
  17779                CONDUIT     0.073     0  00:00      1.08    0.13    0.29
  17780                CONDUIT     0.199     0  00:04      1.08    0.60    1.00
  17781                CONDUIT     0.082     0  00:00      1.43    0.11    0.30
  17782                CONDUIT     0.144     0  00:00      1.31    0.29    0.41
  17783                CONDUIT     0.206     0  00:01      1.20    0.42    0.60
  17784                CONDUIT     0.276     0  00:01      1.44    8.90    0.66
  17785                CONDUIT     0.265     0  00:04      1.20    0.80    1.00
  17786                CONDUIT     0.536     0  00:01      1.93    1.03    1.00
  17787                CONDUIT     0.488     0  00:01      1.89    0.93    1.00
  17788                CONDUIT     0.416     0  00:01      1.80    0.80    0.93
  17790                CONDUIT     0.348     0  00:01      1.73    0.67    0.73
  17791                CONDUIT     0.068     0  00:00      0.98    0.07    0.12
  17797                CONDUIT     0.544     0  00:02      2.13    1.17    0.86
  17799                CONDUIT     0.473     0  00:02      1.80    1.02    0.89
  17802                CONDUIT     0.416     0  00:02      1.70    0.89    0.81
  17805                CONDUIT     0.458     0  00:06      1.62    1.27    1.00
  17807                CONDUIT     0.226     0  01:58      0.80    1.09    1.00
  17808                CONDUIT     0.919     0  00:07      1.44    1.31    1.00
  17809                CONDUIT     0.398     0  00:03      1.41    2.49    1.00
  17810                CONDUIT     0.400     0  01:57      1.10    0.93    1.00
  17811                CONDUIT     0.523     0  00:06      1.85    1.45    1.00
  17812                CONDUIT     0.333     0  00:03      1.18    2.10    1.00
  17813                CONDUIT     0.347     0  01:56      1.00    0.81    1.00
  17814                CONDUIT     0.267     0  00:03      0.94    1.70    1.00
  17815                CONDUIT     0.289     0  01:56      0.89    0.68    1.00
  17816                CONDUIT     0.201     0  00:03      0.71    1.25    1.00
  17817                CONDUIT     0.128     0  01:31      0.93    0.43    0.59
  17818                CONDUIT     0.072     0  00:00      0.79    0.24    0.47
  17819                CONDUIT     0.975     0  00:06      0.94    0.19    0.39
  17820                CONDUIT     1.445     0  00:10      1.47    0.33    0.37
  17821                CONDUIT     1.378     0  00:10      1.34    0.77    0.38
  17822                CONDUIT     1.319     0  00:09      1.22    0.50    0.40
  17824                CONDUIT     0.281     0  00:04      1.58    0.37    0.42
  17825                CONDUIT     0.262     0  00:02      1.48    0.89    1.00
  17826                CONDUIT     0.321     0  00:28      1.60    1.09    1.00
  17830                CONDUIT     1.533     0  00:03      3.59    2.11    0.95
  17831                CONDUIT     1.469     0  00:03      3.33    2.01    1.00
  17832                CONDUIT     1.276     0  00:03      2.89    1.58    1.00
  17833                CONDUIT     0.131     0  00:03      1.26    0.55    1.00
  17834                CONDUIT     1.212     0  00:03      2.74    1.49    1.00
  17835                CONDUIT     0.105     0  00:03      1.04    0.44    1.00
  17836                CONDUIT     0.129     0  00:02      1.20    0.39    1.00
  17837                CONDUIT     1.798     0  01:19      2.91    1.28    0.93
  17838                CONDUIT     1.734     0  01:19      2.73    1.23    1.00
  17839                CONDUIT     1.670     0  01:19      2.62    1.19    1.00
  17840                CONDUIT     1.605     0  00:40      2.52    1.14    1.00
  17841                CONDUIT     0.350     0  00:01      1.62    0.75    0.72
  17842                CONDUIT     0.282     0  00:01      1.52    0.61    0.63
  17843                CONDUIT     0.215     0  00:01      1.43    0.46    0.53
  17844                CONDUIT     0.138     0  00:00      1.16    0.30    0.45
  17845                CONDUIT     0.075     0  00:00      0.93    0.16    0.33
  17846                CONDUIT     0.393     0  00:06      1.39    1.09    1.00
  17850                CONDUIT     0.328     0  00:06      1.32    0.91    1.00
  17851                CONDUIT     0.263     0  00:06      1.22    0.73    1.00
  17852                CONDUIT     0.200     0  01:57      1.09    0.56    1.00
  17853                CONDUIT     0.227     0  01:56      0.77    0.53    1.00
  17854                CONDUIT     0.157     0  01:56      0.70    0.37    1.00
  17855                CONDUIT     0.134     0  00:03      0.65    0.86    1.00
  17856                CONDUIT     0.912     0  00:08      1.12    0.18    0.35
  17857                CONDUIT     0.103     0  00:03      0.57    0.64    1.00
  17858                CONDUIT     0.856     0  00:06      1.26    0.17    0.32
  17859                CONDUIT     0.078     0  00:05      0.64    0.18    1.00
  17860                CONDUIT     0.706     0  00:57      2.58    1.30    0.93
  17861                CONDUIT     0.642     0  01:01      2.28    1.18    0.98
  17862                CONDUIT     0.113     0  00:05      0.76    0.01    0.21
  17864                CONDUIT     0.217     0  00:04      1.32    0.29    0.40
  17865                CONDUIT     0.023     0  00:05      0.37    0.06    0.20
  17866                CONDUIT     0.129     0  00:03      1.07    0.32    0.32
  17867                CONDUIT     0.207     0  00:02      0.74    1.25    1.00
  17868                CONDUIT     0.070     0  00:01      0.72    0.17    0.33
  17869                CONDUIT     0.578     0  01:44      2.06    1.06    1.00
  17878                CONDUIT     0.074     0  00:00      1.02    0.34    0.47
  17879                CONDUIT     0.074     0  00:00      0.91    0.19    0.35
  17880                CONDUIT     0.135     0  00:01      1.06    0.34    0.46
  17881                CONDUIT     0.204     0  00:01      1.33    0.52    0.55
  17882                CONDUIT     0.385     0  00:03      1.88    1.20    0.76
  17889                CONDUIT     0.267     0  00:02      1.59    0.68    0.58
  17890                CONDUIT     0.332     0  00:02      1.32    0.42    0.50
  17891                CONDUIT     0.397     0  00:02      1.41    0.50    0.55
  17892                CONDUIT     0.465     0  00:03      1.50    0.58    0.59
  17914                CONDUIT     0.530     0  00:03      1.61    0.67    0.63
  17915                CONDUIT     0.602     0  00:03      1.88    0.76    0.61
  17937                CONDUIT     3.459     0  01:38      1.12    0.41    0.31
  17938                CONDUIT     3.523     0  01:38      1.19    0.43    0.30
  17939                CONDUIT     3.844     0  01:39      0.88    0.26    0.28
  17941                CONDUIT     0.067     0  00:05      0.67    0.42    1.00
  17942                CONDUIT     0.132     0  00:05      0.97    1.22    1.00
  17943                CONDUIT     0.205     0  00:07      0.78    0.93    1.00
  17945                CONDUIT     0.284     0  01:56      1.20    0.99    1.00
  17947                CONDUIT     0.351     0  01:56      0.95    0.34    0.93
  17948                CONDUIT     0.398     0  01:57      0.83    0.54    1.00
  17949                CONDUIT     0.454     0  00:07      0.79    0.49    1.00
  17973                CONDUIT     3.909     0  01:39      0.91    0.26    0.28
  17974                CONDUIT     3.973     0  01:44      0.93    0.28    0.28
  17975                CONDUIT     4.037     0  01:40      0.97    0.28    0.27
  17976                CONDUIT     4.101     0  01:40      1.00    0.28    0.27
  17977                CONDUIT     4.165     0  01:40      1.05    0.30    0.26
  17983                CONDUIT     0.067     0  00:01      0.96    0.09    0.20
  17985                CONDUIT     0.582     0  00:07      1.04    3.18    1.00
  17986                CONDUIT     0.216     0  00:01      0.82    0.01    0.06
  17987                CONDUIT     0.075     0  00:00      0.90    0.38    0.52
  17988                CONDUIT     0.796     0  00:08      1.33    3.48    1.00
  17989                CONDUIT     0.212     0  00:00      1.27    0.30    0.39
  17990                CONDUIT     0.143     0  00:00      1.47    0.72    0.60
  17991                CONDUIT     0.064     0  00:07      0.40    0.63    0.40
  17993                CONDUIT     0.518     0  00:07      0.97    0.56    1.00
  17994                CONDUIT     0.017     0  00:00      0.91    0.07    0.18
  17995                CONDUIT     0.054     0  00:00      0.88    0.20    0.45
  17998                CONDUIT     0.124     0  00:00      1.20    0.45    0.64
  17999                CONDUIT     0.196     0  00:00      1.51    0.71    0.76
  18000                CONDUIT     0.259     0  00:00      1.96    0.95    0.78
  18001                CONDUIT     0.658     0  00:08      1.98    0.29    0.49
  18002                CONDUIT     0.351     0  00:08      3.20    0.19    0.30
  18003                CONDUIT     0.694     0  00:08      1.50    0.56    0.56
  18004                CONDUIT     0.125     0  00:07      0.79    0.34    0.39
  18005                CONDUIT     0.095     0  01:25      1.39    1.42    0.93
  18006                CONDUIT     0.094     0  01:25      1.38    1.39    0.93
  18007                CONDUIT     0.758     0  00:08      1.65    0.62    0.56
  18008                CONDUIT     0.722     0  00:09      1.61    2.04    0.55
  18009                CONDUIT     0.823     0  00:08      1.93    0.67    0.52
  18010                CONDUIT     0.152     0  00:01      0.91    0.28    0.14
  18026                CONDUIT     4.230     0  01:41      1.11    0.29    0.25
  18029                CONDUIT     0.259     0  00:03      1.08    0.03    0.08
  18031                CONDUIT     4.294     0  01:41      1.18    0.29    0.25
  18032                CONDUIT     4.358     0  01:56      1.21    0.09    0.25
  18033                CONDUIT     4.743     0  01:41      1.30    1.71    0.28
  18034                CONDUIT     5.064     0  01:41      1.46    0.90    0.26
  18035                CONDUIT     5.129     0  01:42      1.56    0.37    0.22
  18036                CONDUIT     5.193     0  01:42      1.68    0.36    0.19
  18037                CONDUIT     5.257     0  01:42      1.91    0.37    0.18
  18038                CONDUIT     0.321     0  00:20      1.17    0.19    0.28
  18039                CONDUIT     0.257     0  00:20      0.80    0.15    0.28
  18042                CONDUIT     0.193     0  00:09      0.62    0.11    0.28
  18043                CONDUIT     0.129     0  00:08      0.49    0.08    0.27
  18044                CONDUIT     0.067     0  00:05      0.51    0.04    0.26
  18051                CONDUIT     0.065     0  00:17      0.39    0.03    0.20
  18056                CONDUIT     2.019     0  00:08      2.29    0.33    0.33
  18070                CONDUIT     0.135     0  00:01      1.65    0.24    0.33
  18072                CONDUIT     0.075     0  00:00      1.27    0.13    0.28
  18074                CONDUIT     0.105     0  00:04      1.01    0.26    0.29
  18076                CONDUIT     0.041     0  01:55      0.40    0.10    0.30
  18077                CONDUIT     0.198     0  00:02      1.40    0.55    0.50
  18078                CONDUIT     0.136     0  00:01      1.08    0.38    0.47
  18079                CONDUIT     0.075     0  00:00      0.91    0.21    0.36
  18082                CONDUIT     0.068     0  00:02      0.56    0.34    0.52
  18085                CONDUIT     0.193     0  00:03      1.39    0.98    0.49
  18087                CONDUIT     0.129     0  00:03      0.85    0.64    0.53
  18088                CONDUIT     0.193     0  00:08      1.31    0.80    0.51
  18089                CONDUIT     0.107     0  00:00      1.52    2.23    1.00
  18091                CONDUIT     0.139     0  00:01      1.98    2.91    1.00
  18093                CONDUIT     0.706     0  00:02      2.55    2.00    0.95
  18094                CONDUIT     0.642     0  00:02      2.27    1.83    1.00
  18096                CONDUIT     0.477     0  00:02      1.69    1.78    1.00
  18097                CONDUIT     0.046     0  00:00      0.66    0.97    1.00
  18098                CONDUIT     0.071     0  00:00      1.05    1.79    1.00
  18101                CONDUIT     0.264     0  00:01      1.62    0.62    0.56
  18102                CONDUIT     0.156     0  00:00      1.64    0.29    0.45
  18103                CONDUIT     0.074     0  00:00      0.85    0.17    0.42
  18104                CONDUIT     0.082     0  00:00      1.12    0.15    0.32
  18105                CONDUIT     0.132     0  00:02      0.54    0.81    1.00
  18106                CONDUIT     0.071     0  00:00      0.84    0.21    0.36
  18107                CONDUIT     0.193     0  00:03      0.68    1.17    1.00
  18110                CONDUIT     0.132     0  00:01      1.24    0.38    0.40
  18112                CONDUIT     0.719     0  00:03      2.96    4.47    0.80
  18113                CONDUIT     0.128     0  00:07      0.82    0.53    0.55
  18114                CONDUIT     0.065     0  00:01      0.67    0.27    0.48
  18116                CONDUIT     0.270     0  00:01      1.91    0.68    0.59
  18117                CONDUIT     0.412     0  00:02      1.46    1.54    1.00
  18119                CONDUIT     0.129     0  00:00      1.94    3.27    1.00
  18120                CONDUIT     0.163     0  00:00      2.32    4.13    1.00
  18121                CONDUIT     0.368     0  01:57      1.30    1.36    1.00
  18122                CONDUIT     0.370     0  00:01      1.31    1.39    1.00
  18123                CONDUIT     0.321     0  00:01      1.13    1.19    1.00
  18124                CONDUIT     0.315     0  00:01      1.12    1.17    1.00
  18125                CONDUIT     0.299     0  00:01      1.17    1.12    1.00
  18126                CONDUIT     0.330     0  00:02      1.17    1.23    1.00
  18127                CONDUIT     0.225     0  00:00      1.45    1.91    1.00
  18128                CONDUIT     0.262     0  00:00      1.66    2.24    1.00
  18129                CONDUIT     0.309     0  00:00      1.96    2.65    1.00
  18130                CONDUIT     0.351     0  00:00      2.25    3.00    1.00
  18131                CONDUIT     0.396     0  00:01      2.52    3.36    1.00
  18132                CONDUIT     0.489     0  00:01      1.80    1.47    1.00
  20561                CONDUIT     0.073     0  00:00      1.40    0.13    0.24
  20566                CONDUIT     0.064     0  00:19      1.12    0.07    0.21
  20573                CONDUIT     0.128     0  00:25      1.32    0.13    0.27
  20580                CONDUIT     0.193     0  00:25      1.72    0.20    0.30
  20592                CONDUIT     0.070     0  00:01      0.81    0.07    0.21
  20595                CONDUIT     0.130     0  00:02      0.95    0.13    0.27
  20603                CONDUIT     0.167     0  00:01      1.00    0.04    0.25
  20604                CONDUIT     0.193     0  00:08      0.74    0.11    0.25
  20605                CONDUIT     0.129     0  00:08      0.64    0.07    0.22
  20608                CONDUIT     0.088     0  00:01      0.56    0.03    0.24
  20609                CONDUIT     0.078     0  00:00      0.83    0.02    0.15
  20612                CONDUIT     0.091     0  00:00      1.07    0.05    0.21
  20614                CONDUIT     0.149     0  00:03      0.87    0.02    0.21
  20615                CONDUIT     0.217     0  00:00      0.82    0.11    0.26
  20617                CONDUIT     0.196     0  00:02      1.30    0.19    0.29
  20628                CONDUIT     0.257     0  00:12      0.67    0.20    0.25
  20629                CONDUIT     0.193     0  00:11      0.58    0.10    0.23
  20630                CONDUIT     0.321     0  00:14      0.83    0.18    0.25
  20631                CONDUIT     0.257     0  00:11      0.76    0.14    0.22
  20632                CONDUIT     0.522     0  00:05      1.18    0.26    0.29
  20633                CONDUIT     0.385     0  00:14      1.20    0.23    0.22
  20634                CONDUIT     0.321     0  00:15      1.15    0.17    0.20
  20635                CONDUIT     0.278     0  00:03      1.00    0.05    0.26
  20636                CONDUIT     0.340     0  00:03      0.95    0.10    0.28
  20638                CONDUIT     0.401     0  00:03      0.91    0.12    0.29
  20640                CONDUIT     0.462     0  00:03      1.01    0.20    0.30
  20642                CONDUIT     0.075     0  00:00      0.73    0.02    0.13
  20643                CONDUIT     0.583     0  00:06      1.40    0.36    0.26
  20644                CONDUIT     0.129     0  00:03      0.89    0.06    0.13
  20767                CONDUIT     0.385     0  00:28      1.97    1.31    0.97
  20776                CONDUIT     1.084     0  00:03      2.45    1.34    1.00
  20777                CONDUIT     0.830     0  00:03      2.32    1.28    1.00
  20778                CONDUIT     0.896     0  00:03      2.50    1.38    1.00
  20779                CONDUIT     1.032     0  00:02      2.35    1.27    1.00
  20780                CONDUIT     0.764     0  00:03      2.70    1.61    1.00
  20781                CONDUIT     0.700     0  00:03      2.48    1.48    1.00
  20782                CONDUIT     0.263     0  00:02      1.53    0.59    1.00
  20783                CONDUIT     0.226     0  00:03      1.30    0.51    1.00
  20784                CONDUIT     0.291     0  00:03      1.13    0.65    1.00
  20785                CONDUIT     0.298     0  00:03      1.29    0.67    1.00
  20786                CONDUIT     1.541     0  01:19      2.42    1.10    1.00
  20787                CONDUIT     0.327     0  00:02      1.75    1.16    1.00
  20788                CONDUIT     0.266     0  00:01      1.60    0.94    1.00
  20789                CONDUIT     0.206     0  00:01      1.49    0.50    0.49
  20790                CONDUIT     1.220     0  00:04      2.23    0.69    1.00
  20791                CONDUIT     0.140     0  00:01      1.14    0.34    0.45
  20792                CONDUIT     0.078     0  00:00      1.03    0.19    0.34
  20793                CONDUIT     1.146     0  00:04      2.66    0.65    0.87
  20795                CONDUIT     0.069     0  00:00      0.71    0.26    1.00
  20798                CONDUIT     0.131     0  00:05      0.82    0.49    1.00
  20799                CONDUIT     0.196     0  00:05      0.89    0.73    1.00
  20800                CONDUIT     0.260     0  00:05      0.92    0.98    1.00
  20801                CONDUIT     0.148     0  01:56      0.96    0.41    1.00
  20802                CONDUIT     0.100     0  00:06      0.85    0.28    1.00
  20803                CONDUIT     0.418     0  01:55      1.48    1.57    1.00
  20804                CONDUIT     0.322     0  00:05      1.14    1.21    1.00
  20805                CONDUIT     0.480     0  00:06      1.82    1.80    0.88
  20806                CONDUIT     0.378     0  00:14      1.34    1.41    1.00
  20810                CONDUIT     0.533     0  00:02      1.99    0.98    1.00
  20811                CONDUIT     0.473     0  00:02      2.05    0.68    0.86
  20813                CONDUIT     0.405     0  00:02      1.76    3.67    0.81
  20814                CONDUIT     0.570     0  00:03      2.12    0.40    0.44
  20815                CONDUIT     0.499     0  00:03      1.92    0.35    0.43
  20816                CONDUIT     0.344     0  00:02      1.61    0.58    0.71
  20817                CONDUIT     0.425     0  00:02      1.78    0.30    0.41
  20822                CONDUIT     0.636     0  00:03      2.25    1.35    1.00
  20823                CONDUIT     0.565     0  00:02      2.00    1.19    1.00
  20824                CONDUIT     0.195     0  00:01      1.26    0.74    1.00
  20825                CONDUIT     0.151     0  00:02      1.20    0.57    1.00
  20826                CONDUIT     0.196     0  00:02      1.08    0.81    1.00
  20827                CONDUIT     0.499     0  00:02      1.76    1.33    1.00
  20828                CONDUIT     0.408     0  00:08      1.44    1.10    1.00
  20829                CONDUIT     0.344     0  00:41      1.22    0.94    1.00
  20830                CONDUIT     0.132     0  00:01      1.44    0.60    1.00
  20831                CONDUIT     0.325     0  00:01      1.23    0.87    1.00
  20832                CONDUIT     0.295     0  00:02      1.52    0.91    1.00
  20833                CONDUIT     0.089     0  00:02      1.19    0.40    1.00
  20834                CONDUIT     0.251     0  00:02      1.47    1.13    1.00
  20835                CONDUIT     0.203     0  01:57      1.36    0.72    1.00
  20836                CONDUIT     0.143     0  01:57      1.23    0.51    1.00
  20837                CONDUIT     0.919     0  00:04      2.64    0.52    0.54
  20838                CONDUIT     0.077     0  00:00      1.04    0.27    1.00
  20839                CONDUIT     0.839     0  00:04      2.62    0.48    0.51
  20840                CONDUIT     1.069     0  00:04      2.72    0.61    0.68
  20841                CONDUIT     0.073     0  00:00      0.86    0.19    0.35
  20842                CONDUIT     0.995     0  00:04      2.69    0.56    0.59
  20843                CONDUIT     0.286     0  00:01      1.76    0.53    0.56
  20844                CONDUIT     0.207     0  00:01      1.52    0.39    0.50
  20845                CONDUIT     0.134     0  00:01      1.17    0.36    0.47
  20847                CONDUIT     0.277     0  00:02      1.73    0.73    0.56
  20848                CONDUIT     0.351     0  00:01      2.25    0.66    0.55
  20849                CONDUIT     0.197     0  00:02      1.25    0.52    0.57
  20850                CONDUIT     0.133     0  00:01      1.04    0.35    0.47
  20851                CONDUIT     0.072     0  00:00      0.88    0.19    0.35
  20855                CONDUIT     0.274     0  00:02      1.55    0.20    0.32
  20856                CONDUIT     0.200     0  00:01      1.57    0.44    0.46
  20860                CONDUIT     0.335     0  00:02      1.93    0.25    0.35
  20863                CONDUIT     0.135     0  00:01      1.21    0.29    0.42
  20864                CONDUIT     0.072     0  00:00      1.02    0.16    0.32
  20865                CONDUIT     0.351     0  00:02      1.66    0.25    0.37
  20870                CONDUIT     0.194     0  00:03      1.07    0.88    1.00
  20871                CONDUIT     0.132     0  01:58      0.99    0.59    1.00
  20872                CONDUIT     0.192     0  00:02      1.04    0.87    1.00
  20873                CONDUIT     0.578     0  00:17      2.35    0.33    0.41
  20874                CONDUIT     0.770     0  00:21      2.58    0.44    0.48
  20875                CONDUIT     0.706     0  00:19      2.52    0.40    0.45
  20876                CONDUIT     0.642     0  00:17      2.44    0.36    0.43
  20877                CONDUIT     0.136     0  00:01      1.26    0.26    0.41
  20878                CONDUIT     0.073     0  00:00      1.03    0.14    0.31
  20879                CONDUIT     0.195     0  00:04      0.79    0.63    1.00
  20880                CONDUIT     0.164     0  00:03      1.09    0.53    1.00
  20881                CONDUIT     0.193     0  00:05      1.09    0.62    1.00
  20882                CONDUIT     0.258     0  00:05      1.09    0.83    1.00
  20886                CONDUIT     0.280     0  00:17      0.99    0.90    1.00
  20888                CONDUIT     0.314     0  01:55      1.11    1.74    1.00
  20892                CONDUIT     0.367     0  01:55      1.30    2.04    1.00
  20897                CONDUIT     1.313     0  00:07      3.44    1.74    0.82
  20898                CONDUIT     0.706     0  00:09      2.55    1.30    0.95
  20899                CONDUIT     0.642     0  00:51      2.27    1.18    1.00
  20900                CONDUIT     0.079     0  01:55      1.16    0.24    0.95
  20901                CONDUIT     1.044     0  00:07      2.41    1.36    0.98
  20902                CONDUIT     0.993     0  00:04      2.25    1.52    1.00
  20912                CONDUIT     0.084     0  00:00      2.09    0.09    0.21
  20914                CONDUIT     0.514     0  00:18      1.93    1.50    0.89
  20915                CONDUIT     0.449     0  01:48      1.59    1.32    1.00
  20916                CONDUIT     0.385     0  00:39      1.36    1.13    1.00
  20917                CONDUIT     0.324     0  01:56      1.27    0.95    1.00
  20918                CONDUIT     0.276     0  01:56      1.21    0.81    1.00
  20919                CONDUIT     0.216     0  01:56      1.12    0.63    1.00
  20920                CONDUIT     0.144     0  01:56      0.91    0.42    0.97
  20921                CONDUIT     0.072     0  00:00      0.79    0.21    0.87
  20922                CONDUIT     0.419     0  01:55      1.48    2.33    1.00
  20923                CONDUIT     0.472     0  01:55      1.67    2.61    1.00
  20924                CONDUIT     0.525     0  00:04      1.86    2.94    1.00
  20925                CONDUIT     0.590     0  00:04      2.08    3.25    1.00
  20926                CONDUIT     0.926     0  00:04      2.10    1.41    1.00
  20927                CONDUIT     0.655     0  00:04      2.32    3.29    1.00
  20928                CONDUIT     0.860     0  00:04      1.95    1.21    1.00
  20929                CONDUIT     0.152     0  00:04      0.64    0.67    1.00
  20930                CONDUIT     0.120     0  00:03      0.66    0.17    1.00
  21139                CONDUIT     0.257     0  00:03      0.91    1.58    1.00
  21140                CONDUIT     0.321     0  00:03      1.14    1.96    1.00
  21141                CONDUIT     0.106     0  01:57      0.97    0.16    1.00
  21142                CONDUIT     0.277     0  00:01      1.84    0.51    0.53
  21143                CONDUIT     0.655     0  00:03      2.32    3.95    1.00
  21144                CONDUIT     0.590     0  00:03      2.09    3.58    1.00
  21145                CONDUIT     0.328     0  00:03      1.17    0.79    1.00
  21146                CONDUIT     0.071     0  00:00      0.87    0.18    0.35
  21147                CONDUIT     0.201     0  00:01      1.78    0.78    1.00
  21148                CONDUIT     0.135     0  00:01      1.40    0.52    1.00
  21150                CONDUIT     0.199     0  00:01      1.27    0.50    0.55
  21151                CONDUIT     0.130     0  00:02      1.02    0.33    0.47
  21152                CONDUIT     0.409     0  00:02      1.83    1.02    0.75
  21153                CONDUIT     0.345     0  00:01      1.54    0.86    0.75
  21157                CONDUIT     0.130     0  00:01      1.36    0.49    0.47
  21158                CONDUIT     0.423     0  00:02      2.50    0.63    0.58
  21159                CONDUIT     0.266     0  00:02      1.04    0.98    1.00
  21163                CONDUIT     0.195     0  00:02      1.43    0.57    0.49
  21165                CONDUIT     0.112     0  00:00      1.03    0.42    1.00
  21166                CONDUIT     0.288     0  01:23      1.02    2.53    1.00
  21167                CONDUIT     0.223     0  01:22      0.79    2.31    1.00
  21168                CONDUIT     0.151     0  00:00      1.14    0.25    1.00
  21169                CONDUIT     0.438     0  00:01      1.56    1.23    1.00
  21170                CONDUIT     0.286     0  00:01      1.02    2.07    1.00
  21171                CONDUIT     0.221     0  00:01      1.07    0.36    1.00
  21172                CONDUIT     0.326     0  00:02      1.23    3.39    1.00
  21173                CONDUIT     0.086     0  00:02      0.78    0.22    1.00
  21174                CONDUIT     0.261     0  00:02      1.07    0.59    1.00
  21175                CONDUIT     0.196     0  00:02      1.29    0.27    1.00
  21176                CONDUIT     0.255     0  00:02      1.21    0.35    1.00
  21177                CONDUIT     0.469     0  00:01      1.71    1.40    1.00
  21178                CONDUIT     0.495     0  00:02      1.75    1.48    1.00
  21179                CONDUIT     1.448     0  00:02      3.28   10.82    1.00
  21180                CONDUIT     0.090     0  00:01      1.08    0.14    1.00
  21181                CONDUIT     0.485     0  00:02      1.72    1.08    1.00
  21182                CONDUIT     0.836     0  00:02      1.89    6.35    1.00
  21183                CONDUIT     0.181     0  00:02      1.13    0.48    1.00
  21184                CONDUIT     0.216     0  00:01      1.22    0.46    1.00
  21186                CONDUIT     1.513     0  00:02      3.46   11.63    0.97
  21196                CONDUIT     0.207     0  00:01      1.57    0.38    0.47
  21197                CONDUIT     0.279     0  00:02      1.54    0.20    0.33
  21198                CONDUIT     0.136     0  00:01      1.33    0.25    0.39
  21199                CONDUIT     0.207     0  00:01      1.39    0.14    0.28
  21200                CONDUIT     0.137     0  00:01      1.20    0.10    0.24
  21201                CONDUIT     0.079     0  01:57      1.11    0.31    1.00
  21202                CONDUIT     0.072     0  00:00      1.11    0.13    0.29
  21203                CONDUIT     0.292     0  00:01      1.77    0.41    0.58
  21204                CONDUIT     0.215     0  00:01      1.91    0.31    0.42
  21205                CONDUIT     0.147     0  00:00      1.63    0.24    0.36
  21206                CONDUIT     0.067     0  00:00      0.94    0.25    0.39
  21207                CONDUIT     0.351     0  00:01      2.19    0.53    0.55
  21208                CONDUIT     0.278     0  00:01      2.02    0.42    0.49
  21209                CONDUIT     0.206     0  00:01      1.83    0.31    0.42
  21211                CONDUIT     0.130     0  00:02      0.99    0.38    0.47
  21212                CONDUIT     0.069     0  00:00      0.81    0.20    0.37
  21218                CONDUIT     0.264     0  00:02      0.96    0.70    1.00
  21219                CONDUIT     0.225     0  00:02      0.84    0.65    1.00
  21220                CONDUIT     0.288     0  00:02      1.06    0.84    1.00
  21221                CONDUIT     0.376     0  00:02      1.38    1.10    1.00
  21225                CONDUIT     0.225     0  00:01      1.19    0.48    1.00
  21253                CONDUIT     0.514     0  00:09      1.82    1.26    1.00
  21254                CONDUIT     0.450     0  01:13      1.59    1.10    1.00
  21255                CONDUIT     0.234     0  01:56      0.87    0.58    1.00
  21256                CONDUIT     0.195     0  00:04      1.32    1.20    1.00
  21257                CONDUIT     0.066     0  00:00      1.45    0.16    0.26
  21258                CONDUIT     0.073     0  00:00      1.00    0.05    0.18
  21259                CONDUIT     0.175     0  01:56      1.11    0.43    1.00
  21260                CONDUIT     0.085     0  01:55      0.94    0.21    0.95
  21261                CONDUIT     0.138     0  00:01      1.64    0.21    0.34
  21262                CONDUIT     0.072     0  00:00      1.55    0.10    0.23
  21263                CONDUIT     0.076     0  00:00      1.42    0.11    0.26
  21264                CONDUIT     0.141     0  00:00      1.46    0.23    0.34
  21265                CONDUIT     0.079     0  00:00      1.31    0.13    0.23
  21266                CONDUIT     0.347     0  00:01      1.88    0.57    0.86
  21267                CONDUIT     0.282     0  00:01      1.84    0.46    0.58
  21268                CONDUIT     0.208     0  00:01      1.66    0.34    0.43
  21271                CONDUIT     0.963     0  01:42      3.41    1.86    1.00
  21272                CONDUIT     0.390     0  01:55      1.54    0.64    1.00
  21273                CONDUIT     0.197     0  00:01      1.36    0.47    0.62
  21274                CONDUIT     0.514     0  00:55      1.82    1.11    1.00
  21275                CONDUIT     0.450     0  00:55      1.59    0.97    1.00
  21276                CONDUIT     0.134     0  00:01      1.13    0.32    0.47
  21277                CONDUIT     0.071     0  00:00      0.79    0.23    0.45
  21279                CONDUIT     0.128     0  00:10      0.89    0.42    0.57
  21281                CONDUIT     0.257     0  00:06      1.49    1.11    0.59
  21282                CONDUIT     0.193     0  00:06      1.01    0.83    0.64
  21283                CONDUIT     0.129     0  00:04      0.69    0.55    0.63
  21284                CONDUIT     0.074     0  00:02      0.59    0.36    1.00
  21285                CONDUIT     0.132     0  00:01      1.24    0.38    0.40
  21286                CONDUIT     0.071     0  00:00      0.85    0.20    0.36
  21300                CONDUIT     0.064     0  00:02      1.29    0.27    0.35
  21301                CONDUIT     0.137     0  00:00      1.32    0.85    1.00
  21302                CONDUIT     0.385     0  01:04      1.57    1.65    0.81
  21303                CONDUIT     0.073     0  00:00      0.84    0.45    1.00
  21304                CONDUIT     0.193     0  01:55      0.72    0.83    0.93
  21305                CONDUIT     0.257     0  01:04      0.93    1.10    0.95
  21306                CONDUIT     0.076     0  00:00      1.26    0.13    0.28
  21307                CONDUIT     0.074     0  00:00      1.28    0.22    0.29
  21308                CONDUIT     0.064     0  01:12      0.51    0.49    0.88
  21309                CONDUIT     0.141     0  00:01      1.44    0.24    0.38
  21310                CONDUIT     0.144     0  00:00      1.48    0.16    0.28
  21311                CONDUIT     0.211     0  00:01      1.65    0.36    0.46
  21312                CONDUIT     0.212     0  00:01      1.78    0.21    0.27
  21314                CONDUIT     0.286     0  00:01      2.06    0.49    0.50
  21315                CONDUIT     0.394     0  01:55      1.62    0.85    1.00
  21316                CONDUIT     0.348     0  01:57      1.58    0.75    1.00
  21317                CONDUIT     0.204     0  01:56      1.63    0.95    1.00
  21318                CONDUIT     0.070     0  01:55      0.94    0.22    0.85
  21319                CONDUIT     0.071     0  00:00      1.09    0.13    0.29
  21320                CONDUIT     0.074     0  00:00      1.00    0.17    0.33
  21321                CONDUIT     0.135     0  00:01      1.35    0.25    0.39
  21322                CONDUIT     0.142     0  01:56      1.30    0.66    0.94
  21323                CONDUIT     0.206     0  00:01      1.28    0.38    0.59
  21324                CONDUIT     0.075     0  00:00      1.06    0.35    0.70
  21325                CONDUIT     0.193     0  00:10      1.00    0.62    0.66
  21326                CONDUIT     0.067     0  00:00      0.70    0.29    0.57
  21327                CONDUIT     0.258     0  00:06      1.31    0.84    0.69
  21328                CONDUIT     0.263     0  00:02      1.17    0.88    0.79
  21329                CONDUIT     0.322     0  00:03      1.43    1.07    0.78
  21330                CONDUIT     0.392     0  00:03      1.99    1.31    0.71
  21331                CONDUIT     0.556     0  00:06      2.49    2.62    0.76
  21333                CONDUIT     0.136     0  00:04      0.48    0.65    1.00
  21334                CONDUIT     0.086     0  00:03      0.75    0.34    0.89
  21335                CONDUIT     0.201     0  00:04      0.71    0.96    1.00
  21336                CONDUIT     0.143     0  01:55      0.73    0.35    0.98
  21337                CONDUIT     0.392     0  00:05      1.39    1.90    1.00
  21338                CONDUIT     0.456     0  00:05      1.69    2.19    0.92
  12453                CONDUIT     0.141     0  00:00      1.30    0.43    0.42
  12454                CONDUIT     0.642     0  00:07      1.79    0.87    0.55
  12455                CONDUIT     2.302     0  00:44      2.01    0.29    0.26
  12456                CONDUIT     1.490     0  01:45      1.50    0.06    0.34
  12457                CONDUIT     0.071     0  00:00      0.80    0.49    0.55
  12458                CONDUIT     0.086     0  00:00      1.83    0.11    0.22
  12459                CONDUIT     0.578     0  00:09      1.50    0.79    0.58
  12460                CONDUIT     0.150     0  00:00      3.24    0.11    0.23
  12461                CONDUIT     3.465     0  00:42      2.24    0.93    0.33
  12599                CONDUIT     0.064     0  00:00      0.96    7.93    1.00
  12600                CONDUIT     0.129     0  00:12      1.85   12.18    0.95
  12602                CONDUIT     0.065     0  00:00      1.60    1.37    0.95
  14287                CONDUIT     0.193     0  00:09      1.24    0.90    0.54
  14289                CONDUIT     0.259     0  00:07      0.97    0.35    0.52
  14290                CONDUIT     0.129     0  00:06      0.91    0.60    0.59
  14291                CONDUIT     0.196     0  00:06      0.83    0.27    0.49
  14292                CONDUIT     0.074     0  00:00      0.81    0.35    0.57
  14293                CONDUIT     0.135     0  00:04      0.69    0.18    0.46
  14295                CONDUIT     0.072     0  00:04      0.62    0.10    0.43
  14296                CONDUIT     0.322     0  00:07      0.87    0.44    0.57
  14297                CONDUIT     3.322     0  01:04      1.86    1.19    0.39
  14298                CONDUIT     2.506     0  00:22      2.00    0.28    0.29
  14299                CONDUIT     3.335     0  01:03      1.68    4.28    0.44
  14300                CONDUIT     2.484     0  00:40      1.85    0.25    0.30
  14301                CONDUIT     3.237     0  00:44      1.56    2.55    0.46
  14302                CONDUIT     2.382     0  00:40      1.64    0.50    0.31
  14304                CONDUIT     3.303     0  01:51      1.49    4.24    0.49
  14305                CONDUIT     2.361     0  00:40      1.50    0.31    0.33
  14311                CONDUIT     0.321     0  00:14      1.47    1.66    0.72
  14312                CONDUIT     0.257     0  00:11      1.01    1.31    0.84
  14313                CONDUIT     0.193     0  00:07      0.76    1.01    0.86
  14322                CONDUIT     0.068     0  00:00      1.23    0.94    0.71
  14344                CONDUIT     0.387     0  00:01      1.87    0.36    0.48
  14345                CONDUIT     0.302     0  00:01      1.77    0.28    0.43
  14346                CONDUIT     3.224     0  01:51      1.39    4.14    0.51
  14347                CONDUIT     0.991     0  01:41      1.58    0.05    0.36
  14348                CONDUIT     2.381     0  00:40      1.50    0.26    0.33
  14349                CONDUIT     3.341     0  01:51      1.37    3.49    0.60
  14350                CONDUIT     2.629     0  01:42      1.89    0.32    0.36
  14351                CONDUIT     0.677     0  00:02      2.17    0.80    0.68
  14352                CONDUIT     0.610     0  00:01      2.02    0.57    0.65
  14353                CONDUIT     1.684     0  01:03      1.08    0.29    0.37
  14354                CONDUIT     0.540     0  00:01      2.05    0.51    0.58
  14355                CONDUIT     0.458     0  00:01      2.00    0.43    0.53
  14358                CONDUIT     2.973     0  01:06      1.17    3.04    0.62
  14360                CONDUIT     3.035     0  00:28      1.20    4.30    0.64
  14361                CONDUIT     1.611     0  01:40      1.05    0.26    0.36
  14362                CONDUIT     0.068     0  00:03      0.62    0.35    0.81
  14363                CONDUIT     0.129     0  00:06      0.63    0.66    0.85
  14365                CONDUIT     0.074     0  00:00      0.86    0.19    0.35
  14366                CONDUIT     0.135     0  00:01      1.03    0.34    0.48
  14368                CONDUIT     0.230     0  00:00      1.66    0.35    0.52
  14369                CONDUIT     0.273     0  00:01      1.53    0.82    0.61
  14373                CONDUIT     0.078     0  00:00      1.16    0.12    0.29
  14374                CONDUIT     0.152     0  00:00      1.58    0.23    0.38
  14379                CONDUIT     0.228     0  00:01      1.59    0.21    0.37
  14380                CONDUIT     0.147     0  00:00      1.36    0.14    0.30
  14381                CONDUIT     0.077     0  00:00      1.04    0.07    0.22
  14382                CONDUIT     2.786     0  01:19      1.22    0.32    0.64
  14383                CONDUIT     1.507     0  01:57      1.01    0.27    0.35
  14384                CONDUIT     2.632     0  00:24      1.49    0.25    0.62
  14385                CONDUIT     1.489     0  01:57      1.01    0.21    0.34
  14386                CONDUIT     2.547     0  00:43      1.50    0.24    0.59
  14387                CONDUIT     1.440     0  01:56      1.12    0.10    0.30
  14388                CONDUIT     2.368     0  00:43      1.49    0.31    0.55
  14389                CONDUIT     1.273     0  01:56      1.18    0.14    0.25
  14390                CONDUIT     2.250     0  01:20      1.51    0.17    0.51
  14391                CONDUIT     1.304     0  01:56      1.33    0.10    0.23
  14392                CONDUIT     0.200     0  00:01      1.18    0.51    0.58
  14393                CONDUIT     0.267     0  00:01      1.39    0.68    0.65
  14394                CONDUIT     0.139     0  00:01      1.21    0.29    0.46
  14395                CONDUIT     0.337     0  00:01      1.75    0.86    0.64
  14396                CONDUIT     0.798     0  00:02      2.01    0.59    0.61
  14397                CONDUIT     0.273     0  00:01      2.28    0.40    0.44
  14398                CONDUIT     0.877     0  00:01      2.09    0.65    0.63
  14399                CONDUIT     0.205     0  00:01      1.61    0.54    0.47
  14400                CONDUIT     0.939     0  00:02      2.20    0.70    0.65
  14401                CONDUIT     0.134     0  00:01      1.06    0.36    0.47
  14404                CONDUIT     0.075     0  00:00      1.33    0.13    0.30
  14407                CONDUIT     2.207     0  00:19      1.57    0.23    0.48
  14408                CONDUIT     1.250     0  01:56      1.41    0.10    0.20
  14409                CONDUIT     2.237     0  00:42      1.56    0.17    0.45
  14410                CONDUIT     0.737     0  00:25      1.58    0.03    0.18
  14411                CONDUIT     1.197     0  01:56      1.34    0.22    0.20
  14412                CONDUIT     1.031     0  00:02      2.35    0.76    0.66
  14413                CONDUIT     0.853     0  00:42      0.77    0.06    0.38
  14414                CONDUIT     1.161     0  00:25      1.53    0.49    0.22
  14415                CONDUIT     0.660     0  01:21      0.81    0.04    0.24
  14416                CONDUIT     1.005     0  01:55      1.16    0.14    0.23
  14417                CONDUIT     0.074     0  00:00      0.85    0.20    0.36
  14421                CONDUIT     0.433     0  00:41      0.86    0.10    0.15
  14422                CONDUIT     0.931     0  01:54      1.01    0.14    0.22
  14423                CONDUIT     0.351     0  01:03      0.67    0.08    0.16
  14424                CONDUIT     0.893     0  01:54      0.98    0.13    0.21
  14425                CONDUIT     0.350     0  01:03      0.54    0.11    0.16
  14426                CONDUIT     0.243     0  01:54      0.63    0.02    0.17
  14427                CONDUIT     0.201     0  01:03      0.30    0.05    0.17
  14428                CONDUIT     0.131     0  01:54      0.33    0.04    0.16
  14430                CONDUIT     0.578     0  00:52      1.26    0.26    0.25
  14433                CONDUIT     2.145     0  01:15      1.77    0.76    0.27
  14434                CONDUIT     1.581     0  01:15      1.61    0.33    0.22
  14435                CONDUIT     2.081     0  01:15      1.56    0.20    0.30
  14436                CONDUIT     1.517     0  01:15      1.33    0.24    0.25
  14437                CONDUIT     2.017     0  01:14      1.60    0.19    0.28
  14438                CONDUIT     1.453     0  01:14      1.38    0.11    0.24
  14440                CONDUIT     0.514     0  00:51      1.20    0.12    0.17
  14441                CONDUIT     0.449     0  00:24      1.26    0.24    0.20
  14442                CONDUIT     0.385     0  00:18      0.96    0.16    0.22
  14443                CONDUIT     0.064     0  01:44      0.56    0.10    0.33
  14455                CONDUIT     0.128     0  01:46      0.53    0.21    0.43
  14457                CONDUIT     0.193     0  01:49      0.66    0.31    0.51
  14458                CONDUIT     0.321     0  00:23      0.81    0.14    0.22
  14459                CONDUIT     0.257     0  00:17      0.69    0.12    0.21
  14460                CONDUIT     0.193     0  00:12      0.61    0.10    0.20
  14461                CONDUIT     0.073     0  00:00      0.78    0.25    0.55
  14462                CONDUIT     1.607     0  01:37      1.69    0.24    0.26
  14463                CONDUIT     1.540     0  01:37      1.56    0.23    0.27
  14464                CONDUIT     1.475     0  01:37      1.47    0.22    0.28
  14465                CONDUIT     0.074     0  00:00      1.36    0.13    0.32
  14466                CONDUIT     1.409     0  01:37      1.40    0.21    0.28
  14467                CONDUIT     0.272     0  01:37      1.20    0.16    0.26
  14468                CONDUIT     1.504     0  01:36      1.47    0.22    0.28
  14470                CONDUIT     0.130     0  00:02      1.25    0.35    0.42
  14474                CONDUIT     0.259     0  01:55      0.78    0.42    0.57
  14475                CONDUIT     0.321     0  01:50      0.87    0.53    0.58
  14478                CONDUIT     1.435     0  01:35      1.40    0.21    0.29
  14480                CONDUIT     1.366     0  01:35      1.31    0.28    0.29
  14483                CONDUIT     0.385     0  01:50      1.00    0.62    0.59
  14484                CONDUIT     0.449     0  01:51      1.18    0.73    0.58
  14486                CONDUIT     0.514     0  01:54      1.43    0.82    0.55
  14487                CONDUIT     0.578     0  01:50      2.12    0.94    0.44
  14488                CONDUIT     0.128     0  00:11      0.51    0.06    0.18
  14489                CONDUIT     0.065     0  00:06      0.43    0.03    0.16
  14492                CONDUIT     0.193     0  00:19      1.19    0.29    0.30
  14494                CONDUIT     0.128     0  00:19      0.72    0.24    0.33
  14499                CONDUIT     1.421     0  01:14      3.88    1.60    0.81
  14500                CONDUIT     1.185     0  01:22      2.71    1.32    1.00
  14501                CONDUIT     0.128     0  00:37      1.15    1.29    0.66
  14503                CONDUIT     0.064     0  00:10      0.42    0.12    0.30
  14507                CONDUIT     0.131     0  00:02      0.84    0.45    0.62
  14508                CONDUIT     0.193     0  00:04      0.94    0.67    0.68
  14509                CONDUIT     0.257     0  00:04      1.25    0.89    0.69
  14510                CONDUIT     0.321     0  00:04      1.66    1.11    0.65
  14512                CONDUIT     0.194     0  00:02      1.68    0.42    0.45
  14513                CONDUIT     0.130     0  00:01      1.17    0.30    0.42
  14515                CONDUIT     0.069     0  00:00      1.09    0.12    0.30
  14518                CONDUIT     0.144     0  00:00      1.26    0.49    0.59
  14519                CONDUIT     0.327     0  00:22      2.11    2.47    0.94
  14520                CONDUIT     0.078     0  00:00      0.96    0.26    0.41
  14521                CONDUIT     0.263     0  00:19      1.65    1.97    1.00
  14523                CONDUIT     1.306     0  01:35      1.29    0.18    0.28
  14524                CONDUIT     0.209     0  00:00      1.46    0.71    0.71
  14526                CONDUIT     1.245     0  01:34      1.30    0.18    0.27
  14527                CONDUIT     0.280     0  00:01      2.01    0.94    0.72
  14528                CONDUIT     0.395     0  00:35      2.44    1.96    0.83
  14529                CONDUIT     0.280     0  00:16      1.46    1.38    1.00
  14530                CONDUIT     0.215     0  01:35      1.06    1.07    1.00
  14531                CONDUIT     0.150     0  01:05      0.79    0.75    1.00
  14532                CONDUIT     0.080     0  00:32      0.75    0.39    0.96
  14533                CONDUIT     0.087     0  00:05      0.68    0.21    1.00
  14534                CONDUIT     0.152     0  00:05      0.74    0.36    1.00
  14535                CONDUIT     0.216     0  00:05      0.78    0.51    1.00
  14536                CONDUIT     0.280     0  00:05      0.68    0.66    1.00
  14537                CONDUIT     1.199     0  01:10      1.29    0.18    0.26
  14539                CONDUIT     1.257     0  00:49      3.57    1.60    0.56
  14540                CONDUIT     1.106     0  00:49      2.51    1.23    1.00
  14541                CONDUIT     1.039     0  00:49      2.35    1.16    1.00
  14542                CONDUIT     0.975     0  00:49      2.23    1.09    1.00
  14543                CONDUIT     0.064     0  00:39      0.66    0.65    0.72
  14544                CONDUIT     0.911     0  00:49      2.22    1.02    1.00
  14545                CONDUIT     0.343     0  00:05      0.80    0.82    1.00
  14546                CONDUIT     0.848     0  01:56      2.21    0.95    1.00
  14549                CONDUIT     0.717     0  00:08      2.59    1.47    0.95
  14550                CONDUIT     0.649     0  00:08      2.30    2.00    1.00
  14551                CONDUIT     0.582     0  00:08      2.06    0.91    1.00
  14552                CONDUIT     0.518     0  00:09      1.99    0.86    1.00
  14580                CONDUIT     0.135     0  00:01      1.37    0.38    0.38
  14581                CONDUIT     0.071     0  00:00      0.87    0.20    0.35
  14588                CONDUIT     0.065     0  00:00      1.04    1.85    0.83
  14638                CONDUIT     0.065     0  00:00      1.02    2.38    0.81
  14640                CONDUIT     0.321     0  00:04      1.50    0.99    0.71
  14644                CONDUIT     0.259     0  00:02      1.72    1.73    0.90
  14645                CONDUIT     0.086     0  00:00      1.65    0.57    1.00
  14647                CONDUIT     0.130     0  00:02      1.03    1.00    1.00
  14649                CONDUIT     0.129     0  00:00      1.86    4.77    0.95
  14653                CONDUIT     0.152     0  00:02      0.96    2.09    1.00
  14655                CONDUIT     0.067     0  00:07      0.48    0.85    1.00
  14658                CONDUIT     0.143     0  00:01      1.01    0.95    1.00
  14660                CONDUIT     0.140     0  01:58      1.21    1.35    1.00
  14661                CONDUIT     0.164     0  01:59      1.03    0.94    1.00
  14665                CONDUIT     0.230     0  00:00      2.04    0.78    0.68
  14666                CONDUIT     0.150     0  00:00      1.51    0.51    0.61
  14667                CONDUIT     0.079     0  00:00      1.18    0.27    0.45
  14668                CONDUIT     0.065     0  00:01      0.57    0.56    1.00
  14670                CONDUIT     0.065     0  00:02      0.93    1.49    1.00
  14672                CONDUIT     0.068     0  00:00      1.03    2.52    1.00
  14673                CONDUIT     0.064     0  00:01      1.03    1.78    0.83
  14691                CONDUIT     0.072     0  00:00      0.87    0.20    0.36
  14692                CONDUIT     0.186     0  01:57      1.17    1.84    1.00
  14693                CONDUIT     0.129     0  00:01      0.95    0.35    0.50
  14694                CONDUIT     0.223     0  01:57      1.40    1.80    1.00
  14695                CONDUIT     0.131     0  00:07      0.83    1.66    1.00
  14696                CONDUIT     0.268     0  01:55      1.69    1.20    1.00
  14697                CONDUIT     0.329     0  01:45      2.07    1.36    1.00
  14698                CONDUIT     0.393     0  01:45      2.47    1.58    1.00
  14699                CONDUIT     0.457     0  01:45      3.55    2.50    1.00
  14700                CONDUIT     0.194     0  00:08      0.91    1.14    0.71
  14701                CONDUIT     0.530     0  01:02      1.37    1.19    1.00
  14703                CONDUIT     0.193     0  00:00      2.65    2.05    1.00
  14704                CONDUIT     0.129     0  00:00      1.76    1.37    1.00
  14705                CONDUIT     0.649     0  00:02      3.18    2.31    0.78
  14708                CONDUIT     0.261     0  01:07      1.46    1.56    0.63
  14709                CONDUIT     0.131     0  00:01      0.82    2.20    1.00
  14710                CONDUIT     0.197     0  00:01      1.24    3.17    1.00
  14711                CONDUIT     0.456     0  00:03      1.91    2.67    1.00
  14712                CONDUIT     0.141     0  00:00      1.25    0.73    1.00
  14713                CONDUIT     0.075     0  00:00      0.90    0.39    1.00
  14714                CONDUIT     0.074     0  00:00      1.15    0.78    1.00
  14715                CONDUIT     0.065     0  00:02      1.11    1.02    1.00
  14716                CONDUIT     0.522     0  00:02      2.08    0.74    1.00
  14717                CONDUIT     0.586     0  00:03      2.07    1.18    1.00
  14718                CONDUIT     0.650     0  00:03      2.30    1.17    1.00
  14722                CONDUIT     0.068     0  00:00      1.21    0.19    0.51
  14724                CONDUIT     0.841     0  00:03      3.09    0.72    0.76
  14725                CONDUIT     0.715     0  00:03      4.03    1.51    0.89
  14726                CONDUIT     0.133     0  00:01      1.00    0.18    0.28
  14729                CONDUIT     0.072     0  00:00      0.91    0.13    0.24
  14735                CONDUIT     0.193     0  00:03      1.10    0.52    0.60
  14736                CONDUIT     0.257     0  00:04      1.32    0.70    0.66
  14737                CONDUIT     0.323     0  00:02      1.67    0.88    0.65
  14744                CONDUIT     0.165     0  01:20      2.80    3.00    1.00
  14745                CONDUIT     0.143     0  00:00      2.44    2.60    1.00
  14746                CONDUIT     0.133     0  00:01      1.18    0.21    0.32
  14747                CONDUIT     0.064     0  00:28      0.73    0.46    0.54
  14748                CONDUIT     0.079     0  00:00      1.33    1.43    1.00
  14749                CONDUIT     0.068     0  00:01      0.95    0.25    0.27
  14750                CONDUIT     0.069     0  00:00      1.19    1.26    1.00
  14754                CONDUIT     0.068     0  00:00      0.89    0.33    1.00
  14755                CONDUIT     0.101     0  01:58      1.48    0.64    1.00
  14756                CONDUIT     0.076     0  00:00      1.41    0.66    1.00
  14757                CONDUIT     0.166     0  01:56      2.28    1.38    1.00
  14758                CONDUIT     0.227     0  00:54      3.11    1.89    1.00
  14760                CONDUIT     0.128     0  00:29      1.34    0.93    0.58
  14765                CONDUIT     0.130     0  00:00      1.82    4.61    0.95
  14766                CONDUIT     0.070     0  00:00      1.09    2.53    1.00
  14768                CONDUIT     0.514     0  00:05      1.89    2.10    0.87
  14772                CONDUIT     0.450     0  01:55      1.81    0.53    0.80
  14773                CONDUIT     0.321     0  00:04      1.79    0.83    0.64
  14775                CONDUIT     0.197     0  00:02      1.12    0.29    0.34
  14776                CONDUIT     0.266     0  00:02      1.58    0.31    0.32
  14777                CONDUIT     0.332     0  00:02      2.09    0.23    0.28
  14800                CONDUIT     0.971     0  00:50      3.67    0.60    0.59
  14802                CONDUIT     0.323     0  01:55      2.20    0.79    0.52
  14806                CONDUIT     0.065     0  00:02      1.03    1.63    0.83
  14807                CONDUIT     0.072     0  00:01      2.50    0.38    0.72
  14808                CONDUIT     0.907     0  00:41      3.01    2.18    0.86
  14809                CONDUIT     0.779     0  00:10      2.16    1.39    1.00
  14810                CONDUIT     0.718     0  01:55      1.99    1.13    1.00
  14811                CONDUIT     0.259     0  01:55      1.46    0.63    0.60
  14812                CONDUIT     0.329     0  00:01      1.64    0.48    0.95
  14813                CONDUIT     0.381     0  00:01      1.76    0.48    0.95
  14814                CONDUIT     0.186     0  00:01      2.63    1.79    1.00
  14815                CONDUIT     0.293     0  00:00      1.70    1.32    0.92
  14817                CONDUIT     0.257     0  00:03      1.71    0.97    0.75
  14819                CONDUIT     0.193     0  00:02      1.46    0.72    0.75
  14820                CONDUIT     0.129     0  00:02      1.83    1.12    0.94
  14821                CONDUIT     0.398     0  00:02      1.88    0.16    0.28
  14822                CONDUIT     1.953     0  00:38      1.58    0.22    0.28
  14823                CONDUIT     0.386     0  00:07      0.59    0.03    0.22
  14824                CONDUIT     1.389     0  00:35      1.38    0.22    0.22
  14825                CONDUIT     1.801     0  01:16      1.37    0.42    0.30
  14826                CONDUIT     1.027     0  01:14      0.92    0.60    0.25
  14851                CONDUIT     0.090     0  00:01      1.42    1.06    1.00
  14852                CONDUIT     0.195     0  00:33      1.43    1.02    0.80
  14854                CONDUIT     0.218     0  00:20      2.99    2.37    1.00
  14856                CONDUIT     0.156     0  01:55      2.13    1.69    1.00
  14858                CONDUIT     0.193     0  00:48      1.81    0.81    0.76
  14859                CONDUIT     0.103     0  01:55      1.41    1.12    1.00
  14860                CONDUIT     0.071     0  00:00      1.16    0.77    1.00
  14861                CONDUIT     0.129     0  00:00      1.90    3.39    1.00
  14862                CONDUIT     0.074     0  00:00      1.65    0.65    0.77
  14863                CONDUIT     0.065     0  00:00      0.93    0.98    1.00
  14864                CONDUIT     0.128     0  00:53      1.50    0.37    0.56
  14865                CONDUIT     0.064     0  00:21      1.08    1.14    0.79
  14866                CONDUIT     0.963     0  01:15      1.04    0.07    0.21
  14867                CONDUIT     1.737     0  01:13      1.24    0.25    0.31
  14868                CONDUIT     1.673     0  00:33      1.21    0.24    0.31
  14869                CONDUIT     0.899     0  01:13      1.24    0.12    0.16
  14870                CONDUIT     1.609     0  00:33      1.45    0.10    0.25
  14871                CONDUIT     0.835     0  00:36      1.04    0.16    0.18
  14872                CONDUIT     0.069     0  00:00      0.74    0.03    0.15
  14873                CONDUIT     0.136     0  00:21      1.08    0.07    0.26
  14879                CONDUIT     0.147     0  00:07      0.60    0.12    0.66
  14908                CONDUIT     0.836     0  00:36      1.32    0.61    0.69
  14909                CONDUIT     0.213     0  00:07      1.61    0.07    0.45
  14910                CONDUIT     2.381     0  00:32      3.97    1.38    0.55
  14911                CONDUIT     1.291     0  01:08      1.54    4.82    0.85
  14915                CONDUIT     0.079     0  01:13      1.44    0.30    0.78
  14916                CONDUIT     1.020     0  01:11      1.52    0.29    0.83
  14917                CONDUIT     1.241     0  01:14      1.33    4.22    0.95
  14918                CONDUIT     0.797     0  01:12      1.24    0.56    0.99
  14919                CONDUIT     0.228     0  00:08      0.52    0.22    0.69
  14921                CONDUIT     0.278     0  01:56      0.59    0.54    0.75
  14923                CONDUIT     0.336     0  00:01      4.15    0.18    0.55
  14925                CONDUIT     0.067     0  00:01      0.89    0.49    0.38
  14926                CONDUIT     0.271     0  00:01      2.23    0.58    0.38
  14949                CONDUIT     0.833     0  00:03      1.47    0.89    0.68
  14951                CONDUIT     1.159     0  00:30      1.20    4.68    0.98
  14952                CONDUIT     0.821     0  00:08      1.18    0.52    1.00
  14953                CONDUIT     1.119     0  01:15      1.13    1.48    1.00
  14954                CONDUIT     0.371     0  00:06      0.48    0.30    0.99
  14955                CONDUIT     0.136     0  00:01      1.20    0.40    0.50
  14956                CONDUIT     0.292     0  00:11      0.75    0.23    0.97
  14957                CONDUIT     0.297     0  00:05      0.69    0.32    0.91
  14959                CONDUIT     0.073     0  00:00      1.12    0.18    0.33
  14979                CONDUIT     0.072     0  00:00      1.19    0.82    1.00
  14980                CONDUIT     0.129     0  00:00      1.83    1.34    1.00
  14990                CONDUIT     0.194     0  00:00      2.74    2.68    1.00
  14991                CONDUIT     0.258     0  00:00      3.66    3.01    1.00
  14992                CONDUIT     0.322     0  00:00      4.89    1.06    1.00
  14995                CONDUIT     0.386     0  00:07      2.46    1.44    0.96
  14996                CONDUIT     0.322     0  00:07      2.02    1.20    1.00
  14997                CONDUIT     0.454     0  00:01      4.34    0.53    0.63
  14998                CONDUIT     0.258     0  00:07      1.62    0.96    1.00
  14999                CONDUIT     0.400     0  00:01      3.11    1.61    0.76
  15000                CONDUIT     0.211     0  00:00      1.47    0.79    1.00
  15001                CONDUIT     0.335     0  00:01      2.11    1.21    1.00
  15003                CONDUIT     0.269     0  00:01      1.69    3.91    1.00
  15004                CONDUIT     0.143     0  01:55      1.27    0.53    0.99
  15005                CONDUIT     0.077     0  00:00      1.08    0.29    0.74
  15012                CONDUIT     0.202     0  00:01      1.27    3.27    1.00
  15014                CONDUIT     0.137     0  00:01      0.95    0.65    1.00
  15015                CONDUIT     0.080     0  00:00      1.23    0.22    1.00
  15025                CONDUIT     0.110     0  00:00      1.51    4.20    1.00
  15026                CONDUIT     0.060     0  00:00      0.87    0.97    1.00
  15040                CONDUIT     0.110     0  00:03      0.45    0.37    0.55
  15042                CONDUIT     0.072     0  00:00      0.88    0.43    0.54
  15044                CONDUIT     0.136     0  00:01      1.32    0.75    0.63
  15047                CONDUIT     0.169     0  00:01      2.31    6.92    1.00
  15048                CONDUIT     0.087     0  00:03      1.20    1.98    1.00
  15049                CONDUIT     0.238     0  00:03      0.97    0.81    0.55
  15050                CONDUIT     0.195     0  00:01      1.92    0.59    0.71
  15051                CONDUIT     0.345     0  00:03      2.02    0.64    0.58
  15053                CONDUIT     0.303     0  00:03      1.40    1.00    0.49
  15067                CONDUIT     0.199     0  00:01      1.45    0.95    0.68
  15081                CONDUIT     0.065     0  00:01      1.53    0.21    0.31
  15106                CONDUIT     0.129     0  00:01      1.81    2.33    0.94
  15107                CONDUIT     0.069     0  00:00      1.06    1.25    1.00
  15114                CONDUIT     0.071     0  00:00      1.41    0.63    1.00
  15117                CONDUIT     0.090     0  01:56      1.23    0.94    1.00
  15118                CONDUIT     0.201     0  00:01      1.59    0.64    0.57
  15121                CONDUIT     0.129     0  00:02      1.77    1.14    1.00
  15122                CONDUIT     0.193     0  00:02      2.65    1.73    1.00
  15124                CONDUIT     0.072     0  00:00      1.17    0.76    1.00
  15127                CONDUIT     0.410     0  00:01      2.59    1.11    0.71
  15128                CONDUIT     0.334     0  00:01      1.80    0.93    0.84
  15130                CONDUIT     0.247     0  01:29      3.38    2.98    1.00
  15132                CONDUIT     0.183     0  01:42      2.50    2.22    1.00
  15133                CONDUIT     0.066     0  00:00      1.19    0.91    0.80
  15134                CONDUIT     0.121     0  01:55      1.66    1.46    1.00
  15135                CONDUIT     0.265     0  00:01      1.75    1.14    0.82
  15136                CONDUIT     0.071     0  00:00      1.07    0.86    1.00
  15137                CONDUIT     0.136     0  00:00      1.89    7.92    1.00
  15153                CONDUIT     0.060     0  00:00      0.83    1.04    1.00
  15154                CONDUIT     0.076     0  00:00      1.04    1.30    1.00
  15155                CONDUIT     0.140     0  00:00      1.92    2.40    1.00
  15156                CONDUIT     0.174     0  00:00      2.39    2.98    0.98
  15157                CONDUIT     0.064     0  01:29      0.91    1.71    1.00
  15162                CONDUIT     0.128     0  00:00      1.99    3.43    0.86
  15169                CONDUIT     0.144     0  00:00      1.97    1.51    1.00
  15170                CONDUIT     0.131     0  00:00      1.81    2.02    1.00
  15173                CONDUIT     0.197     0  01:26      2.70    2.07    1.00
  15174                CONDUIT     0.080     0  00:00      1.52    0.52    0.84
  15175                CONDUIT     0.266     0  00:02      1.56    0.87    0.63
  15181                CONDUIT     0.321     0  00:05      1.75    0.93    0.68
  15182                CONDUIT     0.257     0  00:03      1.32    0.74    0.72
  15183                CONDUIT     0.193     0  00:03      1.11    0.56    0.67
  15185                CONDUIT     0.817     0  00:02      3.28    2.10    0.83
  15186                CONDUIT     0.143     0  00:00      1.10    0.41    0.53
  15187                CONDUIT     0.070     0  00:00      1.11    0.20    0.24
  15194                CONDUIT     0.083     0  00:00      1.36    4.28    1.00
  15195                CONDUIT     0.133     0  00:00      1.85    3.11    0.95
  15196                CONDUIT     0.068     0  00:00      0.93    1.57    1.00
  15220                CONDUIT     0.064     0  00:01      1.03    1.77    0.83
  15228                CONDUIT     0.753     0  00:10      2.70    1.44    1.00
  15229                CONDUIT     0.692     0  00:01      2.60    1.59    1.00
  15230                CONDUIT     0.628     0  00:01      2.22    1.42    1.00
  15234                CONDUIT     0.583     0  00:01      2.06    1.16    1.00
  15236                CONDUIT     0.521     0  00:01      1.86    1.04    1.00
  15237                CONDUIT     0.501     0  00:01      1.90    1.14    1.00
  15239                CONDUIT     0.450     0  00:01      2.83    2.94    1.00
  15240                CONDUIT     0.195     0  00:02      1.22    0.73    1.00
  15242                CONDUIT     0.147     0  01:56      1.08    0.54    1.00
  15243                CONDUIT     0.100     0  01:56      1.44    0.25    1.00
  15244                CONDUIT     0.193     0  00:00      2.73    3.74    1.00
  15245                CONDUIT     0.064     0  01:42      0.91    1.25    1.00
  15246                CONDUIT     0.070     0  00:00      1.08    1.69    1.00
  15280                CONDUIT     0.206     0  00:01      2.04    0.85    0.62
  15281                CONDUIT     0.139     0  00:01      1.34    0.54    0.62
  15283                CONDUIT     0.257     0  00:02      1.94    1.77    0.78
  15285                CONDUIT     0.193     0  00:02      1.21    1.21    1.00
  15286                CONDUIT     0.141     0  00:00      1.33    0.47    0.76
  15287                CONDUIT     0.074     0  00:00      1.07    0.37    0.46
  15288                CONDUIT     0.066     0  00:00      0.95    1.08    1.00
  15289                CONDUIT     0.129     0  00:00      1.80    2.11    0.94
  15290                CONDUIT     0.202     0  00:00      1.34    0.80    0.82
  15291                CONDUIT     0.257     0  00:03      1.43    1.02    0.84
  15295                CONDUIT     0.321     0  00:03      1.42    1.01    0.84
  15296                CONDUIT     0.068     0  00:00      1.24    0.92    0.71
  2171049803_COLLECT   CONDUIT     0.328     0  00:02      1.75    0.01    0.04
  2172038505_COLLECT   CONDUIT     0.835     0  01:51      1.73    0.02    0.06
  2172038509_COLLECT   CONDUIT     1.632     0  01:03      1.88    0.04    0.09
  2172039202_COLLECT   CONDUIT     0.584     0  00:02      1.74    0.01    0.05
  2172039304_COLLECT   CONDUIT     0.747     0  00:31      1.78    0.02    0.06
  2172043605_COLLECT   CONDUIT     0.953     0  01:01      1.74    0.02    0.07
  2172043606_COLLECT   CONDUIT     0.363     0  00:01      1.76    0.01    0.04
  2172043905_COLLECT   CONDUIT     1.547     0  00:03      1.77    0.04    0.09
  2172044706_COLLECT   CONDUIT     1.262     0  00:50      1.75    0.03    0.08
  2172045701_COLLECT   CONDUIT     0.516     0  00:34      1.75    0.01    0.05
  2172052105_COLLECT   CONDUIT     0.900     0  00:07      1.77    0.02    0.07
  2172056405_COLLECT   CONDUIT     0.660     0  00:01      1.76    0.02    0.06
  2172057101_COLLECT   CONDUIT     0.360     0  00:00      1.76    0.01    0.04
  2172057309_COLLECT   CONDUIT     1.146     0  00:02      1.76    0.03    0.08
  2172059301_COLLECT   CONDUIT     0.514     0  00:02      1.76    0.01    0.05
  2173031302_COLLECT   CONDUIT     1.479     0  00:02      1.79    0.04    0.09
  2173031402_COLLECT   CONDUIT     0.548     0  00:11      1.77    0.01    0.05
  2173033601_COLLECT   CONDUIT     0.693     0  00:02      1.75    0.02    0.06
  2173035301_COLLECT   CONDUIT     0.589     0  00:02      1.76    0.01    0.05
  2173047701_COLLECT   CONDUIT     1.138     0  00:41      1.74    0.03    0.08
  2173048204_COLLECT   CONDUIT     3.387     0  00:47      2.16    0.09    0.13
  2173059104_COLLECT   CONDUIT     1.022     0  00:03      1.73    0.03    0.07
  2174041502_COLLECT   CONDUIT     0.793     0  00:02      1.76    0.02    0.06
  2174041801_COLLECT   CONDUIT     0.865     0  00:06      1.74    0.02    0.07
  2174042901_COLLECT   CONDUIT     2.104     0  00:07      1.96    0.05    0.11
  2174052402_COLLECT   CONDUIT     1.220     0  01:18      1.75    0.03    0.08
  2174053507_COLLECT   CONDUIT     1.252     0  00:06      1.77    0.03    0.08
  
  
  ***************************
  Flow Classification Summary
  ***************************
  
  -------------------------------------------------------------------------------------
                      Adjusted    ---------- Fraction of Time in Flow Class ---------- 
                       /Actual         Up    Down  Sub   Sup   Up    Down  Norm  Inlet 
  Conduit               Length    Dry  Dry   Dry   Crit  Crit  Crit  Crit  Ltd   Ctrl  
  -------------------------------------------------------------------------------------
  17233                   1.00   0.00  0.00  0.00  0.30  0.70  0.00  0.00  0.02  0.00
  17239                   1.00   0.00  0.00  0.00  1.00  0.00  0.00  0.00  0.33  0.00
  17240                   1.00   0.00  0.00  0.00  1.00  0.00  0.00  0.00  0.33  0.00
  17241                   1.00   0.00  0.00  0.00  1.00  0.00  0.00  0.00  0.33  0.00
  17242                   1.00   0.00  0.00  0.00  1.00  0.00  0.00  0.00  0.33  0.00
  17248                   1.00   0.00  0.00  0.00  1.00  0.00  0.00  0.00  0.34  0.00
  17250                   1.00   0.00  0.00  0.00  1.00  0.00  0.00  0.00  0.34  0.00
  17252                   1.00   0.00  0.00  0.00  1.00  0.00  0.00  0.00  0.14  0.00
  17253                   1.00   0.00  0.18  0.00  0.82  0.00  0.00  0.00  0.31  0.00
  17254                   1.00   0.00  0.00  0.00  1.00  0.00  0.00  0.00  0.32  0.00
  17255                   1.00   0.00  0.00  0.00  1.00  0.00  0.00  0.00  0.31  0.00
  17256                   1.00   0.00  0.00  0.00  1.00  0.00  0.00  0.00  0.33  0.00
  17257                   1.00   0.18  0.14  0.00  0.67  0.00  0.01  0.00  0.00  0.00
  17259                   1.00   0.00  0.00  0.00  1.00  0.00  0.00  0.00  0.29  0.00
  17260                   1.00   0.00  0.00  0.00  1.00  0.00  0.00  0.00  0.34  0.00
  17263                   1.00   0.00  0.00  0.00  1.00  0.00  0.00  0.00  0.32  0.00
  17264                   1.00   0.00  0.00  0.00  1.00  0.00  0.00  0.00  0.33  0.00
  17265                   1.00   0.00  0.00  0.00  1.00  0.00  0.00  0.00  0.33  0.00
  17266                   1.00   0.00  0.00  0.00  1.00  0.00  0.00  0.00  0.32  0.00
  17267                   1.00   0.00  0.00  0.00  1.00  0.00  0.00  0.00  0.33  0.00
  17269                   1.00   0.00  0.00  0.00  0.90  0.00  0.00  0.10  0.00  0.00
  17270                   1.00   0.00  0.00  0.00  1.00  0.00  0.00  0.00  0.33  0.00
  17271                   1.00   0.00  0.00  0.00  1.00  0.00  0.00  0.00  0.33  0.00
  17272                   1.00   0.00  0.00  0.00  0.96  0.04  0.00  0.00  0.34  0.00
  17273                   1.00   0.00  0.00  0.00  1.00  0.00  0.00  0.00  0.03  0.00
  17274                   1.00   0.00  0.00  0.00  0.98  0.02  0.00  0.00  0.34  0.00
  17275                   1.00   0.00  0.19  0.00  0.81  0.00  0.00  0.00  0.35  0.00
  17276                   1.00   0.00  0.00  0.00  1.00  0.00  0.00  0.00  0.34  0.00
  17277                   1.00   0.00  0.00  0.00  1.00  0.00  0.00  0.00  0.00  0.00
  17278                   1.00   0.00  0.26  0.00  0.74  0.00  0.00  0.00  0.52  0.00
  17279                   1.00   0.00  0.00  0.00  0.65  0.00  0.00  0.35  0.00  0.00
  17280                   1.00   0.00  0.00  0.00  0.00  0.63  0.00  0.37  0.00  0.00
  17290                   1.00   0.00  0.00  0.00  0.00  0.00  0.00  1.00  0.00  0.00
  17291                   1.00   0.00  0.00  0.00  0.20  0.80  0.00  0.00  0.27  0.00
  17292                   1.00   0.00  0.00  0.00  1.00  0.00  0.00  0.00  0.33  0.00
  17293                   1.00   0.00  0.00  0.00  1.00  0.00  0.00  0.00  0.33  0.00
  17294                   1.00   0.00  0.00  0.00  0.18  0.82  0.00  0.00  0.96  0.00
  17295                   1.00   0.00  0.00  0.00  0.36  0.64  0.00  0.00  0.29  0.00
  17297                   1.00   0.00  0.03  0.00  0.96  0.01  0.00  0.00  0.28  0.00
  17298                   1.00   0.00  0.00  0.00  1.00  0.00  0.00  0.00  0.33  0.00
  17299                   1.00   0.00  0.34  0.00  0.00  0.00  0.66  0.00  0.00  0.00
  17300                   1.00   0.00  0.00  0.00  1.00  0.00  0.00  0.00  0.34  0.00
  17304                   1.00   0.00  0.00  0.00  1.00  0.00  0.00  0.00  0.35  0.00
  17307                   1.00   0.00  0.00  0.00  1.00  0.00  0.00  0.00  0.33  0.00
  17308                   1.00   0.00  0.00  0.00  1.00  0.00  0.00  0.00  0.32  0.00
  17309                   1.00   0.00  0.00  0.00  0.68  0.00  0.00  0.32  0.01  0.00
  17310                   1.00   0.00  0.02  0.00  0.98  0.00  0.00  0.00  0.33  0.00
  17311                   1.00   0.00  0.00  0.00  1.00  0.00  0.00  0.00  0.26  0.00
  17312                   1.00   0.00  0.03  0.00  0.97  0.00  0.00  0.00  0.33  0.00
  17313                   1.00   0.00  0.00  0.00  1.00  0.00  0.00  0.00  0.33  0.00
  17314                   1.00   0.00  0.00  0.00  1.00  0.00  0.00  0.00  0.33  0.00
  17315                   1.00   0.00  0.12  0.00  0.88  0.00  0.00  0.00  0.33  0.00
  17316                   1.00   0.00  0.23  0.00  0.77  0.00  0.00  0.00  1.00  0.00
  17317                   1.00   0.00  0.00  0.00  0.00  0.00  0.00  1.00  0.00  0.00
  17318                   1.00   0.00  0.00  0.00  0.00  0.00  0.00  1.00  0.00  0.00
  17319                   1.00   0.00  0.00  0.00  1.00  0.00  0.00  0.00  0.33  0.00
  17320                   1.00   0.00  0.00  0.00  1.00  0.00  0.00  0.00  0.33  0.00
  17321                   1.00   0.00  0.25  0.00  0.09  0.66  0.00  0.00  1.00  0.00
  17322                   1.00   0.00  0.00  0.00  1.00  0.00  0.00  0.00  0.33  0.00
  17323                   1.00   0.00  0.18  0.00  0.17  0.66  0.00  0.00  0.35  0.00
  17324                   1.00   0.00  0.00  0.00  0.34  0.66  0.00  0.00  0.36  0.00
  17325                   1.00   0.00  0.00  0.00  0.33  0.67  0.00  0.00  0.35  0.00
  17334                   1.00   0.00  0.00  0.00  0.20  0.80  0.00  0.00  0.98  0.00
  17335                   1.00   0.00  0.00  0.00  0.26  0.74  0.00  0.00  0.68  0.00
  17338                   1.00   0.00  0.00  0.00  0.32  0.68  0.00  0.00  0.35  0.00
  17339                   1.00   0.00  0.00  0.00  0.00  0.00  0.00  1.00  0.00  0.00
  17340                   1.00   0.00  0.00  0.00  0.00  0.00  0.00  1.00  0.00  0.00
  17341                   1.00   0.00  0.00  0.00  1.00  0.00  0.00  0.00  0.00  0.00
  17352                   1.00   0.12  0.04  0.00  0.84  0.00  0.00  0.00  0.33  0.00
  17372                   1.00   0.00  0.22  0.00  0.10  0.68  0.00  0.00  0.98  0.00
  17373                   1.00   0.00  0.00  0.00  0.99  0.01  0.00  0.00  0.35  0.00
  17375                   1.00   0.00  0.00  0.00  0.00  0.00  0.00  1.00  0.00  0.00
  17378                   1.00   0.00  0.28  0.00  0.04  0.68  0.00  0.00  1.00  0.00
  17379                   1.00   0.00  0.05  0.00  0.95  0.00  0.00  0.00  0.35  0.00
  17380                   1.00   0.00  0.00  0.00  1.00  0.00  0.00  0.00  0.35  0.00
  17381                   1.00   0.00  0.00  0.00  1.00  0.00  0.00  0.00  0.35  0.00
  17384                   1.00   0.00  0.00  0.00  1.00  0.00  0.00  0.00  0.36  0.00
  17386                   1.00   0.00  0.00  0.00  1.00  0.00  0.00  0.00  0.12  0.00
  17388                   1.00   0.00  0.18  0.00  0.82  0.00  0.00  0.00  0.99  0.00
  17390                   1.00   0.00  0.00  0.00  0.00  0.00  0.00  1.00  0.00  0.00
  17391                   1.00   0.00  0.12  0.00  0.88  0.00  0.00  0.00  1.00  0.00
  17392                   1.00   0.00  0.00  0.00  0.22  0.78  0.00  0.00  0.13  0.00
  17393                   1.00   0.00  0.00  0.00  1.00  0.00  0.00  0.00  0.36  0.00
  17409                   1.00   0.00  0.00  0.00  0.34  0.66  0.00  0.00  0.06  0.00
  17410                   1.00   0.00  0.00  0.00  1.00  0.00  0.00  0.00  0.36  0.00
  17411                   1.00   0.00  0.00  0.00  1.00  0.00  0.00  0.00  0.35  0.00
  17412                   1.00   0.00  0.00  0.00  1.00  0.00  0.00  0.00  0.35  0.00
  17413                   1.00   0.00  0.00  0.00  1.00  0.00  0.00  0.00  0.35  0.00
  17415                   1.00   0.00  0.00  0.00  1.00  0.00  0.00  0.00  0.35  0.00
  17416                   1.00   0.00  0.00  0.00  0.24  0.76  0.00  0.00  0.01  0.00
  17419                   1.00   0.00  0.00  0.00  0.33  0.67  0.00  0.00  0.25  0.00
  17420                   1.00   0.00  0.00  0.00  0.33  0.67  0.00  0.00  0.35  0.00
  17421                   1.00   0.00  0.00  0.00  1.00  0.00  0.00  0.00  0.35  0.00
  17429                   1.00   0.00  0.00  0.00  0.33  0.67  0.00  0.00  1.00  0.00
  17430                   1.00   0.00  0.00  0.00  0.00  0.00  0.00  1.00  0.00  0.00
  17431                   1.00   0.00  0.13  0.00  0.87  0.00  0.00  0.00  1.00  0.00
  17432                   1.00   0.00  0.00  0.00  0.32  0.68  0.00  0.00  1.00  0.00
  17433                   1.00   0.00  0.00  0.00  0.30  0.70  0.00  0.00  1.00  0.00
  17439                   1.00   0.00  0.00  0.00  0.29  0.71  0.00  0.00  0.99  0.00
  17440                   1.00   0.00  0.20  0.00  0.14  0.67  0.00  0.00  0.99  0.00
  17441                   1.00   0.00  0.00  0.00  0.98  0.02  0.00  0.00  0.00  0.00
  17442                   1.00   0.00  0.00  0.00  0.00  0.00  0.00  1.00  0.00  0.00
  17444                   1.00   0.00  0.00  0.00  0.94  0.06  0.00  0.00  0.00  0.00
  17445                   1.00   0.00  0.00  0.00  1.00  0.00  0.00  0.00  0.32  0.00
  17446                   1.00   0.00  0.00  0.00  1.00  0.00  0.00  0.00  0.34  0.00
  17447                   1.00   0.00  0.00  0.00  1.00  0.00  0.00  0.00  0.33  0.00
  17448                   1.00   0.00  0.00  0.00  1.00  0.00  0.00  0.00  0.33  0.00
  17449                   1.00   0.00  0.00  0.00  1.00  0.00  0.00  0.00  0.33  0.00
  17461                   1.00   0.00  0.00  0.00  1.00  0.00  0.00  0.00  1.00  0.00
  17463                   1.00   0.00  0.00  0.00  1.00  0.00  0.00  0.00  0.36  0.00
  17464                   1.00   0.00  0.00  0.00  0.00  0.00  0.00  1.00  0.00  0.00
  17477                   1.00   0.00  0.00  0.00  0.99  0.01  0.00  0.00  0.35  0.00
  17480                   1.00   0.00  0.09  0.00  0.24  0.67  0.00  0.00  0.36  0.00
  17481                   1.00   0.00  0.14  0.00  0.84  0.02  0.00  0.00  0.34  0.00
  17482                   1.00   0.00  0.00  0.00  0.00  0.00  0.00  1.00  0.00  0.00
  17483                   1.00   0.00  0.00  0.00  1.00  0.00  0.00  0.00  1.00  0.00
  17484                   1.00   0.00  0.00  0.00  1.00  0.00  0.00  0.00  0.37  0.00
  17500                   1.00   0.00  0.00  0.00  1.00  0.00  0.00  0.00  0.36  0.00
  17504                   1.00   0.00  0.00  0.00  0.59  0.04  0.00  0.37  0.01  0.00
  17505                   1.00   0.00  0.02  0.00  0.97  0.01  0.00  0.00  0.32  0.00
  17506                   1.00   0.00  0.00  0.00  1.00  0.00  0.00  0.00  0.27  0.00
  17507                   1.00   0.00  0.00  0.00  1.00  0.00  0.00  0.00  0.27  0.00
  17508                   1.00   0.00  0.00  0.00  1.00  0.00  0.00  0.00  0.29  0.00
  17523                   1.00   0.00  0.00  0.00  1.00  0.00  0.00  0.00  0.00  0.00
  17524                   1.00   0.00  0.00  0.00  1.00  0.00  0.00  0.00  0.21  0.00
  17525                   1.00   0.00  0.00  0.00  1.00  0.00  0.00  0.00  0.34  0.00
  17526                   1.00   0.00  0.00  0.00  1.00  0.00  0.00  0.00  0.00  0.00
  17527                   1.00   0.00  0.00  0.00  1.00  0.00  0.00  0.00  0.29  0.00
  17528                   1.00   0.00  0.00  0.00  1.00  0.00  0.00  0.00  0.30  0.00
  17529                   1.00   0.00  0.00  0.00  1.00  0.00  0.00  0.00  0.00  0.00
  17532                   1.00   0.00  0.00  0.00  0.67  0.00  0.00  0.33  0.00  0.00
  17533                   1.00   0.00  0.00  0.00  1.00  0.00  0.00  0.00  0.00  0.00
  17534                   1.00   0.00  0.00  0.00  1.00  0.00  0.00  0.00  0.00  0.00
  17536                   1.00   0.00  0.00  0.00  1.00  0.00  0.00  0.00  0.00  0.00
  17544                   1.00   0.00  0.02  0.00  0.98  0.00  0.00  0.00  0.30  0.00
  17547                   1.00   0.00  0.00  0.00  0.99  0.01  0.00  0.00  0.00  0.00
  17554                   1.00   0.00  0.00  0.00  1.00  0.00  0.00  0.00  0.00  0.00
  17555                   1.00   0.00  0.00  0.00  1.00  0.00  0.00  0.00  0.29  0.00
  17557                   1.00   0.00  0.00  0.00  1.00  0.00  0.00  0.00  0.28  0.00
  17561                   1.00   0.00  0.00  0.00  1.00  0.00  0.00  0.00  0.00  0.00
  17563                   1.00   0.00  0.00  0.00  1.00  0.00  0.00  0.00  0.00  0.00
  17564                   1.00   0.00  0.00  0.00  1.00  0.00  0.00  0.00  0.00  0.00
  17565                   1.00   0.00  0.00  0.00  1.00  0.00  0.00  0.00  0.00  0.00
  17566                   1.00   0.00  0.00  0.00  1.00  0.00  0.00  0.00  0.00  0.00
  17573                   1.00   0.00  0.00  0.00  1.00  0.00  0.00  0.00  0.00  0.00
  17575                   1.00   0.00  0.00  0.00  1.00  0.00  0.00  0.00  0.99  0.00
  17580                   1.00   0.00  0.00  0.00  1.00  0.00  0.00  0.00  0.22  0.00
  17582                   1.00   0.00  0.00  0.00  1.00  0.00  0.00  0.00  0.18  0.00
  17583                   1.00   0.00  0.00  0.00  1.00  0.00  0.00  0.00  0.33  0.00
  17584                   1.00   0.00  0.00  0.00  1.00  0.00  0.00  0.00  0.22  0.00
  17585                   1.00   0.00  0.00  0.00  1.00  0.00  0.00  0.00  0.33  0.00
  17586                   1.00   0.00  0.00  0.00  1.00  0.00  0.00  0.00  0.34  0.00
  17587                   1.00   0.00  0.00  0.00  1.00  0.00  0.00  0.00  0.35  0.00
  17588                   1.00   0.00  0.00  0.00  1.00  0.00  0.00  0.00  0.00  0.00
  17589                   1.00   0.00  0.01  0.00  0.99  0.00  0.00  0.00  0.35  0.00
  17590                   1.00   0.00  0.00  0.00  1.00  0.00  0.00  0.00  0.33  0.00
  17591                   1.00   0.00  0.04  0.00  0.96  0.00  0.00  0.00  0.35  0.00
  17592                   1.00   0.00  0.00  0.00  1.00  0.00  0.00  0.00  0.34  0.00
  17596                   1.00   0.00  0.00  0.00  0.99  0.01  0.00  0.00  0.00  0.00
  17598                   1.00   0.00  0.00  0.00  0.98  0.02  0.00  0.00  0.00  0.00
  17599                   1.00   0.00  0.00  0.00  0.00  0.00  0.00  1.00  0.00  0.00
  17600                   1.00   0.00  0.00  0.00  1.00  0.00  0.00  0.00  0.00  0.00
  17601                   1.00   0.00  0.00  0.00  1.00  0.00  0.00  0.00  0.01  0.00
  17604                   1.00   0.00  0.00  0.00  1.00  0.00  0.00  0.00  0.32  0.00
  17605                   1.00   0.00  0.00  0.00  1.00  0.00  0.00  0.00  0.32  0.00
  17606                   1.00   0.00  0.00  0.00  0.00  0.00  0.00  1.00  0.00  0.00
  17609                   1.00   0.00  0.00  0.00  1.00  0.00  0.00  0.00  0.26  0.00
  17611                   1.00   0.00  0.00  0.00  1.00  0.00  0.00  0.00  0.00  0.00
  17612                   1.00   0.00  0.00  0.00  1.00  0.00  0.00  0.00  0.33  0.00
  17613                   1.00   0.00  0.00  0.00  1.00  0.00  0.00  0.00  0.33  0.00
  17615                   1.00   0.00  0.00  0.00  0.00  0.00  0.00  1.00  0.00  0.00
  17616                   1.00   0.00  0.00  0.00  1.00  0.00  0.00  0.00  0.27  0.00
  17618                   1.00   0.00  0.00  0.00  0.00  0.00  0.00  1.00  0.00  0.00
  17619                   1.00   0.00  0.00  0.00  1.00  0.00  0.00  0.00  0.33  0.00
  17620                   1.00   0.00  0.00  0.00  0.67  0.00  0.00  0.33  0.00  0.00
  17621                   1.00   0.00  0.00  0.00  1.00  0.00  0.00  0.00  0.34  0.00
  17622                   1.00   0.00  0.01  0.00  0.99  0.00  0.00  0.00  0.35  0.00
  17623                   1.00   0.00  0.00  0.00  1.00  0.00  0.00  0.00  0.33  0.00
  17624                   1.00   0.00  0.00  0.00  1.00  0.00  0.00  0.00  0.34  0.00
  17625                   1.00   0.00  0.00  0.00  1.00  0.00  0.00  0.00  0.34  0.00
  17626                   1.00   0.00  0.00  0.00  0.00  0.62  0.00  0.38  0.00  0.00
  17627                   1.00   0.00  0.00  0.00  0.98  0.02  0.00  0.00  0.22  0.00
  17628                   1.00   0.00  0.00  0.00  1.00  0.00  0.00  0.00  0.33  0.00
  17630                   1.00   0.00  0.00  0.00  1.00  0.00  0.00  0.00  0.32  0.00
  17632                   1.00   0.00  0.00  0.00  1.00  0.00  0.00  0.00  0.34  0.00
  17633                   1.00   0.00  0.00  0.00  1.00  0.00  0.00  0.00  0.00  0.00
  17634                   1.00   0.00  0.00  0.00  1.00  0.00  0.00  0.00  0.33  0.00
  17635                   1.00   0.00  0.00  0.00  1.00  0.00  0.00  0.00  0.08  0.00
  17636                   1.00   0.00  0.00  0.00  0.99  0.01  0.00  0.00  0.18  0.00
  17637                   1.00   0.00  0.00  0.00  1.00  0.00  0.00  0.00  0.18  0.00
  17644                   1.00   0.00  0.00  0.00  1.00  0.00  0.00  0.00  0.28  0.00
  17645                   1.00   0.00  0.00  0.00  1.00  0.00  0.00  0.00  0.28  0.00
  17646                   1.00   0.00  0.00  0.00  1.00  0.00  0.00  0.00  0.25  0.00
  17647                   1.00   0.00  0.00  0.00  1.00  0.00  0.00  0.00  0.27  0.00
  17648                   1.00   0.00  0.00  0.00  1.00  0.00  0.00  0.00  0.27  0.00
  17652                   1.00   0.00  0.00  0.00  0.64  0.00  0.00  0.36  0.00  0.00
  17653                   1.00   0.00  0.00  0.00  1.00  0.00  0.00  0.00  0.28  0.00
  17655                   1.00   0.00  0.00  0.00  1.00  0.00  0.00  0.00  0.31  0.00
  17656                   1.00   0.00  0.00  0.00  1.00  0.00  0.00  0.00  0.00  0.00
  17658                   1.00   0.00  0.00  0.00  1.00  0.00  0.00  0.00  0.33  0.00
  17661                   1.00   0.00  0.00  0.00  0.00  0.00  0.00  1.00  0.00  0.00
  17662                   1.00   0.00  0.00  0.00  1.00  0.00  0.00  0.00  0.33  0.00
  17663                   1.00   0.00  0.00  0.00  1.00  0.00  0.00  0.00  0.33  0.00
  17664                   1.00   0.00  0.00  0.00  1.00  0.00  0.00  0.00  0.33  0.00
  17665                   1.00   0.00  0.00  0.00  1.00  0.00  0.00  0.00  0.32  0.00
  17666                   1.00   0.00  0.00  0.00  1.00  0.00  0.00  0.00  0.33  0.00
  17667                   1.00   0.00  0.00  0.00  1.00  0.00  0.00  0.00  0.33  0.00
  17669                   1.00   0.00  0.23  0.00  0.77  0.00  0.00  0.00  1.00  0.00
  17670                   1.00   0.00  0.00  0.00  1.00  0.00  0.00  0.00  0.33  0.00
  17671                   1.00   0.00  0.00  0.00  1.00  0.00  0.00  0.00  0.01  0.00
  17672                   1.00   0.00  0.00  0.00  1.00  0.00  0.00  0.00  0.03  0.00
  17673                   1.00   0.00  0.00  0.00  1.00  0.00  0.00  0.00  0.06  0.00
  17675                   1.00   0.00  0.00  0.00  0.65  0.00  0.00  0.35  0.00  0.00
  17676                   1.00   0.00  0.00  0.00  1.00  0.00  0.00  0.00  0.32  0.00
  17679                   1.00   0.00  0.00  0.00  0.99  0.01  0.00  0.00  0.00  0.00
  17680                   1.00   0.00  0.10  0.00  0.90  0.00  0.00  0.00  0.34  0.00
  17682                   1.00   0.00  0.00  0.00  0.93  0.00  0.00  0.07  0.28  0.00
  17689                   1.00   0.00  0.00  0.00  0.76  0.24  0.00  0.00  0.08  0.00
  17691                   1.00   0.00  0.00  0.00  0.93  0.07  0.00  0.00  0.34  0.00
  17694                   1.00   0.00  0.00  0.00  1.00  0.00  0.00  0.00  0.00  0.00
  17695                   1.00   0.00  0.00  0.00  1.00  0.00  0.00  0.00  0.32  0.00
  17696                   1.00   0.00  0.00  0.00  1.00  0.00  0.00  0.00  0.21  0.00
  17697                   1.00   0.00  0.00  0.00  1.00  0.00  0.00  0.00  0.33  0.00
  17698                   1.00   0.00  0.00  0.00  1.00  0.00  0.00  0.00  0.33  0.00
  17699                   1.00   0.00  0.00  0.00  1.00  0.00  0.00  0.00  0.33  0.00
  17700                   1.00   0.00  0.00  0.00  1.00  0.00  0.00  0.00  0.33  0.00
  17701                   1.00   0.00  0.00  0.00  1.00  0.00  0.00  0.00  0.24  0.00
  17703                   1.00   0.00  0.00  0.00  1.00  0.00  0.00  0.00  0.24  0.00
  17705                   1.00   0.00  0.00  0.00  1.00  0.00  0.00  0.00  0.32  0.00
  17706                   1.00   0.00  0.00  0.00  0.63  0.00  0.00  0.37  0.00  0.00
  17707                   1.00   0.00  0.00  0.00  1.00  0.00  0.00  0.00  0.26  0.00
  17709                   1.00   0.00  0.00  0.00  0.62  0.00  0.00  0.38  0.00  0.00
  17710                   1.00   0.00  0.00  0.00  1.00  0.00  0.00  0.00  0.32  0.00
  17711                   1.00   0.00  0.00  0.00  1.00  0.00  0.00  0.00  0.34  0.00
  17712                   1.00   0.00  0.00  0.00  1.00  0.00  0.00  0.00  0.32  0.00
  17713                   1.00   0.00  0.00  0.00  1.00  0.00  0.00  0.00  0.33  0.00
  17720                   1.00   0.00  0.00  0.00  1.00  0.00  0.00  0.00  0.00  0.00
  17722                   1.00   0.00  0.00  0.00  1.00  0.00  0.00  0.00  0.36  0.00
  17726                   1.00   0.00  0.00  0.00  1.00  0.00  0.00  0.00  0.24  0.00
  17727                   1.00   0.00  0.00  0.00  1.00  0.00  0.00  0.00  0.10  0.00
  17731                   1.00   0.00  0.14  0.00  0.86  0.00  0.00  0.00  0.34  0.00
  17732                   1.00   0.00  0.00  0.00  0.20  0.80  0.00  0.00  0.06  0.00
  17733                   1.00   0.00  0.00  0.00  0.98  0.02  0.00  0.00  0.36  0.00
  17734                   1.00   0.00  0.00  0.00  0.97  0.03  0.00  0.00  0.36  0.00
  17735                   1.00   0.00  0.00  0.00  0.96  0.04  0.00  0.00  0.97  0.00
  17736                   1.00   0.00  0.00  0.00  1.00  0.00  0.00  0.00  0.12  0.00
  17737                   1.00   0.00  0.00  0.00  1.00  0.00  0.00  0.00  0.33  0.00
  17738                   1.00   0.00  0.00  0.00  0.81  0.19  0.00  0.00  0.05  0.00
  17739                   1.00   0.00  0.00  0.00  1.00  0.00  0.00  0.00  0.33  0.00
  17740                   1.00   0.00  0.00  0.00  0.97  0.03  0.00  0.00  0.35  0.00
  17745                   1.00   0.00  0.00  0.00  1.00  0.00  0.00  0.00  0.33  0.00
  17746                   1.00   0.00  0.01  0.00  0.99  0.00  0.00  0.00  0.33  0.00
  17750                   1.00   0.00  0.00  0.00  1.00  0.00  0.00  0.00  0.27  0.00
  17753                   1.00   0.00  0.00  0.00  1.00  0.00  0.00  0.00  0.33  0.00
  17754                   1.00   0.00  0.00  0.00  1.00  0.00  0.00  0.00  0.32  0.00
  17755                   1.00   0.00  0.00  0.00  1.00  0.00  0.00  0.00  0.30  0.00
  17756                   1.00   0.00  0.00  0.00  1.00  0.00  0.00  0.00  0.32  0.00
  17757                   1.00   0.00  0.00  0.00  1.00  0.00  0.00  0.00  0.30  0.00
  17758                   1.00   0.00  0.00  0.00  1.00  0.00  0.00  0.00  0.27  0.00
  17759                   1.00   0.00  0.00  0.00  1.00  0.00  0.00  0.00  0.18  0.00
  17760                   1.00   0.00  0.00  0.00  1.00  0.00  0.00  0.00  0.32  0.00
  17761                   1.00   0.00  0.00  0.00  1.00  0.00  0.00  0.00  0.21  0.00
  17762                   1.00   0.00  0.00  0.00  1.00  0.00  0.00  0.00  0.29  0.00
  17764                   1.00   0.00  0.00  0.00  0.94  0.06  0.00  0.00  0.32  0.00
  17765                   1.00   0.00  0.00  0.00  0.15  0.85  0.00  0.00  0.00  0.00
  17766                   1.00   0.00  0.00  0.00  1.00  0.00  0.00  0.00  0.33  0.00
  17767                   1.00   0.00  0.00  0.00  1.00  0.00  0.00  0.00  1.00  0.00
  17768                   1.00   0.00  0.00  0.00  1.00  0.00  0.00  0.00  0.99  0.00
  17769                   1.00   0.00  0.00  0.00  1.00  0.00  0.00  0.00  0.36  0.00
  17770                   1.00   0.00  0.00  0.00  1.00  0.00  0.00  0.00  0.34  0.00
  17771                   1.00   0.00  0.00  0.00  1.00  0.00  0.00  0.00  0.34  0.00
  17773                   1.00   0.00  0.08  0.00  0.92  0.00  0.00  0.00  0.35  0.00
  17774                   1.00   0.00  0.00  0.00  0.01  0.00  0.00  0.99  0.00  0.00
  17775                   1.00   0.00  0.00  0.00  0.62  0.00  0.00  0.38  0.00  0.00
  17777                   1.00   0.00  0.00  0.00  1.00  0.00  0.00  0.00  0.33  0.00
  17778                   1.00   0.00  0.00  0.00  1.00  0.00  0.00  0.00  0.33  0.00
  17779                   1.00   0.00  0.00  0.00  1.00  0.00  0.00  0.00  1.00  0.00
  17780                   1.00   0.00  0.00  0.00  1.00  0.00  0.00  0.00  0.33  0.00
  17781                   1.00   0.00  0.27  0.00  0.73  0.00  0.00  0.00  1.00  0.00
  17782                   1.00   0.00  0.00  0.00  0.64  0.02  0.00  0.34  0.02  0.00
  17783                   1.00   0.00  0.00  0.00  0.77  0.00  0.00  0.23  0.12  0.00
  17784                   1.00   0.00  0.00  0.00  0.65  0.00  0.00  0.35  0.00  0.00
  17785                   1.00   0.00  0.00  0.00  1.00  0.00  0.00  0.00  0.33  0.00
  17786                   1.00   0.00  0.00  0.00  0.97  0.03  0.00  0.00  0.35  0.00
  17787                   1.00   0.00  0.00  0.00  0.98  0.02  0.00  0.00  0.35  0.00
  17788                   1.00   0.00  0.00  0.00  0.98  0.02  0.00  0.00  0.35  0.00
  17790                   1.00   0.00  0.00  0.00  0.98  0.02  0.00  0.00  0.35  0.00
  17791                   1.00   0.00  0.00  0.00  0.35  0.65  0.00  0.00  0.03  0.00
  17797                   1.00   0.00  0.00  0.00  0.85  0.15  0.00  0.00  0.04  0.00
  17799                   1.00   0.00  0.07  0.00  0.92  0.01  0.00  0.00  0.35  0.00
  17802                   1.00   0.00  0.00  0.00  1.00  0.00  0.00  0.00  0.35  0.00
  17805                   1.00   0.00  0.00  0.00  1.00  0.00  0.00  0.00  0.33  0.00
  17807                   1.00   0.00  0.12  0.00  0.88  0.00  0.00  0.00  0.16  0.00
  17808                   1.00   0.00  0.00  0.00  1.00  0.00  0.00  0.00  0.30  0.00
  17809                   1.00   0.00  0.00  0.00  1.00  0.00  0.00  0.00  0.26  0.00
  17810                   1.00   0.00  0.00  0.00  0.68  0.00  0.00  0.32  0.00  0.00
  17811                   1.00   0.00  0.00  0.00  0.73  0.00  0.00  0.27  0.06  0.00
  17812                   1.00   0.00  0.00  0.00  1.00  0.00  0.00  0.00  0.18  0.00
  17813                   1.00   0.00  0.00  0.00  1.00  0.00  0.00  0.00  0.32  0.00
  17814                   1.00   0.00  0.00  0.00  1.00  0.00  0.00  0.00  0.23  0.00
  17815                   1.00   0.00  0.00  0.00  1.00  0.00  0.00  0.00  0.31  0.00
  17816                   1.00   0.00  0.00  0.00  1.00  0.00  0.00  0.00  0.24  0.00
  17817                   1.00   0.00  0.00  0.00  1.00  0.00  0.00  0.00  0.34  0.00
  17818                   1.00   0.00  0.00  0.00  1.00  0.00  0.00  0.00  0.34  0.00
  17819                   1.00   0.00  0.00  0.00  1.00  0.00  0.00  0.00  0.30  0.00
  17820                   1.00   0.00  0.00  0.00  1.00  0.00  0.00  0.00  0.33  0.00
  17821                   1.00   0.00  0.00  0.00  1.00  0.00  0.00  0.00  0.00  0.00
  17822                   1.00   0.00  0.00  0.00  1.00  0.00  0.00  0.00  0.22  0.00
  17824                   1.00   0.00  0.00  0.00  0.00  0.00  0.00  1.00  0.00  0.00
  17825                   1.00   0.00  0.00  0.00  1.00  0.00  0.00  0.00  0.35  0.00
  17826                   1.00   0.00  0.00  0.00  1.00  0.00  0.00  0.00  0.35  0.00
  17830                   1.00   0.00  0.00  0.00  0.69  0.31  0.00  0.00  0.02  0.00
  17831                   1.00   0.00  0.00  0.00  1.00  0.00  0.00  0.00  0.32  0.00
  17832                   1.00   0.00  0.00  0.00  1.00  0.00  0.00  0.00  0.32  0.00
  17833                   1.00   0.00  0.00  0.00  0.68  0.00  0.00  0.32  0.01  0.00
  17834                   1.00   0.00  0.00  0.00  0.98  0.02  0.00  0.00  0.33  0.00
  17835                   1.00   0.00  0.00  0.00  1.00  0.00  0.00  0.00  0.34  0.00
  17836                   1.00   0.00  0.00  0.00  0.69  0.00  0.00  0.31  0.03  0.00
  17837                   1.00   0.00  0.00  0.00  0.00  0.00  0.00  1.00  0.00  0.00
  17838                   1.00   0.00  0.00  0.00  0.91  0.09  0.00  0.00  0.34  0.00
  17839                   1.00   0.00  0.00  0.00  0.92  0.08  0.00  0.00  0.34  0.00
  17840                   1.00   0.00  0.00  0.00  0.92  0.08  0.00  0.00  0.34  0.00
  17841                   1.00   0.00  0.00  0.00  1.00  0.00  0.00  0.00  0.35  0.00
  17842                   1.00   0.00  0.00  0.00  1.00  0.00  0.00  0.00  0.35  0.00
  17843                   1.00   0.00  0.00  0.00  1.00  0.00  0.00  0.00  0.36  0.00
  17844                   1.00   0.00  0.00  0.00  1.00  0.00  0.00  0.00  0.35  0.00
  17845                   1.00   0.00  0.00  0.00  1.00  0.00  0.00  0.00  1.00  0.00
  17846                   1.00   0.00  0.00  0.00  1.00  0.00  0.00  0.00  0.33  0.00
  17850                   1.00   0.00  0.00  0.00  1.00  0.00  0.00  0.00  0.33  0.00
  17851                   1.00   0.00  0.00  0.00  1.00  0.00  0.00  0.00  0.33  0.00
  17852                   1.00   0.00  0.00  0.00  1.00  0.00  0.00  0.00  0.34  0.00
  17853                   1.00   0.00  0.00  0.00  1.00  0.00  0.00  0.00  0.31  0.00
  17854                   1.00   0.00  0.00  0.00  1.00  0.00  0.00  0.00  0.32  0.00
  17855                   1.00   0.00  0.00  0.00  1.00  0.00  0.00  0.00  0.23  0.00
  17856                   1.00   0.00  0.00  0.00  1.00  0.00  0.00  0.00  0.31  0.00
  17857                   1.00   0.00  0.00  0.00  1.00  0.00  0.00  0.00  0.24  0.00
  17858                   1.00   0.00  0.00  0.00  1.00  0.00  0.00  0.00  0.32  0.00
  17859                   1.00   0.00  0.14  0.00  0.86  0.00  0.00  0.00  0.18  0.00
  17860                   1.00   0.00  0.00  0.00  0.00  0.00  0.00  1.00  0.00  0.00
  17861                   1.00   0.00  0.00  0.00  0.91  0.09  0.00  0.00  0.35  0.00
  17862                   1.00   0.00  0.07  0.00  0.93  0.00  0.00  0.00  0.35  0.00
  17864                   1.00   0.00  0.00  0.00  1.00  0.00  0.00  0.00  0.36  0.00
  17865                   1.00   0.08  0.24  0.00  0.00  0.00  0.67  0.00  0.00  0.00
  17866                   1.00   0.00  0.00  0.00  0.00  0.00  0.00  1.00  0.00  0.00
  17867                   1.00   0.00  0.00  0.00  1.00  0.00  0.00  0.00  0.25  0.00
  17868                   1.00   0.00  0.11  0.00  0.89  0.00  0.00  0.00  0.33  0.00
  17869                   1.00   0.00  0.00  0.00  0.94  0.06  0.00  0.00  0.35  0.00
  17878                   1.00   0.00  0.00  0.00  1.00  0.00  0.00  0.00  1.00  0.00
  17879                   1.00   0.00  0.00  0.00  1.00  0.00  0.00  0.00  1.00  0.00
  17880                   1.00   0.00  0.00  0.00  1.00  0.00  0.00  0.00  0.36  0.00
  17881                   1.00   0.00  0.11  0.00  0.89  0.00  0.00  0.00  0.36  0.00
  17882                   1.00   0.00  0.00  0.00  1.00  0.00  0.00  0.00  0.00  0.00
  17889                   1.00   0.00  0.00  0.00  0.00  0.00  0.00  1.00  0.00  0.00
  17890                   1.00   0.00  0.00  0.00  1.00  0.00  0.00  0.00  0.35  0.00
  17891                   1.00   0.00  0.00  0.00  1.00  0.00  0.00  0.00  0.35  0.00
  17892                   1.00   0.00  0.00  0.00  1.00  0.00  0.00  0.00  0.35  0.00
  17914                   1.00   0.00  0.00  0.00  1.00  0.00  0.00  0.00  0.35  0.00
  17915                   1.00   0.00  0.00  0.00  0.90  0.10  0.00  0.00  0.00  0.00
  17937                   1.00   0.00  0.00  0.00  1.00  0.00  0.00  0.00  0.01  0.00
  17938                   1.00   0.00  0.00  0.00  1.00  0.00  0.00  0.00  0.00  0.00
  17939                   1.00   0.00  0.00  0.00  1.00  0.00  0.00  0.00  0.00  0.00
  17941                   1.00   0.00  0.00  0.00  1.00  0.00  0.00  0.00  0.32  0.00
  17942                   1.00   0.00  0.00  0.00  1.00  0.00  0.00  0.00  0.30  0.00
  17943                   1.00   0.00  0.00  0.00  1.00  0.00  0.00  0.00  0.32  0.00
  17945                   1.00   0.00  0.00  0.00  1.00  0.00  0.00  0.00  0.00  0.00
  17947                   1.00   0.00  0.00  0.00  1.00  0.00  0.00  0.00  0.32  0.00
  17948                   1.00   0.00  0.00  0.00  1.00  0.00  0.00  0.00  0.00  0.00
  17949                   1.00   0.00  0.00  0.00  1.00  0.00  0.00  0.00  0.00  0.00
  17973                   1.00   0.00  0.00  0.00  1.00  0.00  0.00  0.00  0.00  0.00
  17974                   1.00   0.00  0.00  0.00  1.00  0.00  0.00  0.00  0.01  0.00
  17975                   1.00   0.00  0.00  0.00  1.00  0.00  0.00  0.00  0.01  0.00
  17976                   1.00   0.00  0.00  0.00  1.00  0.00  0.00  0.00  0.01  0.00
  17977                   1.00   0.00  0.00  0.00  1.00  0.00  0.00  0.00  0.00  0.00
  17983                   1.00   0.00  0.00  0.00  0.00  0.00  0.00  1.00  0.00  0.00
  17985                   1.00   0.00  0.00  0.00  1.00  0.00  0.00  0.00  0.00  0.00
  17986                   1.00   0.00  0.00  0.00  1.00  0.00  0.00  0.00  0.99  0.00
  17987                   1.00   0.00  0.17  0.00  0.83  0.00  0.00  0.00  0.35  0.00
  17988                   1.00   0.00  0.00  0.00  1.00  0.00  0.00  0.00  0.00  0.00
  17989                   1.00   0.00  0.30  0.00  0.65  0.00  0.05  0.00  0.00  0.00
  17990                   1.00   0.00  0.00  0.00  0.00  0.00  0.00  1.00  0.00  0.00
  17991                   1.00   0.00  0.00  0.00  1.00  0.00  0.00  0.00  0.01  0.00
  17993                   1.00   0.00  0.00  0.00  1.00  0.00  0.00  0.00  0.00  0.00
  17994                   1.00   0.34  0.00  0.00  0.00  0.00  0.00  0.66  0.00  0.00
  17995                   1.00   0.00  0.00  0.00  1.00  0.00  0.00  0.00  0.34  0.00
  17998                   1.00   0.00  0.00  0.00  0.99  0.01  0.00  0.00  0.34  0.00
  17999                   1.00   0.00  0.15  0.00  0.82  0.02  0.00  0.00  0.34  0.00
  18000                   1.00   0.00  0.00  0.00  0.00  0.00  0.00  1.00  0.00  0.00
  18001                   1.00   0.00  0.00  0.00  0.99  0.01  0.00  0.00  0.99  0.00
  18002                   1.00   0.34  0.00  0.00  0.00  0.00  0.00  0.66  0.00  0.00
  18003                   1.00   0.00  0.01  0.00  0.99  0.00  0.00  0.00  0.35  0.00
  18004                   1.00   0.00  0.00  0.00  1.00  0.00  0.00  0.00  0.29  0.00
  18005                   1.00   0.00  0.00  0.00  0.65  0.00  0.00  0.35  0.00  0.00
  18006                   1.00   0.00  0.00  0.00  0.65  0.00  0.00  0.35  0.01  0.00
  18007                   1.00   0.00  0.00  0.00  1.00  0.00  0.00  0.00  0.32  0.00
  18008                   1.00   0.00  0.00  0.00  1.00  0.00  0.00  0.00  0.00  0.00
  18009                   1.00   0.00  0.00  0.00  1.00  0.00  0.00  0.00  0.00  0.00
  18010                   1.00   0.00  0.00  0.00  1.00  0.00  0.00  0.00  0.00  0.00
  18026                   1.00   0.00  0.00  0.00  1.00  0.00  0.00  0.00  0.00  0.00
  18029                   1.00   0.00  0.00  0.00  0.00  0.00  0.00  1.00  0.00  0.00
  18031                   1.00   0.00  0.00  0.00  1.00  0.00  0.00  0.00  0.00  0.00
  18032                   1.00   0.00  0.00  0.00  1.00  0.00  0.00  0.00  0.00  0.00
  18033                   1.00   0.00  0.00  0.00  1.00  0.00  0.00  0.00  0.00  0.00
  18034                   1.00   0.00  0.00  0.00  1.00  0.00  0.00  0.00  0.00  0.00
  18035                   1.00   0.00  0.00  0.00  1.00  0.00  0.00  0.00  0.00  0.00
  18036                   1.00   0.00  0.00  0.00  1.00  0.00  0.00  0.00  0.00  0.00
  18037                   1.00   0.00  0.00  0.00  1.00  0.00  0.00  0.00  0.00  0.00
  18038                   1.00   0.00  0.00  0.00  0.76  0.00  0.00  0.24  0.01  0.00
  18039                   1.00   0.00  0.00  0.00  1.00  0.00  0.00  0.00  0.02  0.00
  18042                   1.00   0.00  0.01  0.00  0.99  0.00  0.00  0.00  0.17  0.00
  18043                   1.00   0.01  0.04  0.00  0.96  0.00  0.00  0.00  0.17  0.00
  18044                   1.00   0.04  0.05  0.00  0.91  0.00  0.00  0.00  0.17  0.00
  18051                   1.00   0.00  0.02  0.00  0.98  0.00  0.00  0.00  0.15  0.00
  18056                   1.00   0.00  0.00  0.00  1.00  0.00  0.00  0.00  0.00  0.00
  18070                   1.00   0.00  0.00  0.00  0.00  0.00  0.00  1.00  0.00  0.00
  18072                   1.00   0.00  0.24  0.00  0.76  0.00  0.00  0.00  1.00  0.00
  18074                   1.00   0.00  0.00  0.00  1.00  0.00  0.00  0.00  0.00  0.00
  18076                   1.00   0.00  0.08  0.00  0.92  0.00  0.00  0.00  0.33  0.00
  18077                   1.00   0.00  0.00  0.00  0.96  0.04  0.00  0.00  0.00  0.00
  18078                   1.00   0.00  0.13  0.00  0.87  0.00  0.00  0.00  0.36  0.00
  18079                   1.00   0.13  0.06  0.00  0.81  0.00  0.00  0.00  0.36  0.00
  18082                   1.00   0.00  0.00  0.00  1.00  0.00  0.00  0.00  0.33  0.00
  18085                   1.00   0.00  0.00  0.00  1.00  0.00  0.00  0.00  0.00  0.00
  18087                   1.00   0.00  0.00  0.00  1.00  0.00  0.00  0.00  0.32  0.00
  18088                   1.00   0.00  0.00  0.00  1.00  0.00  0.00  0.00  0.00  0.00
  18089                   1.00   0.00  0.00  0.00  1.00  0.00  0.00  0.00  0.33  0.00
  18091                   1.00   0.00  0.00  0.00  0.68  0.00  0.00  0.32  0.01  0.00
  18093                   1.00   0.00  0.00  0.00  0.90  0.10  0.00  0.00  0.00  0.00
  18094                   1.00   0.00  0.00  0.00  1.00  0.00  0.00  0.00  0.30  0.00
  18096                   1.00   0.00  0.00  0.00  1.00  0.00  0.00  0.00  0.17  0.00
  18097                   1.00   0.00  0.00  0.00  1.00  0.00  0.00  0.00  0.33  0.00
  18098                   1.00   0.00  0.00  0.00  1.00  0.00  0.00  0.00  0.32  0.00
  18101                   1.00   0.00  0.00  0.00  0.92  0.08  0.00  0.00  0.02  0.00
  18102                   1.00   0.00  0.22  0.00  0.78  0.00  0.00  0.00  1.00  0.00
  18103                   1.00   0.00  0.20  0.00  0.80  0.00  0.00  0.00  0.99  0.00
  18104                   1.00   0.00  0.00  0.00  1.00  0.00  0.00  0.00  0.35  0.00
  18105                   1.00   0.00  0.00  0.00  1.00  0.00  0.00  0.00  0.25  0.00
  18106                   1.00   0.00  0.17  0.00  0.83  0.00  0.00  0.00  1.00  0.00
  18107                   1.00   0.00  0.00  0.00  1.00  0.00  0.00  0.00  0.23  0.00
  18110                   1.00   0.00  0.00  0.00  0.97  0.03  0.00  0.00  0.00  0.00
  18112                   1.00   0.00  0.00  0.00  0.15  0.85  0.00  0.00  0.00  0.00
  18113                   1.00   0.00  0.00  0.00  1.00  0.00  0.00  0.00  0.34  0.00
  18114                   1.00   0.00  0.07  0.00  0.93  0.00  0.00  0.00  0.34  0.00
  18116                   1.00   0.00  0.08  0.00  0.91  0.01  0.00  0.00  0.36  0.00
  18117                   1.00   0.00  0.00  0.00  1.00  0.00  0.00  0.00  0.32  0.00
  18119                   1.00   0.00  0.00  0.00  1.00  0.00  0.00  0.00  0.33  0.00
  18120                   1.00   0.00  0.00  0.00  0.66  0.00  0.00  0.34  0.00  0.00
  18121                   1.00   0.00  0.00  0.00  1.00  0.00  0.00  0.00  0.31  0.00
  18122                   1.00   0.00  0.00  0.00  1.00  0.00  0.00  0.00  0.28  0.00
  18123                   1.00   0.00  0.00  0.00  1.00  0.00  0.00  0.00  0.32  0.00
  18124                   1.00   0.00  0.00  0.00  1.00  0.00  0.00  0.00  0.32  0.00
  18125                   1.00   0.00  0.00  0.00  1.00  0.00  0.00  0.00  0.32  0.00
  18126                   1.00   0.00  0.00  0.00  1.00  0.00  0.00  0.00  0.31  0.00
  18127                   1.00   0.00  0.00  0.00  1.00  0.00  0.00  0.00  0.32  0.00
  18128                   1.00   0.00  0.00  0.00  1.00  0.00  0.00  0.00  0.32  0.00
  18129                   1.00   0.00  0.00  0.00  1.00  0.00  0.00  0.00  0.31  0.00
  18130                   1.00   0.00  0.00  0.00  1.00  0.00  0.00  0.00  0.32  0.00
  18131                   1.00   0.00  0.00  0.00  0.66  0.00  0.00  0.34  0.00  0.00
  18132                   1.00   0.00  0.00  0.00  1.00  0.00  0.00  0.00  0.32  0.00
  20561                   1.00   0.00  0.00  0.00  0.31  0.69  0.00  0.00  0.02  0.00
  20566                   1.00   0.13  0.04  0.00  0.82  0.01  0.00  0.00  0.99  0.00
  20573                   1.00   0.00  0.13  0.00  0.20  0.67  0.00  0.00  0.99  0.00
  20580                   1.00   0.00  0.00  0.00  0.18  0.82  0.00  0.00  0.06  0.00
  20592                   1.00   0.18  0.04  0.00  0.78  0.00  0.00  0.00  0.99  0.00
  20595                   1.00   0.00  0.18  0.00  0.82  0.00  0.00  0.00  0.36  0.00
  20603                   1.00   0.04  0.10  0.00  0.86  0.00  0.00  0.00  0.16  0.00
  20604                   1.00   0.00  0.04  0.00  0.96  0.00  0.00  0.00  0.15  0.00
  20605                   1.00   0.04  0.07  0.00  0.89  0.00  0.00  0.00  0.24  0.00
  20608                   1.00   0.14  0.06  0.00  0.80  0.00  0.00  0.00  0.23  0.00
  20609                   1.00   0.00  0.00  0.00  1.00  0.00  0.00  0.00  0.34  0.00
  20612                   1.00   0.11  0.04  0.00  0.86  0.00  0.00  0.00  0.20  0.00
  20614                   1.00   0.00  0.30  0.00  0.70  0.00  0.00  0.00  0.34  0.00
  20615                   1.00   0.00  0.00  0.00  1.00  0.00  0.00  0.00  0.22  0.00
  20617                   1.00   0.00  0.00  0.00  0.95  0.05  0.00  0.00  0.00  0.00
  20628                   1.00   0.00  0.00  0.00  1.00  0.00  0.00  0.00  0.03  0.00
  20629                   1.00   0.00  0.04  0.00  0.96  0.00  0.00  0.00  0.18  0.00
  20630                   1.00   0.00  0.00  0.00  1.00  0.00  0.00  0.00  0.00  0.00
  20631                   1.00   0.00  0.00  0.00  1.00  0.00  0.00  0.00  0.03  0.00
  20632                   1.00   0.00  0.05  0.00  0.95  0.00  0.00  0.00  0.11  0.00
  20633                   1.00   0.00  0.00  0.00  1.00  0.00  0.00  0.00  0.00  0.00
  20634                   1.00   0.00  0.00  0.00  1.00  0.00  0.00  0.00  0.00  0.00
  20635                   1.00   0.00  0.00  0.00  1.00  0.00  0.00  0.00  0.29  0.00
  20636                   1.00   0.00  0.00  0.00  1.00  0.00  0.00  0.00  0.30  0.00
  20638                   1.00   0.14  0.06  0.00  0.80  0.00  0.00  0.00  0.25  0.00
  20640                   1.00   0.05  0.09  0.00  0.86  0.00  0.00  0.00  0.19  0.00
  20642                   1.00   0.00  0.28  0.00  0.72  0.00  0.00  0.00  0.33  0.00
  20643                   1.00   0.00  0.00  0.00  1.00  0.00  0.00  0.00  0.00  0.00
  20644                   1.00   0.00  0.00  0.00  1.00  0.00  0.00  0.00  0.00  0.00
  20767                   1.00   0.00  0.00  0.00  0.97  0.03  0.00  0.00  0.03  0.00
  20776                   1.00   0.00  0.00  0.00  1.00  0.00  0.00  0.00  0.32  0.00
  20777                   1.00   0.00  0.00  0.00  0.96  0.04  0.00  0.00  0.33  0.00
  20778                   1.00   0.00  0.00  0.00  0.67  0.00  0.00  0.33  0.00  0.00
  20779                   1.00   0.00  0.00  0.00  0.99  0.01  0.00  0.00  0.33  0.00
  20780                   1.00   0.00  0.00  0.00  0.66  0.00  0.00  0.34  0.00  0.00
  20781                   1.00   0.00  0.00  0.00  0.97  0.03  0.00  0.00  0.33  0.00
  20782                   1.00   0.00  0.00  0.00  0.68  0.00  0.00  0.32  0.01  0.00
  20783                   1.00   0.00  0.14  0.00  0.86  0.00  0.00  0.00  0.33  0.00
  20784                   1.00   0.00  0.00  0.00  1.00  0.00  0.00  0.00  0.34  0.00
  20785                   1.00   0.00  0.00  0.00  1.00  0.00  0.00  0.00  0.35  0.00
  20786                   1.00   0.00  0.00  0.00  0.92  0.08  0.00  0.00  0.34  0.00
  20787                   1.00   0.00  0.00  0.00  0.68  0.00  0.00  0.32  0.03  0.00
  20788                   1.00   0.00  0.00  0.00  1.00  0.00  0.00  0.00  0.34  0.00
  20789                   1.00   0.00  0.00  0.00  0.92  0.08  0.00  0.00  0.01  0.00
  20790                   1.00   0.00  0.00  0.00  0.90  0.10  0.00  0.00  0.34  0.00
  20791                   1.00   0.00  0.17  0.00  0.83  0.00  0.00  0.00  0.99  0.00
  20792                   1.00   0.00  0.00  0.00  1.00  0.00  0.00  0.00  0.36  0.00
  20793                   1.00   0.00  0.00  0.00  0.79  0.21  0.00  0.00  0.35  0.00
  20795                   1.00   0.00  0.00  0.00  1.00  0.00  0.00  0.00  0.33  0.00
  20798                   1.00   0.00  0.00  0.00  1.00  0.00  0.00  0.00  0.33  0.00
  20799                   1.00   0.00  0.00  0.00  1.00  0.00  0.00  0.00  0.33  0.00
  20800                   1.00   0.00  0.00  0.00  1.00  0.00  0.00  0.00  0.32  0.00
  20801                   1.00   0.00  0.00  0.00  1.00  0.00  0.00  0.00  0.34  0.00
  20802                   1.00   0.00  0.00  0.00  1.00  0.00  0.00  0.00  0.36  0.00
  20803                   1.00   0.00  0.00  0.00  1.00  0.00  0.00  0.00  0.33  0.00
  20804                   1.00   0.00  0.00  0.00  1.00  0.00  0.00  0.00  0.32  0.00
  20805                   1.00   0.00  0.00  0.00  0.00  0.00  0.00  1.00  0.00  0.00
  20806                   1.00   0.00  0.00  0.00  1.00  0.00  0.00  0.00  0.32  0.00
  20810                   1.00   0.00  0.00  0.00  0.94  0.06  0.00  0.00  0.35  0.00
  20811                   1.00   0.00  0.00  0.00  0.88  0.12  0.00  0.00  0.35  0.00
  20813                   1.00   0.00  0.00  0.00  0.98  0.02  0.00  0.00  0.00  0.00
  20814                   1.00   0.00  0.00  0.00  0.21  0.79  0.00  0.00  0.06  0.00
  20815                   1.00   0.00  0.15  0.00  0.17  0.68  0.00  0.00  0.35  0.00
  20816                   1.00   0.00  0.12  0.00  0.88  0.00  0.00  0.00  0.99  0.00
  20817                   1.00   0.00  0.00  0.00  0.33  0.67  0.00  0.00  0.35  0.00
  20822                   1.00   0.00  0.00  0.00  0.99  0.01  0.00  0.00  0.33  0.00
  20823                   1.00   0.00  0.00  0.00  1.00  0.00  0.00  0.00  0.33  0.00
  20824                   1.00   0.00  0.00  0.00  0.67  0.00  0.00  0.33  0.01  0.00
  20825                   1.00   0.00  0.00  0.00  1.00  0.00  0.00  0.00  0.34  0.00
  20826                   1.00   0.00  0.00  0.00  1.00  0.00  0.00  0.00  0.35  0.00
  20827                   1.00   0.00  0.00  0.00  1.00  0.00  0.00  0.00  0.04  0.00
  20828                   1.00   0.00  0.00  0.00  1.00  0.00  0.00  0.00  0.33  0.00
  20829                   1.00   0.00  0.00  0.00  1.00  0.00  0.00  0.00  0.33  0.00
  20830                   1.00   0.00  0.00  0.00  0.67  0.00  0.00  0.33  0.01  0.00
  20831                   1.00   0.00  0.00  0.00  1.00  0.00  0.00  0.00  0.33  0.00
  20832                   1.00   0.00  0.00  0.00  0.66  0.00  0.00  0.34  0.00  0.00
  20833                   1.00   0.00  0.17  0.00  0.83  0.00  0.00  0.00  0.34  0.00
  20834                   1.00   0.00  0.00  0.00  1.00  0.00  0.00  0.00  0.33  0.00
  20835                   1.00   0.00  0.00  0.00  1.00  0.00  0.00  0.00  0.34  0.00
  20836                   1.00   0.00  0.00  0.00  1.00  0.00  0.00  0.00  0.37  0.00
  20837                   1.00   0.00  0.00  0.00  0.20  0.80  0.00  0.00  0.36  0.00
  20838                   1.00   0.00  0.08  0.00  0.92  0.00  0.00  0.00  0.37  0.00
  20839                   1.00   0.00  0.00  0.00  0.21  0.79  0.00  0.00  0.36  0.00
  20840                   1.00   0.00  0.00  0.00  0.75  0.25  0.00  0.00  0.35  0.00
  20841                   1.00   0.00  0.00  0.00  1.00  0.00  0.00  0.00  1.00  0.00
  20842                   1.00   0.00  0.00  0.00  0.19  0.81  0.00  0.00  0.35  0.00
  20843                   1.00   0.00  0.00  0.00  0.34  0.66  0.00  0.00  0.36  0.00
  20844                   1.00   0.00  0.00  0.00  0.34  0.66  0.00  0.00  0.35  0.00
  20845                   1.00   0.06  0.08  0.00  0.86  0.00  0.00  0.00  0.32  0.00
  20847                   1.00   0.00  0.00  0.00  0.28  0.72  0.00  0.00  0.00  0.00
  20848                   1.00   0.06  0.08  0.00  0.14  0.72  0.00  0.00  0.94  0.00
  20849                   1.00   0.00  0.10  0.00  0.90  0.00  0.00  0.00  0.36  0.00
  20850                   1.00   0.00  0.00  0.00  1.00  0.00  0.00  0.00  0.36  0.00
  20851                   1.00   0.00  0.00  0.00  1.00  0.00  0.00  0.00  1.00  0.00
  20855                   1.00   0.00  0.00  0.00  0.35  0.65  0.00  0.00  0.36  0.00
  20856                   1.00   0.00  0.00  0.00  0.00  0.00  0.00  1.00  0.00  0.00
  20860                   1.00   0.00  0.10  0.00  0.24  0.65  0.00  0.00  0.36  0.00
  20863                   1.00   0.00  0.16  0.00  0.84  0.00  0.00  0.00  0.99  0.00
  20864                   1.00   0.00  0.00  0.00  1.00  0.00  0.00  0.00  1.00  0.00
  20865                   1.00   0.00  0.00  0.00  0.34  0.66  0.00  0.00  0.36  0.00
  20870                   1.00   0.00  0.00  0.00  1.00  0.00  0.00  0.00  0.33  0.00
  20871                   1.00   0.00  0.00  0.00  1.00  0.00  0.00  0.00  0.34  0.00
  20872                   1.00   0.00  0.00  0.00  1.00  0.00  0.00  0.00  0.34  0.00
  20873                   1.00   0.00  0.00  0.00  0.23  0.77  0.00  0.00  0.35  0.00
  20874                   1.00   0.00  0.00  0.00  0.22  0.78  0.00  0.00  0.36  0.00
  20875                   1.00   0.00  0.00  0.00  0.23  0.77  0.00  0.00  0.36  0.00
  20876                   1.00   0.00  0.00  0.00  0.23  0.77  0.00  0.00  0.36  0.00
  20877                   1.00   0.00  0.00  0.00  0.98  0.02  0.00  0.00  0.35  0.00
  20878                   1.00   0.00  0.00  0.00  1.00  0.00  0.00  0.00  1.00  0.00
  20879                   1.00   0.00  0.00  0.00  1.00  0.00  0.00  0.00  0.33  0.00
  20880                   1.00   0.00  0.10  0.00  0.90  0.00  0.00  0.00  0.33  0.00
  20881                   1.00   0.00  0.00  0.00  1.00  0.00  0.00  0.00  0.33  0.00
  20882                   1.00   0.00  0.00  0.00  1.00  0.00  0.00  0.00  0.31  0.00
  20886                   1.00   0.00  0.00  0.00  1.00  0.00  0.00  0.00  0.30  0.00
  20888                   1.00   0.00  0.00  0.00  1.00  0.00  0.00  0.00  0.26  0.00
  20892                   1.00   0.00  0.00  0.00  1.00  0.00  0.00  0.00  0.25  0.00
  20897                   1.00   0.00  0.00  0.00  0.14  0.86  0.00  0.00  0.15  0.00
  20898                   1.00   0.00  0.00  0.00  0.00  0.00  0.00  1.00  0.00  0.00
  20899                   1.00   0.00  0.00  0.00  0.96  0.04  0.00  0.00  0.34  0.00
  20900                   1.00   0.00  0.00  0.00  0.67  0.00  0.00  0.33  0.03  0.00
  20901                   1.00   0.00  0.00  0.00  0.95  0.05  0.00  0.00  0.34  0.00
  20902                   1.00   0.00  0.00  0.00  1.00  0.00  0.00  0.00  0.03  0.00
  20912                   1.00   0.00  0.00  0.00  0.30  0.70  0.00  0.00  0.01  0.00
  20914                   1.00   0.00  0.00  0.00  0.00  0.00  0.00  1.00  0.00  0.00
  20915                   1.00   0.00  0.00  0.00  1.00  0.00  0.00  0.00  0.34  0.00
  20916                   1.00   0.00  0.00  0.00  1.00  0.00  0.00  0.00  0.34  0.00
  20917                   1.00   0.00  0.00  0.00  1.00  0.00  0.00  0.00  0.34  0.00
  20918                   1.00   0.00  0.00  0.00  1.00  0.00  0.00  0.00  0.34  0.00
  20919                   1.00   0.00  0.00  0.00  1.00  0.00  0.00  0.00  0.34  0.00
  20920                   1.00   0.00  0.00  0.00  1.00  0.00  0.00  0.00  0.34  0.00
  20921                   1.00   0.00  0.00  0.00  1.00  0.00  0.00  0.00  0.34  0.00
  20922                   1.00   0.00  0.00  0.00  1.00  0.00  0.00  0.00  0.24  0.00
  20923                   1.00   0.00  0.00  0.00  1.00  0.00  0.00  0.00  0.23  0.00
  20924                   1.00   0.00  0.00  0.00  1.00  0.00  0.00  0.00  0.21  0.00
  20925                   1.00   0.00  0.00  0.00  1.00  0.00  0.00  0.00  0.17  0.00
  20926                   1.00   0.00  0.00  0.00  1.00  0.00  0.00  0.00  0.29  0.00
  20927                   1.00   0.00  0.00  0.00  0.62  0.00  0.00  0.38  0.00  0.00
  20928                   1.00   0.00  0.00  0.00  1.00  0.00  0.00  0.00  0.33  0.00
  20929                   1.00   0.00  0.00  0.00  1.00  0.00  0.00  0.00  0.00  0.00
  20930                   1.00   0.00  0.14  0.00  0.86  0.00  0.00  0.00  0.28  0.00
  21139                   1.00   0.00  0.00  0.00  1.00  0.00  0.00  0.00  0.21  0.00
  21140                   1.00   0.00  0.00  0.00  1.00  0.00  0.00  0.00  0.22  0.00
  21141                   1.00   0.07  0.10  0.00  0.82  0.00  0.00  0.00  0.35  0.00
  21142                   1.00   0.00  0.00  0.00  0.33  0.67  0.00  0.00  0.36  0.00
  21143                   1.00   0.00  0.00  0.00  1.00  0.00  0.00  0.00  0.20  0.00
  21144                   1.00   0.00  0.00  0.00  1.00  0.00  0.00  0.00  0.21  0.00
  21145                   1.00   0.00  0.07  0.00  0.93  0.00  0.00  0.00  0.23  0.00
  21146                   1.00   0.00  0.00  0.00  1.00  0.00  0.00  0.00  1.00  0.00
  21147                   1.00   0.00  0.00  0.00  0.69  0.00  0.00  0.31  0.04  0.00
  21148                   1.00   0.00  0.15  0.00  0.85  0.00  0.00  0.00  0.34  0.00
  21150                   1.00   0.00  0.00  0.00  1.00  0.00  0.00  0.00  0.35  0.00
  21151                   1.00   0.00  0.00  0.00  1.00  0.00  0.00  0.00  0.35  0.00
  21152                   1.00   0.00  0.00  0.00  0.92  0.08  0.00  0.00  0.00  0.00
  21153                   1.00   0.00  0.12  0.00  0.88  0.00  0.00  0.00  0.35  0.00
  21157                   1.00   0.00  0.00  0.00  1.00  0.00  0.00  0.00  0.00  0.00
  21158                   1.00   0.00  0.00  0.00  0.21  0.79  0.00  0.00  0.07  0.00
  21159                   1.00   0.00  0.00  0.00  1.00  0.00  0.00  0.00  0.32  0.00
  21163                   1.00   0.00  0.00  0.00  0.96  0.04  0.00  0.00  0.00  0.00
  21165                   1.00   0.00  0.00  0.00  1.00  0.00  0.00  0.00  0.31  0.00
  21166                   1.00   0.00  0.00  0.00  1.00  0.00  0.00  0.00  0.13  0.00
  21167                   1.00   0.00  0.00  0.00  1.00  0.00  0.00  0.00  0.17  0.00
  21168                   1.00   0.00  0.23  0.00  0.77  0.00  0.00  0.00  0.33  0.00
  21169                   1.00   0.00  0.00  0.00  1.00  0.00  0.00  0.00  0.32  0.00
  21170                   1.00   0.00  0.00  0.00  1.00  0.00  0.00  0.00  0.18  0.00
  21171                   1.00   0.00  0.00  0.00  1.00  0.00  0.00  0.00  0.34  0.00
  21172                   1.00   0.00  0.00  0.00  1.00  0.00  0.00  0.00  0.01  0.00
  21173                   1.00   0.00  0.00  0.00  0.68  0.00  0.00  0.32  0.01  0.00
  21174                   1.00   0.00  0.12  0.00  0.88  0.00  0.00  0.00  0.32  0.00
  21175                   1.00   0.12  0.12  0.00  0.76  0.00  0.00  0.00  0.33  0.00
  21176                   1.00   0.00  0.00  0.00  0.99  0.01  0.00  0.00  0.35  0.00
  21177                   1.00   0.00  0.00  0.00  1.00  0.00  0.00  0.00  0.32  0.00
  21178                   1.00   0.00  0.00  0.00  0.71  0.00  0.00  0.29  0.02  0.00
  21179                   1.00   0.00  0.00  0.00  1.00  0.00  0.00  0.00  0.00  0.00
  21180                   1.00   0.05  0.00  0.00  0.76  0.00  0.00  0.18  0.03  0.00
  21181                   1.00   0.00  0.00  0.00  0.98  0.00  0.00  0.02  0.29  0.00
  21182                   1.00   0.00  0.00  0.00  1.00  0.00  0.00  0.00  0.00  0.00
  21183                   1.00   0.00  0.12  0.00  0.88  0.00  0.00  0.00  0.32  0.00
  21184                   1.00   0.00  0.00  0.00  0.72  0.00  0.00  0.28  0.03  0.00
  21186                   1.00   0.00  0.00  0.00  1.00  0.00  0.00  0.00  0.00  0.00
  21196                   1.00   0.00  0.00  0.00  0.34  0.66  0.00  0.00  0.36  0.00
  21197                   1.00   0.00  0.00  0.00  0.34  0.66  0.00  0.00  0.36  0.00
  21198                   1.00   0.00  0.00  0.00  0.34  0.66  0.00  0.00  0.36  0.00
  21199                   1.00   0.00  0.22  0.00  0.13  0.66  0.00  0.00  0.36  0.00
  21200                   1.00   0.22  0.02  0.00  0.76  0.00  0.00  0.00  0.36  0.00
  21201                   1.00   0.00  0.00  0.00  1.00  0.00  0.00  0.00  0.36  0.00
  21202                   1.00   0.00  0.00  0.00  1.00  0.00  0.00  0.00  1.00  0.00
  21203                   1.00   0.12  0.08  0.00  0.78  0.02  0.00  0.00  0.99  0.00
  21204                   1.00   0.00  0.00  0.00  0.33  0.67  0.00  0.00  0.99  0.00
  21205                   1.00   0.00  0.00  0.00  0.33  0.67  0.00  0.00  1.00  0.00
  21206                   1.00   0.00  0.00  0.00  1.00  0.00  0.00  0.00  1.00  0.00
  21207                   1.00   0.00  0.16  0.00  0.14  0.71  0.00  0.00  0.36  0.00
  21208                   1.00   0.00  0.00  0.00  0.31  0.69  0.00  0.00  0.37  0.00
  21209                   1.00   0.00  0.00  0.00  0.32  0.68  0.00  0.00  0.99  0.00
  21211                   1.00   0.00  0.11  0.00  0.89  0.00  0.00  0.00  0.35  0.00
  21212                   1.00   0.00  0.00  0.00  1.00  0.00  0.00  0.00  1.00  0.00
  21218                   1.00   0.12  0.06  0.00  0.82  0.00  0.00  0.00  0.32  0.00
  21219                   1.00   0.00  0.00  0.00  0.72  0.00  0.00  0.28  0.03  0.00
  21220                   1.00   0.00  0.11  0.00  0.89  0.00  0.00  0.00  0.32  0.00
  21221                   1.00   0.00  0.00  0.00  1.00  0.00  0.00  0.00  0.32  0.00
  21225                   1.00   0.00  0.20  0.00  0.80  0.00  0.00  0.00  0.32  0.00
  21253                   1.00   0.00  0.00  0.00  1.00  0.00  0.00  0.00  0.34  0.00
  21254                   1.00   0.00  0.00  0.00  1.00  0.00  0.00  0.00  0.34  0.00
  21255                   1.00   0.00  0.12  0.00  0.88  0.00  0.00  0.00  0.34  0.00
  21256                   1.00   0.00  0.00  0.00  0.65  0.00  0.00  0.35  0.00  0.00
  21257                   1.00   0.00  0.00  0.00  0.00  0.62  0.00  0.38  0.62  0.00
  21258                   1.00   0.24  0.03  0.00  0.73  0.00  0.00  0.00  1.00  0.00
  21259                   1.00   0.00  0.00  0.00  1.00  0.00  0.00  0.00  0.35  0.00
  21260                   1.00   0.00  0.00  0.00  1.00  0.00  0.00  0.00  0.36  0.00
  21261                   1.00   0.00  0.00  0.00  0.33  0.67  0.00  0.00  0.99  0.00
  21262                   1.00   0.00  0.00  0.00  0.00  0.65  0.00  0.35  0.65  0.00
  21263                   1.00   0.00  0.25  0.00  0.09  0.66  0.00  0.00  1.00  0.00
  21264                   1.00   0.00  0.00  0.00  0.34  0.66  0.00  0.00  1.00  0.00
  21265                   1.00   0.00  0.16  0.00  0.83  0.00  0.00  0.00  1.00  0.00
  21266                   1.00   0.00  0.00  0.00  0.96  0.04  0.00  0.00  0.36  0.00
  21267                   1.00   0.00  0.00  0.00  0.95  0.05  0.00  0.00  0.97  0.00
  21268                   1.00   0.00  0.00  0.00  0.33  0.67  0.00  0.00  0.36  0.00
  21271                   1.00   0.00  0.00  0.00  0.00  0.00  0.00  1.00  0.00  0.00
  21272                   1.00   0.00  0.00  0.00  0.68  0.00  0.00  0.31  0.03  0.00
  21273                   1.00   0.00  0.13  0.00  0.87  0.00  0.00  0.00  0.34  0.00
  21274                   1.00   0.00  0.00  0.00  1.00  0.00  0.00  0.00  0.34  0.00
  21275                   1.00   0.00  0.00  0.00  1.00  0.00  0.00  0.00  0.34  0.00
  21276                   1.00   0.00  0.00  0.00  1.00  0.00  0.00  0.00  0.99  0.00
  21277                   1.00   0.00  0.00  0.00  1.00  0.00  0.00  0.00  0.35  0.00
  21279                   1.00   0.00  0.00  0.00  1.00  0.00  0.00  0.00  0.34  0.00
  21281                   1.00   0.00  0.00  0.00  1.00  0.00  0.00  0.00  0.00  0.00
  21282                   1.00   0.00  0.00  0.00  1.00  0.00  0.00  0.00  0.33  0.00
  21283                   1.00   0.00  0.00  0.00  1.00  0.00  0.00  0.00  0.33  0.00
  21284                   1.00   0.00  0.00  0.00  1.00  0.00  0.00  0.00  0.30  0.00
  21285                   1.00   0.00  0.00  0.00  0.97  0.03  0.00  0.00  0.00  0.00
  21286                   1.00   0.00  0.16  0.00  0.84  0.00  0.00  0.00  0.99  0.00
  21300                   1.00   0.00  0.00  0.00  0.00  0.00  0.00  1.00  0.00  0.00
  21301                   1.00   0.00  0.06  0.00  0.94  0.00  0.00  0.00  0.34  0.00
  21302                   1.00   0.00  0.00  0.00  1.00  0.00  0.00  0.00  0.00  0.00
  21303                   1.00   0.00  0.00  0.00  1.00  0.00  0.00  0.00  0.34  0.00
  21304                   1.00   0.00  0.00  0.00  1.00  0.00  0.00  0.00  0.32  0.00
  21305                   1.00   0.00  0.00  0.00  1.00  0.00  0.00  0.00  0.32  0.00
  21306                   1.00   0.00  0.00  0.00  1.00  0.00  0.00  0.00  1.00  0.00
  21307                   1.00   0.00  0.03  0.00  0.31  0.66  0.00  0.00  1.00  0.00
  21308                   1.00   0.00  0.00  0.00  0.67  0.00  0.00  0.33  0.01  0.00
  21309                   1.00   0.00  0.00  0.00  0.34  0.66  0.00  0.00  0.99  0.00
  21310                   1.00   0.00  0.00  0.00  0.34  0.66  0.00  0.00  1.00  0.00
  21311                   1.00   0.00  0.19  0.00  0.15  0.67  0.00  0.00  0.36  0.00
  21312                   1.00   0.00  0.00  0.00  0.31  0.69  0.00  0.00  0.06  0.00
  21314                   1.00   0.00  0.00  0.00  0.25  0.75  0.00  0.00  0.05  0.00
  21315                   1.00   0.00  0.00  0.00  1.00  0.00  0.00  0.00  0.34  0.00
  21316                   1.00   0.00  0.00  0.00  1.00  0.00  0.00  0.00  0.35  0.00
  21317                   1.00   0.00  0.00  0.00  0.64  0.00  0.00  0.36  0.00  0.00
  21318                   1.00   0.00  0.00  0.00  0.65  0.00  0.00  0.35  0.00  0.00
  21319                   1.00   0.00  0.00  0.00  1.00  0.00  0.00  0.00  1.00  0.00
  21320                   1.00   0.00  0.00  0.00  1.00  0.00  0.00  0.00  1.00  0.00
  21321                   1.00   0.00  0.00  0.00  0.34  0.66  0.00  0.00  0.36  0.00
  21322                   1.00   0.00  0.11  0.00  0.89  0.00  0.00  0.00  0.38  0.00
  21323                   1.00   0.00  0.17  0.00  0.83  0.00  0.00  0.00  0.99  0.00
  21324                   1.00   0.00  0.00  0.00  1.00  0.00  0.00  0.00  0.40  0.00
  21325                   1.00   0.00  0.00  0.00  1.00  0.00  0.00  0.00  0.34  0.00
  21326                   1.00   0.00  0.00  0.00  1.00  0.00  0.00  0.00  0.33  0.00
  21327                   1.00   0.00  0.01  0.00  0.99  0.00  0.00  0.00  0.24  0.00
  21328                   1.00   0.00  0.00  0.00  1.00  0.00  0.00  0.00  0.34  0.00
  21329                   1.00   0.00  0.00  0.00  1.00  0.00  0.00  0.00  0.34  0.00
  21330                   1.00   0.00  0.00  0.00  0.97  0.03  0.00  0.00  0.21  0.00
  21331                   1.00   0.00  0.00  0.00  0.27  0.73  0.00  0.00  0.00  0.00
  21333                   1.00   0.00  0.00  0.00  1.00  0.00  0.00  0.00  0.30  0.00
  21334                   1.00   0.00  0.00  0.00  1.00  0.00  0.00  0.00  0.33  0.00
  21335                   1.00   0.00  0.00  0.00  1.00  0.00  0.00  0.00  0.28  0.00
  21336                   1.00   0.00  0.11  0.00  0.89  0.00  0.00  0.00  0.32  0.00
  21337                   1.00   0.00  0.00  0.00  1.00  0.00  0.00  0.00  0.26  0.00
  21338                   1.00   0.00  0.00  0.00  1.00  0.00  0.00  0.00  0.25  0.00
  12453                   1.00   0.00  0.00  0.00  0.99  0.01  0.00  0.00  0.00  0.00
  12454                   1.00   0.00  0.00  0.00  0.98  0.02  0.00  0.00  0.00  0.00
  12455                   1.00   0.11  0.00  0.00  0.89  0.00  0.00  0.00  0.00  0.00
  12456                   1.00   0.00  0.00  0.00  0.98  0.02  0.00  0.01  0.22  0.00
  12457                   1.00   0.00  0.00  0.00  1.00  0.00  0.00  0.00  0.34  0.00
  12458                   1.00   0.00  0.27  0.00  0.06  0.67  0.00  0.00  1.00  0.00
  12459                   1.00   0.00  0.00  0.00  1.00  0.00  0.00  0.00  0.27  0.00
  12460                   1.00   0.00  0.00  0.00  0.00  0.00  0.00  1.00  0.00  0.00
  12461                   1.00   0.00  0.00  0.00  1.00  0.00  0.00  0.00  0.00  0.00
  12599                   1.00   0.00  0.00  0.00  1.00  0.00  0.00  0.00  0.00  0.00
  12600                   1.00   0.00  0.00  0.00  0.00  0.00  1.00  0.00  0.00  0.00
  12602                   1.00   0.00  0.00  0.00  0.92  0.08  0.00  0.00  0.02  0.00
  14287                   1.00   0.00  0.00  0.00  0.00  0.00  0.00  1.00  0.00  0.00
  14289                   1.00   0.08  0.04  0.00  0.89  0.00  0.00  0.00  0.21  0.00
  14290                   1.00   0.00  0.00  0.00  1.00  0.00  0.00  0.00  0.32  0.00
  14291                   1.00   0.00  0.00  0.00  1.00  0.00  0.00  0.00  0.32  0.00
  14292                   1.00   0.00  0.09  0.00  0.91  0.00  0.00  0.00  0.31  0.00
  14293                   1.00   0.00  0.00  0.00  1.00  0.00  0.00  0.00  0.32  0.00
  14295                   1.00   0.00  0.21  0.00  0.79  0.00  0.00  0.00  0.12  0.00
  14296                   1.00   0.00  0.08  0.00  0.92  0.00  0.00  0.00  0.33  0.00
  14297                   1.00   0.00  0.00  0.00  1.00  0.00  0.00  0.00  0.01  0.00
  14298                   1.00   0.00  0.00  0.00  0.67  0.00  0.00  0.33  0.01  0.00
  14299                   1.00   0.00  0.00  0.00  1.00  0.00  0.00  0.00  0.00  0.00
  14300                   1.00   0.00  0.00  0.00  1.00  0.00  0.00  0.00  0.34  0.00
  14301                   1.00   0.00  0.00  0.00  1.00  0.00  0.00  0.00  0.00  0.00
  14302                   1.00   0.00  0.00  0.00  1.00  0.00  0.00  0.00  0.00  0.00
  14304                   1.00   0.00  0.00  0.00  1.00  0.00  0.00  0.00  0.00  0.00
  14305                   1.00   0.00  0.00  0.00  1.00  0.00  0.00  0.00  0.18  0.00
  14311                   1.00   0.00  0.00  0.00  1.00  0.00  0.00  0.00  0.00  0.00
  14312                   1.00   0.00  0.00  0.00  1.00  0.00  0.00  0.00  0.30  0.00
  14313                   1.00   0.00  0.00  0.00  1.00  0.00  0.00  0.00  0.29  0.00
  14322                   1.00   0.00  0.00  0.00  0.98  0.02  0.00  0.00  0.00  0.00
  14344                   1.00   0.00  0.00  0.00  0.32  0.68  0.00  0.00  0.35  0.00
  14345                   1.00   0.00  0.00  0.00  0.33  0.67  0.00  0.00  0.35  0.00
  14346                   1.00   0.00  0.00  0.00  1.00  0.00  0.00  0.00  0.00  0.00
  14347                   1.00   0.00  0.17  0.00  0.69  0.00  0.14  0.00  0.00  0.00
  14348                   1.00   0.00  0.00  0.00  1.00  0.00  0.00  0.00  0.27  0.00
  14349                   1.00   0.00  0.00  0.00  1.00  0.00  0.00  0.00  0.01  0.00
  14350                   1.00   0.00  0.00  0.00  0.99  0.01  0.00  0.00  0.22  0.00
  14351                   1.00   0.00  0.00  0.00  0.00  0.00  0.00  1.00  0.00  0.00
  14352                   1.00   0.00  0.17  0.00  0.16  0.67  0.00  0.00  0.34  0.00
  14353                   1.00   0.00  0.00  0.00  1.00  0.00  0.00  0.00  0.02  0.00
  14354                   1.00   0.00  0.00  0.00  0.32  0.68  0.00  0.00  0.35  0.00
  14355                   1.00   0.00  0.00  0.00  0.32  0.68  0.00  0.00  0.35  0.00
  14358                   1.00   0.00  0.00  0.00  1.00  0.00  0.00  0.00  0.01  0.00
  14360                   1.00   0.00  0.00  0.00  1.00  0.00  0.00  0.00  0.01  0.00
  14361                   1.00   0.00  0.00  0.00  1.00  0.00  0.00  0.00  0.18  0.00
  14362                   1.00   0.00  0.00  0.00  1.00  0.00  0.00  0.00  0.30  0.00
  14363                   1.00   0.00  0.00  0.00  1.00  0.00  0.00  0.00  0.30  0.00
  14365                   1.00   0.00  0.00  0.00  1.00  0.00  0.00  0.00  0.36  0.00
  14366                   1.00   0.00  0.00  0.00  1.00  0.00  0.00  0.00  0.35  0.00
  14368                   1.00   0.00  0.21  0.00  0.78  0.00  0.00  0.00  0.99  0.00
  14369                   1.00   0.00  0.00  0.00  0.98  0.02  0.00  0.00  0.00  0.00
  14373                   1.00   0.00  0.00  0.00  0.34  0.66  0.00  0.00  1.00  0.00
  14374                   1.00   0.00  0.00  0.00  0.34  0.66  0.00  0.00  0.36  0.00
  14379                   1.00   0.00  0.00  0.00  0.33  0.67  0.00  0.00  0.36  0.00
  14380                   1.00   0.00  0.00  0.00  0.34  0.66  0.00  0.00  0.35  0.00
  14381                   1.00   0.00  0.00  0.00  1.00  0.00  0.00  0.00  1.00  0.00
  14382                   1.00   0.00  0.00  0.00  1.00  0.00  0.00  0.00  0.00  0.00
  14383                   1.00   0.00  0.00  0.00  1.00  0.00  0.00  0.00  0.20  0.00
  14384                   1.00   0.00  0.00  0.00  1.00  0.00  0.00  0.00  0.14  0.00
  14385                   1.00   0.00  0.00  0.00  1.00  0.00  0.00  0.00  0.19  0.00
  14386                   1.00   0.00  0.00  0.00  1.00  0.00  0.00  0.00  0.20  0.00
  14387                   1.00   0.00  0.00  0.00  1.00  0.00  0.00  0.00  0.33  0.00
  14388                   1.00   0.00  0.00  0.00  1.00  0.00  0.00  0.00  0.04  0.00
  14389                   1.00   0.00  0.00  0.00  1.00  0.00  0.00  0.00  0.00  0.00
  14390                   1.00   0.00  0.00  0.00  1.00  0.00  0.00  0.00  0.24  0.00
  14391                   1.00   0.00  0.00  0.00  1.00  0.00  0.00  0.00  0.32  0.00
  14392                   1.00   0.00  0.00  0.00  1.00  0.00  0.00  0.00  0.35  0.00
  14393                   1.00   0.00  0.10  0.00  0.90  0.00  0.00  0.00  0.35  0.00
  14394                   1.00   0.00  0.00  0.00  0.65  0.00  0.00  0.35  0.65  0.00
  14395                   1.00   0.00  0.00  0.00  0.00  0.00  0.00  1.00  0.00  0.00
  14396                   1.00   0.00  0.00  0.00  0.97  0.03  0.00  0.00  0.35  0.00
  14397                   1.00   0.00  0.00  0.00  0.00  0.00  0.00  1.00  0.00  0.00
  14398                   1.00   0.00  0.00  0.00  0.97  0.03  0.00  0.00  0.35  0.00
  14399                   1.00   0.00  0.00  0.00  0.33  0.67  0.00  0.00  0.31  0.00
  14400                   1.00   0.00  0.05  0.00  0.29  0.67  0.00  0.00  0.35  0.00
  14401                   1.00   0.00  0.00  0.00  1.00  0.00  0.00  0.00  0.35  0.00
  14404                   1.00   0.00  0.24  0.00  0.76  0.00  0.00  0.00  1.00  0.00
  14407                   1.00   0.00  0.00  0.00  1.00  0.00  0.00  0.00  0.02  0.00
  14408                   1.00   0.00  0.00  0.00  1.00  0.00  0.00  0.00  0.33  0.00
  14409                   1.00   0.00  0.00  0.00  1.00  0.00  0.00  0.00  0.27  0.00
  14410                   1.00   0.19  0.09  0.00  0.59  0.00  0.13  0.00  0.00  0.00
  14411                   1.00   0.00  0.00  0.00  1.00  0.00  0.00  0.00  0.00  0.00
  14412                   1.00   0.00  0.00  0.00  0.00  0.00  0.00  1.00  0.00  0.00
  14413                   1.00   0.00  0.00  0.00  1.00  0.00  0.00  0.00  0.31  0.00
  14414                   1.00   0.00  0.00  0.00  1.00  0.00  0.00  0.00  0.00  0.00
  14415                   1.00   0.00  0.00  0.00  1.00  0.00  0.00  0.00  0.41  0.00
  14416                   1.00   0.00  0.00  0.00  1.00  0.00  0.00  0.00  0.30  0.00
  14417                   1.00   0.00  0.00  0.00  1.00  0.00  0.00  0.00  0.99  0.00
  14421                   1.00   0.00  0.00  0.00  1.00  0.00  0.00  0.00  0.01  0.00
  14422                   1.00   0.00  0.00  0.00  1.00  0.00  0.00  0.00  0.28  0.00
  14423                   1.00   0.00  0.00  0.00  1.00  0.00  0.00  0.00  0.23  0.00
  14424                   1.00   0.00  0.00  0.00  1.00  0.00  0.00  0.00  0.27  0.00
  14425                   1.00   0.00  0.00  0.00  1.00  0.00  0.00  0.00  0.21  0.00
  14426                   1.00   0.00  0.00  0.00  0.78  0.00  0.00  0.22  0.09  0.00
  14427                   1.00   0.00  0.00  0.00  1.00  0.00  0.00  0.00  0.25  0.00
  14428                   1.00   0.00  0.00  0.00  1.00  0.00  0.00  0.00  0.15  0.00
  14430                   1.00   0.00  0.00  0.00  0.00  0.00  0.00  1.00  0.00  0.00
  14433                   1.00   0.00  0.00  0.00  1.00  0.00  0.00  0.00  0.00  0.00
  14434                   1.00   0.00  0.00  0.00  1.00  0.00  0.00  0.00  0.00  0.00
  14435                   1.00   0.00  0.00  0.00  1.00  0.00  0.00  0.00  0.25  0.00
  14436                   1.00   0.00  0.00  0.00  1.00  0.00  0.00  0.00  0.17  0.00
  14437                   1.00   0.00  0.00  0.00  1.00  0.00  0.00  0.00  0.28  0.00
  14438                   1.00   0.00  0.00  0.00  1.00  0.00  0.00  0.00  0.34  0.00
  14440                   1.00   0.00  0.00  0.00  1.00  0.00  0.00  0.00  0.35  0.00
  14441                   1.00   0.00  0.00  0.00  0.00  0.00  0.00  1.00  0.00  0.00
  14442                   1.00   0.00  0.00  0.00  1.00  0.00  0.00  0.00  0.31  0.00
  14443                   1.00   0.00  0.00  0.00  1.00  0.00  0.00  0.00  0.36  0.00
  14455                   1.00   0.00  0.00  0.00  1.00  0.00  0.00  0.00  0.32  0.00
  14457                   1.00   0.00  0.00  0.00  1.00  0.00  0.00  0.00  0.33  0.00
  14458                   1.00   0.00  0.00  0.00  1.00  0.00  0.00  0.00  0.33  0.00
  14459                   1.00   0.00  0.00  0.00  1.00  0.00  0.00  0.00  0.33  0.00
  14460                   1.00   0.00  0.00  0.00  1.00  0.00  0.00  0.00  0.32  0.00
  14461                   1.00   0.00  0.00  0.00  1.00  0.00  0.00  0.00  0.33  0.00
  14462                   1.00   0.00  0.00  0.00  1.00  0.00  0.00  0.00  0.00  0.00
  14463                   1.00   0.00  0.00  0.00  1.00  0.00  0.00  0.00  0.24  0.00
  14464                   1.00   0.00  0.00  0.00  1.00  0.00  0.00  0.00  0.29  0.00
  14465                   1.00   0.00  0.23  0.00  0.76  0.00  0.00  0.00  1.00  0.00
  14466                   1.00   0.00  0.00  0.00  1.00  0.00  0.00  0.00  0.32  0.00
  14467                   1.00   0.00  0.00  0.00  1.00  0.00  0.00  0.00  0.00  0.00
  14468                   1.00   0.00  0.00  0.00  1.00  0.00  0.00  0.00  0.34  0.00
  14470                   1.00   0.00  0.00  0.00  0.67  0.00  0.00  0.33  0.07  0.00
  14474                   1.00   0.00  0.00  0.00  1.00  0.00  0.00  0.00  0.26  0.00
  14475                   1.00   0.00  0.00  0.00  1.00  0.00  0.00  0.00  0.24  0.00
  14478                   1.00   0.00  0.00  0.00  1.00  0.00  0.00  0.00  0.35  0.00
  14480                   1.00   0.00  0.00  0.00  1.00  0.00  0.00  0.00  0.00  0.00
  14483                   1.00   0.00  0.00  0.00  1.00  0.00  0.00  0.00  0.24  0.00
  14484                   1.00   0.00  0.00  0.00  1.00  0.00  0.00  0.00  0.28  0.00
  14486                   1.00   0.00  0.00  0.00  1.00  0.00  0.00  0.00  0.26  0.00
  14487                   1.00   0.00  0.00  0.00  0.16  0.84  0.00  0.00  0.00  0.00
  14488                   1.00   0.00  0.00  0.00  1.00  0.00  0.00  0.00  0.32  0.00
  14489                   1.00   0.00  0.00  0.00  1.00  0.00  0.00  0.00  0.32  0.00
  14492                   1.00   0.00  0.00  0.00  0.00  0.00  0.00  1.00  0.00  0.00
  14494                   1.00   0.00  0.00  0.00  1.00  0.00  0.00  0.00  0.29  0.00
  14499                   1.00   0.00  0.00  0.00  0.11  0.89  0.00  0.00  0.16  0.00
  14500                   1.00   0.00  0.00  0.00  0.91  0.09  0.00  0.00  0.34  0.00
  14501                   1.00   0.00  0.00  0.00  0.00  0.00  0.00  1.00  0.00  0.00
  14503                   1.00   0.00  0.01  0.00  0.99  0.00  0.00  0.00  0.34  0.00
  14507                   1.00   0.00  0.00  0.00  1.00  0.00  0.00  0.00  0.34  0.00
  14508                   1.00   0.00  0.00  0.00  1.00  0.00  0.00  0.00  0.34  0.00
  14509                   1.00   0.00  0.02  0.00  0.98  0.00  0.00  0.00  0.33  0.00
  14510                   1.00   0.00  0.00  0.00  0.98  0.02  0.00  0.00  0.00  0.00
  14512                   1.00   0.00  0.13  0.00  0.22  0.65  0.00  0.00  0.95  0.00
  14513                   1.00   0.00  0.00  0.00  1.00  0.00  0.00  0.00  0.36  0.00
  14515                   1.00   0.00  0.22  0.00  0.78  0.00  0.00  0.00  1.00  0.00
  14518                   1.00   0.00  0.00  0.00  1.00  0.00  0.00  0.00  0.35  0.00
  14519                   1.00   0.00  0.00  0.00  0.00  0.00  0.00  1.00  0.00  0.00
  14520                   1.00   0.00  0.15  0.00  0.85  0.00  0.00  0.00  0.36  0.00
  14521                   1.00   0.00  0.00  0.00  1.00  0.00  0.00  0.00  0.33  0.00
  14523                   1.00   0.00  0.00  0.00  1.00  0.00  0.00  0.00  0.35  0.00
  14524                   1.00   0.00  0.00  0.00  1.00  0.00  0.00  0.00  0.36  0.00
  14526                   1.00   0.00  0.00  0.00  1.00  0.00  0.00  0.00  0.36  0.00
  14527                   1.00   0.00  0.00  0.00  0.35  0.65  0.00  0.00  0.42  0.00
  14528                   1.00   0.00  0.00  0.00  0.54  0.46  0.00  0.00  0.32  0.00
  14529                   1.00   0.00  0.00  0.00  1.00  0.00  0.00  0.00  0.34  0.00
  14530                   1.00   0.00  0.00  0.00  1.00  0.00  0.00  0.00  0.34  0.00
  14531                   1.00   0.00  0.00  0.00  1.00  0.00  0.00  0.00  0.34  0.00
  14532                   1.00   0.00  0.03  0.00  0.97  0.00  0.00  0.00  0.34  0.00
  14533                   1.00   0.00  0.14  0.00  0.86  0.00  0.00  0.00  0.30  0.00
  14534                   1.00   0.00  0.00  0.00  1.00  0.00  0.00  0.00  0.31  0.00
  14535                   1.00   0.00  0.00  0.00  1.00  0.00  0.00  0.00  0.30  0.00
  14536                   1.00   0.00  0.00  0.00  1.00  0.00  0.00  0.00  0.30  0.00
  14537                   1.00   0.00  0.00  0.00  1.00  0.00  0.00  0.00  0.38  0.00
  14539                   1.00   0.00  0.00  0.00  0.12  0.88  0.00  0.00  0.01  0.00
  14540                   1.00   0.00  0.00  0.00  0.90  0.10  0.00  0.00  0.34  0.00
  14541                   1.00   0.00  0.00  0.00  0.91  0.09  0.00  0.00  0.34  0.00
  14542                   1.00   0.00  0.00  0.00  0.92  0.08  0.00  0.00  0.34  0.00
  14543                   1.00   0.00  0.00  0.00  1.00  0.00  0.00  0.00  0.34  0.00
  14544                   1.00   0.00  0.00  0.00  0.92  0.08  0.00  0.00  0.34  0.00
  14545                   1.00   0.00  0.00  0.00  1.00  0.00  0.00  0.00  0.30  0.00
  14546                   1.00   0.00  0.00  0.00  0.92  0.08  0.00  0.00  0.34  0.00
  14549                   1.00   0.00  0.00  0.00  0.85  0.15  0.00  0.00  0.03  0.00
  14550                   1.00   0.00  0.00  0.00  1.00  0.00  0.00  0.00  0.26  0.00
  14551                   1.00   0.00  0.00  0.00  0.99  0.01  0.00  0.00  0.34  0.00
  14552                   1.00   0.00  0.00  0.00  0.93  0.07  0.00  0.00  0.31  0.00
  14580                   1.00   0.00  0.10  0.00  0.20  0.70  0.00  0.00  0.27  0.00
  14581                   1.00   0.10  0.06  0.00  0.84  0.00  0.00  0.00  0.99  0.00
  14588                   1.00   0.00  0.00  0.00  1.00  0.00  0.00  0.00  0.00  0.00
  14638                   1.00   0.00  0.00  0.00  1.00  0.00  0.00  0.00  0.00  0.00
  14640                   1.00   0.00  0.00  0.00  0.96  0.04  0.00  0.00  0.00  0.00
  14644                   1.00   0.00  0.00  0.00  0.00  0.00  0.00  1.00  0.00  0.00
  14645                   1.00   0.00  0.08  0.00  0.92  0.00  0.00  0.00  0.31  0.00
  14647                   1.00   0.00  0.00  0.00  1.00  0.00  0.00  0.00  0.28  0.00
  14649                   1.00   0.00  0.00  0.00  1.00  0.00  0.00  0.00  0.00  0.00
  14653                   1.00   0.00  0.00  0.00  1.00  0.00  0.00  0.00  0.33  0.00
  14655                   1.00   0.00  0.00  0.00  1.00  0.00  0.00  0.00  0.32  0.00
  14658                   1.00   0.00  0.00  0.00  1.00  0.00  0.00  0.00  0.33  0.00
  14660                   1.00   0.00  0.00  0.00  0.66  0.00  0.00  0.34  0.00  0.00
  14661                   1.00   0.00  0.00  0.00  1.00  0.00  0.00  0.00  0.32  0.00
  14665                   1.00   0.00  0.00  0.00  0.27  0.73  0.00  0.00  0.04  0.00
  14666                   1.00   0.00  0.19  0.00  0.15  0.66  0.00  0.00  0.35  0.00
  14667                   1.00   0.00  0.00  0.00  1.00  0.00  0.00  0.00  0.35  0.00
  14668                   1.00   0.00  0.00  0.00  1.00  0.00  0.00  0.00  0.31  0.00
  14670                   1.00   0.00  0.00  0.00  1.00  0.00  0.00  0.00  0.34  0.00
  14672                   1.00   0.00  0.00  0.00  1.00  0.00  0.00  0.00  0.32  0.00
  14673                   1.00   0.00  0.00  0.00  1.00  0.00  0.00  0.00  0.00  0.00
  14691                   1.00   0.00  0.00  0.00  1.00  0.00  0.00  0.00  1.00  0.00
  14692                   1.00   0.00  0.00  0.00  1.00  0.00  0.00  0.00  0.27  0.00
  14693                   1.00   0.00  0.00  0.00  1.00  0.00  0.00  0.00  0.35  0.00
  14694                   1.00   0.00  0.00  0.00  1.00  0.00  0.00  0.00  0.00  0.00
  14695                   1.00   0.00  0.00  0.00  1.00  0.00  0.00  0.00  0.32  0.00
  14696                   1.00   0.00  0.00  0.00  0.92  0.08  0.00  0.00  0.08  0.00
  14697                   1.00   0.00  0.00  0.00  0.89  0.11  0.00  0.00  0.33  0.00
  14698                   1.00   0.00  0.00  0.00  0.93  0.07  0.00  0.00  0.33  0.00
  14699                   1.00   0.00  0.00  0.00  0.67  0.33  0.00  0.00  0.04  0.00
  14700                   1.00   0.00  0.00  0.00  1.00  0.00  0.00  0.00  0.17  0.00
  14701                   1.00   0.00  0.00  0.00  1.00  0.00  0.00  0.00  0.31  0.00
  14703                   1.00   0.00  0.00  0.00  0.90  0.10  0.00  0.00  0.02  0.00
  14704                   1.00   0.00  0.06  0.00  0.94  0.00  0.00  0.00  0.35  0.00
  14705                   1.00   0.00  0.00  0.00  0.37  0.63  0.00  0.00  0.14  0.00
  14708                   1.00   0.00  0.00  0.00  0.80  0.20  0.00  0.00  0.00  0.00
  14709                   1.00   0.00  0.00  0.00  1.00  0.00  0.00  0.00  0.22  0.00
  14710                   1.00   0.00  0.00  0.00  1.00  0.00  0.00  0.00  0.23  0.00
  14711                   1.00   0.00  0.00  0.00  0.98  0.02  0.00  0.00  0.00  0.00
  14712                   1.00   0.00  0.10  0.00  0.90  0.00  0.00  0.00  0.33  0.00
  14713                   1.00   0.00  0.00  0.00  1.00  0.00  0.00  0.00  0.34  0.00
  14714                   1.00   0.00  0.00  0.00  1.00  0.00  0.00  0.00  0.35  0.00
  14715                   1.00   0.00  0.00  0.00  0.64  0.00  0.00  0.36  0.00  0.00
  14716                   1.00   0.00  0.00  0.00  0.88  0.12  0.00  0.00  0.35  0.00
  14717                   1.00   0.00  0.00  0.00  0.96  0.04  0.00  0.00  0.35  0.00
  14718                   1.00   0.00  0.00  0.00  0.68  0.32  0.00  0.00  0.03  0.00
  14722                   1.00   0.00  0.00  0.00  1.00  0.00  0.00  0.00  1.00  0.00
  14724                   1.00   0.00  0.00  0.00  0.24  0.76  0.00  0.00  0.33  0.00
  14725                   1.00   0.00  0.00  0.00  0.00  1.00  0.00  0.00  0.03  0.00
  14726                   1.00   0.00  0.00  0.00  1.00  0.00  0.00  0.00  0.99  0.00
  14729                   1.00   0.00  0.00  0.00  1.00  0.00  0.00  0.00  1.00  0.00
  14735                   1.00   0.00  0.00  0.00  1.00  0.00  0.00  0.00  0.34  0.00
  14736                   1.00   0.00  0.06  0.00  0.94  0.00  0.00  0.00  0.35  0.00
  14737                   1.00   0.00  0.00  0.00  0.94  0.06  0.00  0.00  0.00  0.00
  14744                   1.00   0.00  0.00  0.00  0.00  0.00  0.00  1.00  0.00  0.00
  14745                   1.00   0.00  0.00  0.00  1.00  0.00  0.00  0.00  0.33  0.00
  14746                   1.00   0.00  0.00  0.00  1.00  0.00  0.00  0.00  0.36  0.00
  14747                   1.00   0.00  0.00  0.00  1.00  0.00  0.00  0.00  0.99  0.00
  14748                   1.00   0.00  0.00  0.00  1.00  0.00  0.00  0.00  0.34  0.00
  14749                   1.00   0.00  0.00  0.00  0.00  0.00  0.00  1.00  0.00  0.00
  14750                   1.00   0.00  0.00  0.00  1.00  0.00  0.00  0.00  0.34  0.00
  14754                   1.00   0.00  0.00  0.00  1.00  0.00  0.00  0.00  0.34  0.00
  14755                   1.00   0.00  0.00  0.00  1.00  0.00  0.00  0.00  0.34  0.00
  14756                   1.00   0.00  0.00  0.00  0.72  0.00  0.00  0.28  0.05  0.00
  14757                   1.00   0.00  0.00  0.00  0.98  0.02  0.00  0.00  0.34  0.00
  14758                   1.00   0.00  0.00  0.00  0.00  0.00  0.00  1.00  0.00  0.00
  14760                   1.00   0.00  0.00  0.00  0.00  0.00  0.00  1.00  0.00  0.00
  14765                   1.00   0.00  0.00  0.00  0.00  0.00  0.00  1.00  0.00  0.00
  14766                   1.00   0.00  0.00  0.00  1.00  0.00  0.00  0.00  0.29  0.00
  14768                   1.00   0.00  0.00  0.00  1.00  0.00  0.00  0.00  0.19  0.00
  14772                   1.00   0.00  0.00  0.00  1.00  0.00  0.00  0.00  0.36  0.00
  14773                   1.00   0.00  0.00  0.00  0.97  0.03  0.00  0.00  0.32  0.00
  14775                   1.00   0.00  0.00  0.00  1.00  0.00  0.00  0.00  0.36  0.00
  14776                   1.00   0.00  0.00  0.00  0.34  0.66  0.00  0.00  0.33  0.00
  14777                   1.00   0.00  0.00  0.00  0.00  0.00  0.00  1.00  0.00  0.00
  14800                   1.00   0.00  0.00  0.00  0.25  0.75  0.00  0.00  0.35  0.00
  14802                   1.00   0.00  0.00  0.00  0.25  0.75  0.00  0.00  0.10  0.00
  14806                   1.00   0.00  0.00  0.00  0.00  0.00  0.00  1.00  0.00  0.00
  14807                   1.00   0.00  0.00  0.00  0.65  0.01  0.00  0.34  0.66  0.00
  14808                   1.00   0.00  0.00  0.00  0.31  0.69  0.00  0.00  0.00  0.00
  14809                   1.00   0.00  0.00  0.00  1.00  0.00  0.00  0.00  0.33  0.00
  14810                   1.00   0.00  0.00  0.00  1.00  0.00  0.00  0.00  0.34  0.00
  14811                   1.00   0.00  0.00  0.00  1.00  0.00  0.00  0.00  0.36  0.00
  14812                   1.00   0.00  0.00  0.00  1.00  0.00  0.00  0.00  0.35  0.00
  14813                   1.00   0.00  0.00  0.00  1.00  0.00  0.00  0.00  0.35  0.00
  14814                   1.00   0.00  0.00  0.00  0.64  0.00  0.00  0.36  0.00  0.00
  14815                   1.00   0.00  0.00  0.00  0.98  0.02  0.00  0.00  0.00  0.00
  14817                   1.00   0.00  0.00  0.00  0.00  0.00  0.00  1.00  0.00  0.00
  14819                   1.00   0.00  0.00  0.00  1.00  0.00  0.00  0.00  0.36  0.00
  14820                   1.00   0.00  0.00  0.00  0.00  0.00  0.00  1.00  0.00  0.00
  14821                   1.00   0.00  0.00  0.00  0.59  0.06  0.00  0.36  0.03  0.00
  14822                   1.00   0.00  0.00  0.00  1.00  0.00  0.00  0.00  0.00  0.00
  14823                   1.00   0.12  0.09  0.00  0.72  0.00  0.07  0.00  0.00  0.00
  14824                   1.00   0.00  0.00  0.00  1.00  0.00  0.00  0.00  0.00  0.00
  14825                   1.00   0.00  0.00  0.00  1.00  0.00  0.00  0.00  0.00  0.00
  14826                   1.00   0.00  0.00  0.00  1.00  0.00  0.00  0.00  0.00  0.00
  14851                   1.00   0.00  0.00  0.00  0.65  0.00  0.00  0.35  0.00  0.00
  14852                   1.00   0.00  0.00  0.00  1.00  0.00  0.00  0.00  0.24  0.00
  14854                   1.00   0.00  0.00  0.00  0.00  0.00  0.00  1.00  0.00  0.00
  14856                   1.00   0.00  0.00  0.00  1.00  0.00  0.00  0.00  0.34  0.00
  14858                   1.00   0.00  0.00  0.00  0.97  0.03  0.00  0.00  0.36  0.00
  14859                   1.00   0.00  0.00  0.00  1.00  0.00  0.00  0.00  0.34  0.00
  14860                   1.00   0.00  0.00  0.00  1.00  0.00  0.00  0.00  0.34  0.00
  14861                   1.00   0.00  0.00  0.00  1.00  0.00  0.00  0.00  0.06  0.00
  14862                   1.00   0.00  0.00  0.00  1.00  0.00  0.00  0.00  1.00  0.00
  14863                   1.00   0.00  0.00  0.00  1.00  0.00  0.00  0.00  0.34  0.00
  14864                   1.00   0.00  0.00  0.00  0.97  0.03  0.00  0.00  0.36  0.00
  14865                   1.00   0.00  0.00  0.00  0.00  0.00  0.00  1.00  0.00  0.00
  14866                   1.00   0.00  0.00  0.00  1.00  0.00  0.00  0.00  0.37  0.00
  14867                   1.00   0.00  0.00  0.00  1.00  0.00  0.00  0.00  0.24  0.00
  14868                   1.00   0.00  0.00  0.00  1.00  0.00  0.00  0.00  0.25  0.00
  14869                   1.00   0.00  0.00  0.00  1.00  0.00  0.00  0.00  0.00  0.00
  14870                   1.00   0.00  0.00  0.00  1.00  0.00  0.00  0.00  0.34  0.00
  14871                   1.00   0.00  0.00  0.00  1.00  0.00  0.00  0.00  0.26  0.00
  14872                   1.00   0.00  0.00  0.00  1.00  0.00  0.00  0.00  0.43  0.00
  14873                   1.00   0.00  0.00  0.00  1.00  0.00  0.00  0.00  0.35  0.00
  14879                   1.00   0.00  0.00  0.00  1.00  0.00  0.00  0.00  0.31  0.00
  14908                   1.00   0.00  0.00  0.00  1.00  0.00  0.00  0.00  0.28  0.00
  14909                   1.00   0.00  0.00  0.00  0.73  0.00  0.00  0.27  0.08  0.00
  14910                   1.00   0.00  0.00  0.00  0.13  0.87  0.00  0.00  0.00  0.00
  14911                   1.00   0.00  0.00  0.00  1.00  0.00  0.00  0.00  0.00  0.00
  14915                   1.00   0.00  0.00  0.00  0.65  0.00  0.00  0.35  0.02  0.00
  14916                   1.00   0.00  0.00  0.00  1.00  0.00  0.00  0.00  0.30  0.00
  14917                   1.00   0.00  0.00  0.00  1.00  0.00  0.00  0.00  0.01  0.00
  14918                   1.00   0.00  0.00  0.00  1.00  0.00  0.00  0.00  0.25  0.00
  14919                   1.00   0.00  0.00  0.00  1.00  0.00  0.00  0.00  0.28  0.00
  14921                   1.00   0.00  0.00  0.00  1.00  0.00  0.00  0.00  0.00  0.00
  14923                   1.00   0.00  0.00  0.00  0.06  0.59  0.00  0.36  0.64  0.00
  14925                   1.00   0.00  0.00  0.00  0.64  0.00  0.00  0.36  0.00  0.00
  14926                   1.00   0.00  0.00  0.00  0.29  0.71  0.00  0.00  0.00  0.00
  14949                   1.00   0.00  0.00  0.00  1.00  0.00  0.00  0.00  0.31  0.00
  14951                   1.00   0.00  0.00  0.00  1.00  0.00  0.00  0.00  0.01  0.00
  14952                   1.00   0.00  0.00  0.00  1.00  0.00  0.00  0.00  0.17  0.00
  14953                   1.00   0.00  0.00  0.00  1.00  0.00  0.00  0.00  0.05  0.00
  14954                   1.00   0.00  0.00  0.00  1.00  0.00  0.00  0.00  0.20  0.00
  14955                   1.00   0.00  0.00  0.00  0.66  0.00  0.00  0.34  0.66  0.00
  14956                   1.00   0.00  0.00  0.00  1.00  0.00  0.00  0.00  0.25  0.00
  14957                   1.00   0.00  0.00  0.00  1.00  0.00  0.00  0.00  0.26  0.00
  14959                   1.00   0.00  0.00  0.00  1.00  0.00  0.00  0.00  1.00  0.00
  14979                   1.00   0.00  0.00  0.00  1.00  0.00  0.00  0.00  0.35  0.00
  14980                   1.00   0.00  0.05  0.00  0.95  0.00  0.00  0.00  0.34  0.00
  14990                   1.00   0.00  0.00  0.00  0.65  0.00  0.00  0.35  0.00  0.00
  14991                   1.00   0.00  0.00  0.00  0.87  0.13  0.00  0.00  0.03  0.00
  14992                   1.00   0.00  0.00  0.00  0.70  0.30  0.00  0.00  0.06  0.00
  14995                   1.00   0.00  0.00  0.00  0.00  0.00  0.00  1.00  0.00  0.00
  14996                   1.00   0.00  0.09  0.00  0.89  0.02  0.00  0.00  0.35  0.00
  14997                   1.00   0.00  0.00  0.00  0.00  1.00  0.00  0.00  0.95  0.00
  14998                   1.00   0.00  0.00  0.00  0.98  0.02  0.00  0.00  0.35  0.00
  14999                   1.00   0.00  0.00  0.00  0.21  0.79  0.00  0.00  0.02  0.00
  15000                   1.00   0.00  0.00  0.00  0.98  0.02  0.00  0.00  0.35  0.00
  15001                   1.00   0.00  0.00  0.00  0.98  0.02  0.00  0.00  0.34  0.00
  15003                   1.00   0.00  0.00  0.00  1.00  0.00  0.00  0.00  0.00  0.00
  15004                   1.00   0.00  0.00  0.00  0.99  0.01  0.00  0.00  0.34  0.00
  15005                   1.00   0.00  0.00  0.00  1.00  0.00  0.00  0.00  0.36  0.00
  15012                   1.00   0.00  0.00  0.00  1.00  0.00  0.00  0.00  0.27  0.00
  15014                   1.00   0.00  0.15  0.00  0.85  0.00  0.00  0.00  0.34  0.00
  15015                   1.00   0.15  0.09  0.00  0.76  0.00  0.00  0.00  0.36  0.00
  15025                   1.00   0.00  0.00  0.00  1.00  0.00  0.00  0.00  0.26  0.00
  15026                   1.00   0.00  0.00  0.00  1.00  0.00  0.00  0.00  0.34  0.00
  15040                   1.00   0.00  0.00  0.00  1.00  0.00  0.00  0.00  0.31  0.00
  15042                   1.00   0.00  0.00  0.00  1.00  0.00  0.00  0.00  0.36  0.00
  15044                   1.00   0.00  0.00  0.00  0.99  0.01  0.00  0.00  0.02  0.00
  15047                   1.00   0.00  0.00  0.00  0.72  0.00  0.00  0.28  0.00  0.00
  15048                   1.00   0.00  0.20  0.00  0.79  0.01  0.00  0.00  0.24  0.00
  15049                   1.00   0.00  0.00  0.00  1.00  0.00  0.00  0.00  0.23  0.00
  15050                   1.00   0.00  0.00  0.00  0.99  0.01  0.00  0.00  0.34  0.00
  15051                   1.00   0.00  0.00  0.00  0.21  0.79  0.00  0.00  0.09  0.00
  15053                   1.00   0.00  0.00  0.00  1.00  0.00  0.00  0.00  0.00  0.00
  15067                   1.00   0.00  0.00  0.00  1.00  0.00  0.00  0.00  0.00  0.00
  15081                   1.00   0.00  0.00  0.00  0.27  0.73  0.00  0.00  0.03  0.00
  15106                   1.00   0.00  0.00  0.00  0.00  0.00  0.00  1.00  0.00  0.00
  15107                   1.00   0.00  0.00  0.00  1.00  0.00  0.00  0.00  0.34  0.00
  15114                   1.00   0.00  0.00  0.00  1.00  0.00  0.00  0.00  0.36  0.00
  15117                   1.00   0.00  0.00  0.00  1.00  0.00  0.00  0.00  0.34  0.00
  15118                   1.00   0.00  0.00  0.00  1.00  0.00  0.00  0.00  0.00  0.00
  15121                   1.00   0.00  0.00  0.00  0.98  0.02  0.00  0.00  0.35  0.00
  15122                   1.00   0.00  0.00  0.00  0.00  0.00  0.00  1.00  0.00  0.00
  15124                   1.00   0.00  0.00  0.00  1.00  0.00  0.00  0.00  0.34  0.00
  15127                   1.00   0.00  0.00  0.00  0.29  0.71  0.00  0.00  0.31  0.00
  15128                   1.00   0.00  0.00  0.00  1.00  0.00  0.00  0.00  0.36  0.00
  15130                   1.00   0.00  0.00  0.00  0.00  0.00  0.00  1.00  0.00  0.00
  15132                   1.00   0.00  0.00  0.00  1.00  0.00  0.00  0.00  0.34  0.00
  15133                   1.00   0.00  0.00  0.00  0.64  0.00  0.00  0.36  0.00  0.00
  15134                   1.00   0.00  0.00  0.00  1.00  0.00  0.00  0.00  0.34  0.00
  15135                   1.00   0.00  0.00  0.00  0.85  0.15  0.00  0.00  0.02  0.00
  15136                   1.00   0.00  0.00  0.00  1.00  0.00  0.00  0.00  0.34  0.00
  15137                   1.00   0.00  0.00  0.00  0.65  0.00  0.00  0.35  0.00  0.00
  15153                   1.00   0.00  0.00  0.00  1.00  0.00  0.00  0.00  0.33  0.00
  15154                   1.00   0.00  0.00  0.00  1.00  0.00  0.00  0.00  0.33  0.00
  15155                   1.00   0.00  0.00  0.00  1.00  0.00  0.00  0.00  0.33  0.00
  15156                   1.00   0.00  0.00  0.00  0.00  0.00  0.00  1.00  0.00  0.00
  15157                   1.00   0.00  0.00  0.00  1.00  0.00  0.00  0.00  0.34  0.00
  15162                   1.00   0.00  0.00  0.00  0.31  0.69  0.00  0.00  0.00  0.00
  15169                   1.00   0.00  0.00  0.00  1.00  0.00  0.00  0.00  0.34  0.00
  15170                   1.00   0.00  0.00  0.00  0.96  0.04  0.00  0.00  0.00  0.00
  15173                   1.00   0.00  0.00  0.00  0.00  0.00  0.00  1.00  0.00  0.00
  15174                   1.00   0.00  0.20  0.00  0.80  0.00  0.00  0.00  0.36  0.00
  15175                   1.00   0.00  0.00  0.00  0.00  0.00  0.00  1.00  0.00  0.00
  15181                   1.00   0.00  0.00  0.00  1.00  0.00  0.00  0.00  0.00  0.00
  15182                   1.00   0.00  0.00  0.00  1.00  0.00  0.00  0.00  0.34  0.00
  15183                   1.00   0.00  0.00  0.00  1.00  0.00  0.00  0.00  0.34  0.00
  15185                   1.00   0.00  0.00  0.00  0.21  0.79  0.00  0.00  0.01  0.00
  15186                   1.00   0.00  0.00  0.00  1.00  0.00  0.00  0.00  0.35  0.00
  15187                   1.00   0.00  0.00  0.00  0.00  0.00  0.00  1.00  0.00  0.00
  15194                   1.00   0.00  0.00  0.00  1.00  0.00  0.00  0.00  0.00  0.00
  15195                   1.00   0.00  0.00  0.00  1.00  0.00  0.00  0.00  0.00  0.00
  15196                   1.00   0.00  0.00  0.00  1.00  0.00  0.00  0.00  0.34  0.00
  15220                   1.00   0.00  0.00  0.00  1.00  0.00  0.00  0.00  0.00  0.00
  15228                   1.00   0.00  0.00  0.00  0.99  0.01  0.00  0.00  0.34  0.00
  15229                   1.00   0.00  0.00  0.00  0.98  0.02  0.00  0.00  0.24  0.00
  15230                   1.00   0.00  0.00  0.00  1.00  0.00  0.00  0.00  0.34  0.00
  15234                   1.00   0.00  0.00  0.00  0.98  0.02  0.00  0.00  0.34  0.00
  15236                   1.00   0.00  0.00  0.00  0.98  0.02  0.00  0.00  0.34  0.00
  15237                   1.00   0.00  0.00  0.00  1.00  0.00  0.00  0.00  0.22  0.00
  15239                   1.00   0.00  0.00  0.00  0.64  0.00  0.00  0.36  0.00  0.00
  15240                   1.00   0.00  0.15  0.00  0.85  0.00  0.00  0.00  0.33  0.00
  15242                   1.00   0.00  0.00  0.00  1.00  0.00  0.00  0.00  0.35  0.00
  15243                   1.00   0.00  0.00  0.00  0.99  0.01  0.00  0.00  0.36  0.00
  15244                   1.00   0.00  0.00  0.00  0.65  0.00  0.00  0.35  0.00  0.00
  15245                   1.00   0.00  0.00  0.00  1.00  0.00  0.00  0.00  0.33  0.00
  15246                   1.00   0.00  0.00  0.00  1.00  0.00  0.00  0.00  0.33  0.00
  15280                   1.00   0.00  0.11  0.00  0.18  0.71  0.00  0.00  0.95  0.00
  15281                   1.00   0.00  0.00  0.00  1.00  0.00  0.00  0.00  0.36  0.00
  15283                   1.00   0.00  0.00  0.00  0.30  0.70  0.00  0.00  0.00  0.00
  15285                   1.00   0.00  0.03  0.00  0.97  0.00  0.00  0.00  0.35  0.00
  15286                   1.00   0.03  0.13  0.00  0.84  0.00  0.00  0.00  0.36  0.00
  15287                   1.00   0.00  0.00  0.00  1.00  0.00  0.00  0.00  1.00  0.00
  15288                   1.00   0.00  0.00  0.00  1.00  0.00  0.00  0.00  0.34  0.00
  15289                   1.00   0.00  0.00  0.00  0.00  0.00  0.00  1.00  0.00  0.00
  15290                   1.00   0.00  0.00  0.00  1.00  0.00  0.00  0.00  0.34  0.00
  15291                   1.00   0.00  0.00  0.00  0.65  0.00  0.00  0.35  0.00  0.00
  15295                   1.00   0.00  0.00  0.00  1.00  0.00  0.00  0.00  0.34  0.00
  15296                   1.00   0.00  0.00  0.00  0.97  0.03  0.00  0.00  0.00  0.00
  2171049803_COLLECT      1.00   0.00  0.00  0.00  0.28  0.72  0.00  0.00  0.00  0.00
  2172038505_COLLECT      1.00   0.00  0.00  0.00  0.13  0.87  0.00  0.00  0.00  0.00
  2172038509_COLLECT      1.00   0.00  0.00  0.00  0.54  0.46  0.00  0.00  0.07  0.00
  2172039202_COLLECT      1.00   0.00  0.00  0.00  0.26  0.74  0.00  0.00  0.00  0.00
  2172039304_COLLECT      1.00   0.00  0.00  0.00  0.36  0.64  0.00  0.00  0.02  0.00
  2172043605_COLLECT      1.00   0.00  0.00  0.00  0.16  0.84  0.00  0.00  0.01  0.00
  2172043606_COLLECT      1.00   0.00  0.00  0.00  0.31  0.69  0.00  0.00  0.00  0.00
  2172043905_COLLECT      1.00   0.00  0.00  0.00  0.19  0.81  0.00  0.00  0.00  0.00
  2172044706_COLLECT      1.00   0.00  0.00  0.00  0.26  0.74  0.00  0.00  0.00  0.00
  2172045701_COLLECT      1.00   0.00  0.00  0.00  0.26  0.74  0.00  0.00  0.00  0.00
  2172052105_COLLECT      1.00   0.00  0.00  0.00  0.29  0.71  0.00  0.00  0.00  0.00
  2172056405_COLLECT      1.00   0.00  0.00  0.00  0.29  0.71  0.00  0.00  0.00  0.00
  2172057101_COLLECT      1.00   0.00  0.00  0.00  0.30  0.70  0.00  0.00  0.00  0.00
  2172057309_COLLECT      1.00   0.00  0.00  0.00  0.24  0.76  0.00  0.00  0.00  0.00
  2172059301_COLLECT      1.00   0.00  0.00  0.00  0.29  0.71  0.00  0.00  0.00  0.00
  2173031302_COLLECT      1.00   0.00  0.00  0.00  0.24  0.76  0.00  0.00  0.00  0.00
  2173031402_COLLECT      1.00   0.00  0.00  0.00  0.29  0.71  0.00  0.00  0.00  0.00
  2173033601_COLLECT      1.00   0.00  0.00  0.00  0.27  0.73  0.00  0.00  0.00  0.00
  2173035301_COLLECT      1.00   0.04  0.00  0.00  0.26  0.71  0.00  0.00  0.00  0.00
  2173047701_COLLECT      1.00   0.00  0.00  0.00  0.13  0.87  0.00  0.00  0.00  0.00
  2173048204_COLLECT      1.00   0.00  0.00  0.00  0.10  0.90  0.00  0.00  0.00  0.00
  2173059104_COLLECT      1.00   0.00  0.00  0.00  0.14  0.86  0.00  0.00  0.00  0.00
  2174041502_COLLECT      1.00   0.06  0.00  0.00  0.22  0.72  0.00  0.00  0.00  0.00
  2174041801_COLLECT      1.00   0.00  0.00  0.00  0.21  0.79  0.00  0.00  0.00  0.00
  2174042901_COLLECT      1.00   0.00  0.00  0.00  0.27  0.73  0.00  0.00  0.02  0.00
  2174052402_COLLECT      1.00   0.00  0.00  0.00  0.87  0.13  0.00  0.00  0.00  0.00
  2174053507_COLLECT      1.00   0.00  0.00  0.00  0.80  0.20  0.00  0.00  0.00  0.00
  
  
  *************************
  Conduit Surcharge Summary
  *************************
  
  ----------------------------------------------------------------------------
                                                           Hours        Hours 
                         --------- Hours Full --------   Above Full   Capacity
  Conduit                Both Ends  Upstream  Dnstream   Normal Flow   Limited
  ----------------------------------------------------------------------------
  17239                       1.94      1.94      1.94      1.96         1.94
  17240                       1.94      1.94      1.94      1.91         1.13
  17241                       1.93      1.93      1.94      0.01         0.01
  17242                       1.92      1.92      1.93      0.01         0.01
  17248                       0.01      0.01      0.01      0.01         0.01
  17250                       0.01      0.01      0.01      1.92         0.01
  17252                       1.92      1.94      1.92      2.00         1.92
  17253                       1.88      1.88      1.92      0.01         0.01
  17254                       1.94      1.95      1.94      1.99         1.94
  17255                       0.01      0.01      0.01      1.89         0.01
  17256                       0.01      0.01      0.01      1.87         0.01
  17257                       0.01      0.01      1.88      0.01         0.01
  17263                       1.95      1.96      1.95      1.99         1.95
  17264                       1.96      1.96      1.96      1.98         1.96
  17265                       1.96      1.96      1.96      1.97         1.96
  17266                       1.96      1.96      1.96      1.97         1.95
  17270                       1.96      1.96      1.96      0.08         0.76
  17271                       1.96      1.96      1.96      0.01         0.02
  17272                       1.83      1.83      1.92      0.01         0.01
  17274                       1.45      1.45      1.83      0.01         0.01
  17275                       0.01      0.01      1.45      0.01         0.01
  17276                       0.01      0.01      1.45      0.01         0.01
  17290                       0.01      0.01      0.01      1.89         0.01
  17295                       0.01      0.01      0.01      1.94         0.01
  17308                       1.96      1.96      1.96      0.01         0.01
  17309                       1.94      1.94      1.95      0.01         0.01
  17312                       1.94      1.94      1.94      0.01         0.01
  17313                       1.92      1.92      1.94      0.01         0.01
  17319                       1.91      1.91      1.92      0.01         0.01
  17320                       1.90      1.90      1.91      0.01         0.01
  17322                       1.90      1.90      1.90      0.01         0.01
  17392                       0.01      0.01      0.01      0.63         0.01
  17410                       1.88      1.88      1.90      0.01         0.01
  17411                       1.90      1.90      1.92      0.01         0.01
  17412                       1.92      1.92      1.93      0.01         0.01
  17413                       1.93      1.93      1.94      1.89         1.89
  17415                       1.93      1.94      1.93      1.95         1.93
  17416                       0.01      1.93      0.01      1.95         0.01
  17441                       0.01      0.01      0.01      1.93         0.01
  17444                       0.01      1.91      0.01      1.97         0.01
  17445                       1.91      1.93      1.91      1.96         1.91
  17446                       1.93      1.93      1.93      1.95         1.92
  17447                       1.93      1.93      1.93      1.95         1.93
  17448                       1.92      1.92      1.93      1.89         1.71
  17449                       1.92      1.92      1.92      0.01         0.01
  17500                       0.01      0.01      1.88      0.01         0.01
  17508                       0.01      0.01      1.64      0.01         0.01
  17526                       0.01      0.01      0.01      1.91         0.01
  17561                       0.01      0.01      0.01      1.91         0.01
  17588                       0.01      0.01      0.01      1.91         0.01
  17598                       0.01      0.01      0.01      1.93         0.01
  17599                       0.01      1.61      0.01      1.89         0.01
  17605                       0.01      0.01      0.01      1.86         0.01
  17606                       0.01      0.01      0.01      1.93         0.01
  17615                       0.01      1.91      0.01      1.98         0.01
  17618                       0.01      0.01      0.01      1.95         0.01
  17619                       0.01      0.01      0.01      1.95         0.01
  17620                       1.87      1.87      1.90      0.01         0.01
  17621                       0.01      1.90      0.01      1.94         0.01
  17622                       0.01      0.01      1.90      0.01         0.01
  17630                       0.01      0.01      0.01      1.90         0.01
  17633                       1.72      1.73      1.72      1.95         1.72
  17635                       1.73      1.75      1.73      1.94         1.73
  17636                       1.61      1.70      1.61      1.90         1.61
  17637                       1.70      1.72      1.70      1.90         1.70
  17655                       1.91      1.93      1.91      1.97         1.91
  17658                       1.93      1.94      1.93      1.97         1.93
  17662                       1.94      1.94      1.94      1.97         1.94
  17663                       1.94      1.95      1.94      1.96         1.94
  17664                       1.95      1.95      1.95      1.94         1.93
  17665                       1.94      1.94      1.95      1.91         1.89
  17666                       1.94      1.94      1.94      1.90         1.28
  17667                       1.93      1.93      1.94      0.01         0.18
  17671                       1.75      1.76      1.75      1.94         1.75
  17672                       1.76      1.78      1.76      1.95         1.76
  17673                       1.78      1.79      1.78      1.93         1.77
  17675                       1.78      1.78      1.79      1.81         1.46
  17676                       1.76      1.76      1.78      0.01         0.15
  17689                       0.01      1.93      0.01      1.95         0.01
  17691                       1.93      1.93      1.93      1.95         1.93
  17696                       1.76      1.76      1.79      0.01         0.01
  17697                       1.93      1.93      1.93      0.01         0.01
  17698                       1.93      1.93      1.93      0.01         0.01
  17699                       1.92      1.92      1.93      0.01         0.01
  17700                       1.92      1.92      1.92      0.01         0.01
  17701                       1.73      1.73      1.76      0.01         0.01
  17703                       1.72      1.72      1.73      0.01         0.01
  17706                       1.72      1.73      1.72      1.93         1.72
  17707                       1.71      1.71      1.72      0.01         0.01
  17709                       1.71      1.72      1.71      1.94         1.71
  17710                       1.73      1.73      1.76      0.01         0.01
  17712                       1.71      1.71      1.73      0.01         0.01
  17713                       1.66      1.66      1.71      0.01         0.01
  17731                       1.90      1.90      1.93      0.01         0.01
  17733                       1.84      1.84      1.90      0.01         0.01
  17734                       0.01      0.01      1.84      0.01         0.01
  17736                       1.93      1.94      1.93      1.89         1.87
  17737                       1.93      1.93      1.94      0.03         0.14
  17738                       0.01      1.91      0.01      1.93         0.01
  17739                       1.91      1.91      1.93      0.01         0.28
  17740                       1.91      1.91      1.91      1.92         1.91
  17750                       1.72      1.77      1.72      1.93         1.72
  17753                       1.73      1.73      1.73      1.84         1.59
  17754                       1.71      1.71      1.73      0.01         0.03
  17755                       1.77      1.83      1.77      1.93         1.77
  17756                       1.70      1.70      1.71      0.01         0.01
  17757                       1.83      1.84      1.83      1.92         1.83
  17758                       1.84      1.84      1.84      1.92         1.84
  17759                       1.84      1.93      1.84      2.01         1.84
  17760                       1.69      1.69      1.70      0.01         0.01
  17761                       1.93      1.95      1.93      2.00         1.93
  17762                       1.84      1.85      1.84      1.91         1.84
  17764                       0.01      0.01      0.01      1.92         0.01
  17765                       0.01      1.84      0.01      2.02         0.01
  17766                       0.01      0.01      0.01      1.88         0.01
  17777                       1.87      1.87      1.88      0.01         0.01
  17778                       1.88      1.88      1.88      0.01         0.01
  17780                       1.88      1.88      1.90      0.01         0.01
  17784                       0.01      0.01      0.01      2.00         0.01
  17785                       1.90      1.90      1.91      0.01         0.01
  17786                       1.91      1.91      1.91      0.01         0.01
  17787                       1.85      1.85      1.91      0.01         0.01
  17788                       0.01      0.01      1.85      0.01         0.01
  17797                       0.01      0.01      0.01      1.91         0.01
  17799                       0.01      0.01      0.01      0.01         0.01
  17805                       1.93      1.93      1.94      1.86         1.85
  17807                       1.95      1.95      1.95      0.03         0.05
  17808                       1.85      1.85      1.85      1.89         1.83
  17809                       1.95      1.95      1.95      1.93         1.91
  17810                       1.84      1.84      1.85      0.01         0.11
  17811                       1.94      1.94      1.94      1.93         1.91
  17812                       1.94      1.94      1.95      1.91         1.90
  17813                       1.84      1.84      1.84      0.01         0.01
  17814                       1.94      1.94      1.94      1.90         1.89
  17815                       1.83      1.83      1.84      0.01         0.01
  17816                       1.93      1.93      1.94      1.88         1.78
  17825                       1.88      1.88      1.91      0.01         0.01
  17826                       1.91      1.91      1.92      1.91         1.90
  17830                       0.01      1.93      0.01      2.00         0.01
  17831                       1.93      1.95      1.93      2.00         1.93
  17832                       1.95      1.95      1.95      1.98         1.95
  17833                       1.92      1.92      1.95      0.01         0.01
  17834                       1.95      1.96      1.95      1.98         1.95
  17835                       1.90      1.90      1.92      0.01         0.01
  17836                       1.93      1.93      1.98      0.01         0.01
  17837                       0.01      1.74      0.01      1.92         0.01
  17838                       1.74      1.81      1.74      1.90         1.74
  17839                       1.81      1.84      1.81      1.89         1.81
  17840                       1.84      1.86      1.84      1.89         1.84
  17846                       1.92      1.92      1.93      1.81         1.75
  17850                       1.90      1.90      1.92      0.01         0.01
  17851                       1.87      1.87      1.90      0.01         0.01
  17852                       1.85      1.85      1.87      0.01         0.01
  17853                       1.82      1.82      1.83      0.01         0.01
  17854                       1.81      1.81      1.82      0.01         0.01
  17855                       1.92      1.92      1.93      0.01         0.40
  17857                       1.92      1.92      1.92      0.01         0.11
  17859                       1.81      1.81      1.81      0.01         0.01
  17860                       0.01      0.01      0.01      1.92         0.01
  17861                       0.01      1.89      0.01      1.92         0.01
  17867                       1.94      1.94      1.94      0.01         0.01
  17869                       1.89      1.89      1.89      1.91         1.89
  17882                       0.01      0.01      0.01      1.92         0.01
  17941                       1.86      1.86      1.88      0.01         0.01
  17942                       1.88      1.88      1.89      1.89         1.84
  17943                       1.80      1.80      1.82      0.01         0.01
  17945                       1.82      1.82      1.84      0.01         0.01
  17947                       0.01      0.01      1.88      0.01         0.01
  17948                       1.87      1.88      1.90      0.01         0.01
  17949                       1.90      1.90      1.94      0.01         0.01
  17985                       1.98      1.99      1.99      2.01         1.95
  17988                       2.00      2.00      2.00      1.98         1.96
  17993                       1.94      1.94      1.99      0.01         0.01
  18005                       0.01      0.01      0.01      1.89         0.01
  18006                       0.01      0.01      0.01      1.88         0.01
  18008                       0.01      0.01      0.01      1.93         0.01
  18033                       0.01      0.01      0.01      1.77         0.01
  18089                       1.97      1.98      1.98      0.05         0.04
  18091                       1.97      1.98      1.97      1.98         1.96
  18093                       0.01      1.93      0.01      1.98         0.01
  18094                       1.93      1.94      1.93      1.98         1.93
  18096                       1.94      1.94      1.94      1.98         1.94
  18097                       1.96      1.96      1.98      0.01         0.01
  18098                       1.97      1.97      1.97      1.94         1.94
  18105                       1.94      1.94      1.95      0.01         0.02
  18107                       1.94      1.95      1.95      0.01         0.04
  18112                       0.01      1.90      0.01      2.01         0.01
  18117                       1.94      1.95      1.94      1.98         1.94
  18119                       1.97      1.97      1.97      0.04         0.03
  18120                       1.96      1.97      1.96      0.10         0.07
  18121                       1.95      1.95      1.95      1.97         1.95
  18122                       1.95      1.95      1.95      1.97         1.11
  18123                       1.95      1.95      1.95      0.04         0.06
  18124                       1.95      1.95      1.95      0.01         0.01
  18125                       1.95      1.95      1.95      0.01         0.01
  18126                       1.95      1.95      1.95      1.89         1.89
  18127                       1.96      1.96      1.97      0.03         0.06
  18128                       1.97      1.97      1.97      1.96         1.95
  18129                       1.97      1.97      1.97      1.97         1.95
  18130                       1.96      1.97      1.96      0.09         0.08
  18131                       1.95      1.96      1.95      0.10         0.07
  18132                       1.95      1.95      1.96      1.93         1.52
  20767                       0.01      1.92      0.01      1.93         0.01
  20776                       1.96      1.96      1.96      1.97         1.95
  20777                       1.95      1.95      1.96      0.06         0.08
  20778                       1.96      1.96      1.96      1.93         1.79
  20779                       1.96      1.96      1.96      1.95         1.93
  20780                       1.95      1.96      1.95      1.99         1.95
  20781                       1.96      1.97      1.96      1.99         1.93
  20782                       1.94      1.94      1.96      0.01         0.01
  20783                       1.93      1.93      1.94      0.01         0.01
  20784                       1.91      1.91      1.93      0.01         0.01
  20785                       1.90      1.90      1.91      0.01         0.01
  20786                       1.86      1.86      1.86      1.88         1.86
  20787                       1.92      1.92      1.93      1.88         1.85
  20788                       1.90      1.90      1.92      0.01         0.01
  20790                       1.73      1.73      1.86      0.01         0.01
  20793                       0.01      0.01      1.73      0.01         0.01
  20795                       1.84      1.84      1.85      0.01         0.01
  20798                       1.85      1.85      1.86      0.01         0.01
  20799                       1.86      1.86      1.88      0.01         0.01
  20800                       1.88      1.88      1.89      0.01         0.59
  20801                       1.83      1.83      1.85      0.01         0.01
  20802                       1.82      1.82      1.83      0.01         0.01
  20803                       1.86      1.89      1.86      1.95         1.86
  20804                       1.89      1.89      1.90      1.86         1.86
  20805                       0.01      1.86      0.01      1.96         0.01
  20806                       1.89      1.90      1.89      1.94         1.89
  20810                       1.88      1.88      1.89      0.01         0.01
  20811                       0.01      0.01      1.88      0.01         0.01
  20813                       0.01      0.01      0.01      1.98         0.01
  20822                       1.97      1.98      1.97      0.13         0.10
  20823                       1.97      1.97      1.98      0.01         0.01
  20824                       1.95      1.95      1.97      0.01         0.01
  20825                       1.93      1.93      1.95      0.01         0.01
  20826                       1.92      1.92      1.93      0.01         0.01
  20827                       1.97      1.97      1.97      0.04         0.04
  20828                       1.96      1.96      1.97      1.88         1.89
  20829                       1.96      1.96      1.96      0.01         0.74
  20830                       1.94      1.94      1.96      0.01         0.01
  20831                       1.95      1.95      1.96      0.01         0.01
  20832                       1.94      1.94      1.95      0.01         0.01
  20833                       1.93      1.93      1.94      0.01         0.01
  20834                       1.94      1.94      1.94      0.01         0.01
  20835                       1.87      1.87      1.90      0.01         0.01
  20836                       1.82      1.82      1.87      0.01         0.01
  20838                       1.80      1.80      1.82      0.01         0.01
  20870                       1.93      1.93      1.94      0.01         0.01
  20871                       1.92      1.92      1.93      0.01         0.01
  20872                       1.91      1.91      1.92      0.01         0.01
  20879                       1.88      1.88      1.88      0.01         0.01
  20880                       1.88      1.88      1.89      0.01         0.01
  20881                       1.89      1.89      1.92      0.01         0.01
  20882                       1.92      1.92      1.93      0.01         0.01
  20886                       1.93      1.93      1.95      0.01         0.01
  20888                       1.95      1.95      1.95      1.96         1.93
  20892                       1.94      1.95      1.94      1.98         1.93
  20897                       0.01      0.01      0.01      1.90         0.01
  20898                       0.01      1.87      0.01      1.94         0.01
  20899                       1.87      1.88      1.87      1.93         1.86
  20900                       0.01      0.01      1.88      0.01         0.01
  20901                       0.01      1.86      0.01      1.90         0.01
  20902                       1.86      1.87      1.86      1.91         1.86
  20914                       0.01      1.73      0.01      1.94         0.01
  20915                       1.73      1.86      1.73      1.94         1.73
  20916                       1.86      1.87      1.86      1.92         1.86
  20917                       1.84      1.84      1.87      0.01         0.01
  20918                       1.78      1.78      1.84      0.01         0.01
  20919                       1.72      1.72      1.78      0.01         0.01
  20920                       0.01      0.01      1.72      0.01         0.01
  20922                       1.93      1.94      1.93      1.99         1.93
  20923                       1.92      1.93      1.92      2.00         1.92
  20924                       1.90      1.92      1.90      2.01         1.90
  20925                       1.87      1.90      1.87      2.01         1.87
  20926                       1.87      1.87      1.87      1.90         1.86
  20927                       1.86      1.87      1.86      2.01         1.86
  20928                       1.87      1.87      1.87      1.87         1.86
  20929                       1.87      1.87      1.87      0.01         0.61
  20930                       1.86      1.86      1.87      0.01         0.01
  21139                       1.95      1.95      1.95      0.03         0.19
  21140                       1.95      1.95      1.95      0.07         0.75
  21141                       1.89      1.89      1.95      0.01         0.01
  21143                       1.90      1.94      1.90      2.00         1.90
  21144                       1.94      1.95      1.94      2.00         1.94
  21145                       1.95      1.95      1.95      0.01         0.02
  21147                       1.93      1.93      1.95      0.01         0.01
  21148                       1.91      1.91      1.93      0.01         0.01
  21152                       0.01      0.01      0.01      0.01         0.01
  21159                       1.94      1.94      1.95      0.01         0.46
  21165                       1.94      1.94      1.94      0.01         0.02
  21166                       1.95      1.95      1.95      1.91         1.91
  21167                       1.95      1.95      1.95      1.91         1.87
  21168                       1.93      1.93      1.94      0.01         0.01
  21169                       1.95      1.95      1.96      0.01         0.01
  21170                       1.95      1.95      1.95      1.89         1.03
  21171                       0.01      0.01      1.93      0.01         0.01
  21172                       1.95      1.95      1.95      1.98         1.94
  21173                       1.93      1.93      1.93      0.01         0.01
  21174                       1.94      1.94      1.95      0.01         0.01
  21175                       1.93      1.93      1.94      0.01         0.01
  21176                       1.91      1.91      1.93      0.01         0.01
  21177                       1.96      1.96      1.96      1.94         1.93
  21178                       1.96      1.96      1.97      1.95         1.93
  21179                       1.93      1.97      1.93      2.08         1.93
  21180                       1.96      1.96      1.97      0.01         0.01
  21181                       1.96      1.96      2.00      0.01         0.01
  21182                       1.96      1.97      1.97      2.06         1.96
  21183                       1.94      1.94      1.96      0.01         0.01
  21184                       1.94      1.94      1.97      0.01         0.01
  21186                       0.01      1.93      0.01      2.08         0.01
  21201                       1.87      1.87      1.91      0.01         0.01
  21218                       1.93      1.93      1.94      0.01         0.01
  21219                       1.95      1.95      1.97      0.01         0.01
  21220                       1.93      1.93      1.95      0.01         0.01
  21221                       1.92      1.92      1.93      0.01         0.01
  21225                       1.93      1.93      1.94      0.01         0.01
  21253                       1.88      1.89      1.88      1.95         1.88
  21254                       1.89      1.89      1.89      1.87         1.85
  21255                       1.85      1.85      1.89      0.01         0.01
  21256                       1.89      1.89      1.89      1.91         1.86
  21259                       1.80      1.80      1.85      0.01         0.01
  21260                       0.01      0.01      1.80      0.01         0.01
  21266                       0.01      0.01      1.90      0.01         0.01
  21271                       1.76      1.94      1.76      1.96         1.76
  21272                       1.90      1.90      1.94      0.01         0.01
  21274                       1.94      1.94      1.94      1.90         1.89
  21275                       1.93      1.93      1.94      0.01         0.11
  21281                       0.01      0.01      0.01      1.89         0.01
  21284                       1.84      1.84      1.86      0.01         0.01
  21301                       1.87      1.87      1.89      0.01         0.01
  21302                       0.01      0.01      0.01      1.95         0.01
  21303                       1.86      1.86      1.87      0.01         0.01
  21305                       0.01      0.01      0.01      1.88         0.01
  21315                       1.91      1.91      1.93      0.01         0.01
  21316                       1.87      1.87      1.91      0.01         0.01
  21317                       1.84      1.84      1.87      0.01         0.01
  21322                       0.01      0.01      1.84      0.01         0.01
  21329                       0.01      0.01      0.01      1.90         0.01
  21330                       0.01      0.01      0.01      1.92         0.01
  21331                       0.01      0.01      0.01      1.97         0.01
  21333                       1.86      1.86      1.88      0.01         0.01
  21335                       1.88      1.88      1.88      0.01         0.02
  21336                       0.01      0.01      1.88      0.01         0.01
  21337                       1.87      1.88      1.87      1.95         1.87
  21338                       0.01      1.87      0.01      1.96         0.01
  12599                       1.93      1.93      1.95      2.00         0.01
  12600                       0.01      0.01      1.93      2.01         0.01
  12602                       0.01      1.93      0.01      1.94         0.01
  14297                       0.01      0.01      0.01      0.68         0.01
  14299                       0.01      0.01      0.01      2.03         0.01
  14301                       0.01      0.01      0.01      1.92         0.01
  14304                       0.01      0.01      0.01      2.02         0.01
  14311                       0.01      0.01      0.01      1.94         0.01
  14312                       0.01      0.01      0.01      1.92         0.01
  14313                       0.01      0.01      0.01      1.84         0.01
  14346                       0.01      0.01      0.01      2.01         0.01
  14349                       0.01      0.01      0.01      1.93         0.01
  14358                       0.01      0.01      0.01      1.94         0.01
  14360                       0.01      0.01      0.01      2.00         0.01
  14499                       0.01      0.05      0.01      1.95         0.01
  14500                       0.05      1.17      0.05      1.94         0.03
  14501                       0.01      0.01      0.01      1.92         0.01
  14510                       0.01      0.01      0.01      1.91         0.01
  14519                       0.01      1.92      0.01      1.98         0.01
  14521                       1.92      1.94      1.92      1.97         1.92
  14528                       0.01      0.13      0.01      1.94         0.01
  14529                       0.12      1.12      0.12      1.93         0.06
  14530                       0.93      1.13      1.12      0.37         0.46
  14531                       0.05      0.05      1.13      0.01         0.01
  14532                       0.01      0.01      0.05      0.01         0.01
  14533                       0.03      0.03      1.80      0.01         0.01
  14534                       1.79      1.80      1.85      0.01         0.01
  14535                       1.85      1.85      1.86      0.01         0.01
  14536                       1.86      1.86      1.87      0.01         0.01
  14539                       0.01      0.01      0.01      1.86         0.01
  14540                       1.15      1.88      1.15      1.94         1.13
  14541                       1.88      1.90      1.88      1.94         1.86
  14542                       1.89      1.90      1.90      1.91         1.86
  14544                       1.89      1.89      1.90      1.77         1.35
  14545                       1.87      1.87      1.88      0.01         0.02
  14546                       1.88      1.88      1.89      0.01         0.01
  14549                       0.01      1.93      0.01      1.95         0.01
  14550                       1.93      1.94      1.93      1.96         1.92
  14551                       1.93      1.93      1.94      0.01         0.01
  14552                       1.92      1.92      1.93      0.01         0.01
  14588                       0.01      1.91      0.01      1.95         0.01
  14638                       0.01      0.01      0.01      1.96         0.01
  14644                       0.01      1.91      0.01      1.94         0.01
  14645                       1.90      1.90      1.91      0.01         0.01
  14647                       1.90      1.90      1.91      0.01         0.93
  14649                       0.01      1.95      0.01      1.99         0.01
  14653                       1.92      1.92      1.93      1.88         0.02
  14655                       1.81      1.81      1.85      0.01         0.01
  14658                       1.93      1.93      1.95      0.01         0.01
  14660                       1.95      1.95      1.95      0.05         0.03
  14661                       1.97      1.97      1.98      0.01         0.01
  14668                       1.93      1.93      1.94      0.01         0.01
  14670                       1.94      1.94      1.96      1.93         1.92
  14672                       1.95      1.95      1.95      1.97         1.95
  14673                       0.01      1.92      0.01      1.95         0.01
  14692                       1.97      1.98      1.97      1.98         1.95
  14694                       1.96      1.97      1.96      1.99         1.68
  14695                       0.01      1.85      0.01      1.93         0.01
  14696                       1.96      1.96      1.97      1.92         1.72
  14697                       1.97      1.97      1.97      1.94         1.83
  14698                       1.97      1.97      1.98      1.96         1.87
  14699                       1.96      1.99      1.96      2.00         1.93
  14700                       0.01      0.01      0.01      1.84         0.01
  14701                       1.61      1.89      1.61      1.90         1.46
  14703                       1.91      1.96      1.91      1.96         1.91
  14704                       1.95      1.95      1.96      1.93         1.93
  14705                       0.01      0.53      0.01      1.97         0.01
  14708                       0.01      0.01      0.01      1.91         0.01
  14709                       1.93      1.94      1.94      1.96         1.93
  14710                       1.93      1.94      1.93      1.98         1.93
  14711                       1.86      1.90      1.86      1.97         1.86
  14712                       1.91      1.91      1.93      0.01         0.01
  14713                       1.90      1.90      1.91      0.01         0.01
  14714                       1.93      1.93      1.95      0.01         0.01
  14715                       1.88      1.88      1.90      1.88         1.26
  14716                       1.86      1.86      1.90      0.01         0.01
  14717                       1.90      1.90      1.90      1.92         1.90
  14718                       1.90      1.90      1.90      1.92         1.90
  14725                       0.01      1.93      0.01      1.94         0.01
  14744                       1.95      1.98      1.95      1.99         1.95
  14745                       1.98      1.98      1.98      1.99         1.98
  14748                       1.98      1.98      1.98      0.03         0.03
  14750                       1.97      1.97      1.98      0.01         0.01
  14754                       1.93      1.93      1.96      0.01         0.01
  14755                       1.97      1.97      1.98      0.01         0.01
  14756                       1.97      1.97      1.98      0.01         0.01
  14757                       1.98      1.98      1.98      1.98         1.98
  14758                       1.95      1.98      1.95      1.99         1.95
  14765                       0.01      1.95      0.01      1.99         0.01
  14766                       1.95      1.95      1.95      1.96         1.95
  14768                       0.01      1.92      0.01      1.96         0.01
  14772                       0.01      0.01      1.92      0.01         0.01
  14806                       0.01      1.90      0.01      1.94         0.01
  14807                       0.01      0.01      1.93      0.01         0.01
  14808                       0.01      1.93      0.01      1.97         0.01
  14809                       1.93      1.93      1.93      1.94         1.93
  14810                       1.93      1.93      1.93      1.92         1.92
  14812                       0.01      0.01      1.93      0.01         0.01
  14813                       0.01      0.01      1.93      0.01         0.01
  14814                       1.93      1.94      1.93      1.95         1.93
  14815                       0.01      0.01      0.01      1.94         0.01
  14820                       0.01      1.89      0.01      1.92         0.01
  14851                       1.91      1.91      1.92      0.02         0.01
  14852                       0.01      0.01      0.01      1.87         0.01
  14854                       1.93      1.97      1.93      1.98         1.93
  14856                       1.97      1.97      1.97      1.97         1.96
  14859                       1.96      1.96      1.97      0.02         0.03
  14860                       1.94      1.94      1.96      0.01         0.01
  14861                       1.94      1.96      1.94      1.98         1.94
  14862                       0.01      0.01      1.89      0.01         0.01
  14863                       1.94      1.94      1.96      0.01         0.01
  14865                       0.01      0.01      0.01      1.92         0.01
  14910                       0.01      0.01      0.01      1.89         0.01
  14911                       0.01      0.01      0.01      2.08         0.01
  14916                       0.01      0.01      0.01      0.01         0.01
  14917                       0.01      0.01      0.01      2.05         0.01
  14918                       0.01      0.01      0.25      0.01         0.01
  14951                       0.01      0.47      0.01      2.07         0.01
  14952                       0.25      0.25      1.40      0.01         0.12
  14953                       0.47      1.40      0.47      1.85         0.26
  14954                       0.01      0.01      1.40      0.01         0.01
  14956                       0.01      0.01      1.60      0.01         0.01
  14979                       1.93      1.93      1.95      0.01         0.01
  14980                       1.95      1.95      1.96      1.92         1.92
  14990                       1.93      1.96      1.93      1.98         1.93
  14991                       1.91      1.94      1.91      1.98         1.91
  14992                       1.91      1.91      1.91      1.91         1.91
  14995                       0.01      1.93      0.01      1.94         0.01
  14996                       1.93      1.93      1.93      1.94         1.93
  14998                       1.93      1.93      1.93      0.01         0.13
  14999                       0.01      1.91      0.01      1.94         0.01
  15000                       1.90      1.90      1.93      0.01         0.01
  15001                       1.91      1.91      1.91      1.92         1.91
  15003                       1.91      1.93      1.91      1.98         1.91
  15004                       0.01      0.01      1.90      0.01         0.01
  15012                       1.93      1.94      1.93      1.98         1.93
  15014                       1.93      1.93      1.94      0.01         0.01
  15015                       1.89      1.89      1.93      0.01         0.01
  15025                       1.97      1.98      1.97      1.99         1.97
  15026                       1.96      1.96      1.98      0.01         0.01
  15047                       1.94      1.97      1.94      2.01         1.94
  15048                       1.92      1.94      1.92      1.97         1.92
  15053                       0.01      0.01      0.01      0.01         0.01
  15106                       0.01      1.95      0.01      1.97         0.01
  15107                       1.93      1.93      1.95      1.92         1.91
  15114                       1.88      1.88      1.92      0.01         0.01
  15117                       1.96      1.96      1.97      0.01         0.01
  15121                       1.92      1.92      1.94      1.92         1.92
  15122                       1.91      1.94      1.91      1.95         1.91
  15124                       1.94      1.94      1.96      0.01         0.01
  15127                       0.01      0.01      0.01      1.90         0.01
  15130                       1.93      1.97      1.93      1.98         1.93
  15132                       1.97      1.97      1.97      1.97         1.97
  15134                       1.96      1.96      1.97      1.94         1.93
  15135                       0.01      0.01      0.01      1.92         0.01
  15136                       1.95      1.95      1.96      0.01         0.01
  15137                       1.92      1.96      1.92      2.00         1.92
  15153                       1.96      1.96      1.97      0.01         0.01
  15154                       1.97      1.97      1.97      0.03         0.02
  15155                       1.97      1.97      1.97      1.98         1.97
  15156                       0.01      1.97      0.01      1.99         0.01
  15157                       1.94      1.94      1.94      1.94         1.93
  15162                       0.01      1.94      0.01      1.98         0.01
  15169                       1.97      1.97      1.97      1.96         1.96
  15170                       1.91      1.94      1.91      1.96         1.91
  15173                       1.93      1.97      1.93      1.98         1.93
  15174                       0.01      0.01      1.94      0.01         0.01
  15185                       0.01      1.90      0.01      1.96         0.01
  15194                       1.96      1.96      1.96      1.98         1.95
  15195                       0.01      1.94      0.01      1.97         0.01
  15196                       1.93      1.94      1.94      1.94         1.93
  15220                       0.01      1.92      0.01      1.95         0.01
  15228                       1.90      1.92      1.90      1.95         1.90
  15229                       1.92      1.94      1.92      1.95         1.92
  15230                       1.94      1.94      1.94      1.95         1.94
  15234                       1.94      1.94      1.94      1.92         1.91
  15236                       1.93      1.93      1.94      0.01         0.43
  15237                       1.92      1.92      1.93      0.01         0.14
  15239                       1.92      1.94      1.92      1.97         1.92
  15240                       1.94      1.94      1.94      0.01         0.01
  15242                       1.91      1.91      1.94      0.01         0.01
  15243                       1.88      1.88      1.91      0.01         0.01
  15244                       1.94      1.97      1.94      1.99         1.94
  15245                       1.95      1.95      1.97      1.92         1.92
  15246                       1.96      1.96      1.97      1.94         1.93
  15283                       0.01      1.91      0.01      1.95         0.01
  15285                       1.91      1.91      1.91      1.93         1.91
  15286                       0.01      0.01      1.91      0.01         0.01
  15288                       1.93      1.93      1.94      1.91         1.90
  15289                       0.01      1.94      0.01      1.96         0.01
  15291                       0.01      0.01      0.01      1.89         0.01
  15295                       0.01      0.01      0.01      1.88         0.01
  

  Analysis begun on:  Wed Sep  9 00:12:37 2026
  Analysis ended on:  Wed Sep  9 00:13:56 2026
  Total elapsed time: 00:01:19