
  EPA STORM WATER MANAGEMENT MODEL - VERSION 5.2 (Build 5.2.4)
  PYSWMM TOOLKIT API - VERSION v1.0 (2026-02-26)
  ------------------------------------------------------------

  floodnet SWMM cross-check export: scenario=heavy routing=DYNWAVE horizon=180 min 
  Network geometry (inverts, shapes, sizes, lengths) = REAL (MCGM). Manning n, node storage area = ESTIMATED. 
  SUBCATCHMENTS / SUBAREAS / INFILTRATION parameters are ESTIMATED placeholders (uniform per junction), NOT calibrated. 
  WARNING 04: minimum elevation drop used for Conduit 17784
  WARNING 04: minimum elevation drop used for Conduit 18033
  WARNING 05: minimum slope used for Conduit 18033
  WARNING 04: minimum elevation drop used for Conduit 14299
  WARNING 05: minimum slope used for Conduit 14299
  WARNING 04: minimum elevation drop used for Conduit 14304
  WARNING 05: minimum slope used for Conduit 14304
  WARNING 04: minimum elevation drop used for Conduit 14346
  WARNING 05: minimum slope used for Conduit 14346
  WARNING 04: minimum elevation drop used for Conduit 14349
  WARNING 04: minimum elevation drop used for Conduit 14360
  WARNING 05: minimum slope used for Conduit 14360
  WARNING 04: minimum elevation drop used for Conduit 2171049803_COLLECT
  WARNING 04: minimum elevation drop used for Conduit 2172038505_COLLECT
  WARNING 04: minimum elevation drop used for Conduit 2172038509_COLLECT
  WARNING 04: minimum elevation drop used for Conduit 2172039202_COLLECT
  WARNING 04: minimum elevation drop used for Conduit 2172039304_COLLECT
  WARNING 04: minimum elevation drop used for Conduit 2172043605_COLLECT
  WARNING 04: minimum elevation drop used for Conduit 2172043606_COLLECT
  WARNING 04: minimum elevation drop used for Conduit 2172043905_COLLECT
  WARNING 04: minimum elevation drop used for Conduit 2172044706_COLLECT
  WARNING 04: minimum elevation drop used for Conduit 2172045701_COLLECT
  WARNING 04: minimum elevation drop used for Conduit 2172052105_COLLECT
  WARNING 04: minimum elevation drop used for Conduit 2172056405_COLLECT
  WARNING 04: minimum elevation drop used for Conduit 2172057101_COLLECT
  WARNING 04: minimum elevation drop used for Conduit 2172057309_COLLECT
  WARNING 04: minimum elevation drop used for Conduit 2172059301_COLLECT
  WARNING 04: minimum elevation drop used for Conduit 2173031302_COLLECT
  WARNING 04: minimum elevation drop used for Conduit 2173031402_COLLECT
  WARNING 04: minimum elevation drop used for Conduit 2173033601_COLLECT
  WARNING 04: minimum elevation drop used for Conduit 2173035301_COLLECT
  WARNING 04: minimum elevation drop used for Conduit 2173047701_COLLECT
  WARNING 04: minimum elevation drop used for Conduit 2173048204_COLLECT
  WARNING 04: minimum elevation drop used for Conduit 2173059104_COLLECT
  WARNING 04: minimum elevation drop used for Conduit 2174041502_COLLECT
  WARNING 04: minimum elevation drop used for Conduit 2174041801_COLLECT
  WARNING 04: minimum elevation drop used for Conduit 2174042901_COLLECT
  WARNING 04: minimum elevation drop used for Conduit 2174052402_COLLECT
  WARNING 04: minimum elevation drop used for Conduit 2174053507_COLLECT
  WARNING 02: maximum depth increased for Node 2171049803
  WARNING 02: maximum depth increased for Node 2172038505
  WARNING 02: maximum depth increased for Node 2172038509
  WARNING 02: maximum depth increased for Node 2172039202
  WARNING 02: maximum depth increased for Node 2172039304
  WARNING 02: maximum depth increased for Node 2172043605
  WARNING 02: maximum depth increased for Node 2172043606
  WARNING 02: maximum depth increased for Node 2172043905
  WARNING 02: maximum depth increased for Node 2172044706
  WARNING 02: maximum depth increased for Node 2172045701
  WARNING 02: maximum depth increased for Node 2172052105
  WARNING 02: maximum depth increased for Node 2172056405
  WARNING 02: maximum depth increased for Node 2172057101
  WARNING 02: maximum depth increased for Node 2172057309
  WARNING 02: maximum depth increased for Node 2172059301
  WARNING 02: maximum depth increased for Node 2173031302
  WARNING 02: maximum depth increased for Node 2173031402
  WARNING 02: maximum depth increased for Node 2173033601
  WARNING 02: maximum depth increased for Node 2173035301
  WARNING 02: maximum depth increased for Node 2173041502
  WARNING 02: maximum depth increased for Node 2173042601
  WARNING 02: maximum depth increased for Node 2173043901
  WARNING 02: maximum depth increased for Node 2173043902
  WARNING 02: maximum depth increased for Node 2173047701
  WARNING 02: maximum depth increased for Node 2173048204
  WARNING 02: maximum depth increased for Node 2173054101
  WARNING 02: maximum depth increased for Node 2173054201
  WARNING 02: maximum depth increased for Node 2173055604
  WARNING 02: maximum depth increased for Node 2173059104
  WARNING 02: maximum depth increased for Node 2174041502
  WARNING 02: maximum depth increased for Node 2174041801
  WARNING 02: maximum depth increased for Node 2174042901
  WARNING 02: maximum depth increased for Node 2174052402
  WARNING 02: maximum depth increased for Node 2174053507
  
  ****************
  Analysis Options
  ****************
  Flow Units ............... CMS
  Process Models:
    Rainfall/Runoff ........ YES
    RDII ................... NO
    Snowmelt ............... NO
    Groundwater ............ NO
    Flow Routing ........... YES
    Ponding Allowed ........ NO
    Water Quality .......... NO
  Infiltration Method ...... HORTON
  Flow Routing Method ...... DYNWAVE
  Surcharge Method ......... EXTRAN
  Starting Date ............ 01/01/2026 00:00:00
  Ending Date .............. 01/01/2026 03:00:00
  Antecedent Dry Days ...... 0.0
  Report Time Step ......... 00:05:00
  Wet Time Step ............ 00:05:00
  Dry Time Step ............ 00:05:00
  Routing Time Step ........ 5.00 sec
  Variable Time Step ....... YES
  Maximum Trials ........... 8
  Number of Threads ........ 1
  Head Tolerance ........... 0.001500 m
  
  
  **************************        Volume         Depth
  Runoff Quantity Continuity     hectare-m            mm
  **************************     ---------       -------
  Total Precipitation ......        62.220       100.000
  Evaporation Loss .........         0.000         0.000
  Infiltration Loss ........         2.427         3.901
  Surface Runoff ...........        59.862        96.211
  Final Storage ............         0.160         0.258
  Continuity Error (%) .....        -0.370
  
  
  **************************        Volume        Volume
  Flow Routing Continuity        hectare-m      10^6 ltr
  **************************     ---------     ---------
  Dry Weather Inflow .......         0.000         0.000
  Wet Weather Inflow .......        59.854       598.550
  Groundwater Inflow .......         0.000         0.000
  RDII Inflow ..............         0.000         0.000
  External Inflow ..........         0.000         0.000
  External Outflow .........        56.417       564.174
  Flooding Loss ............         3.265        32.648
  Evaporation Loss .........         0.000         0.000
  Exfiltration Loss ........         0.000         0.000
  Initial Stored Volume ....         0.000         0.001
  Final Stored Volume ......         0.178         1.780
  Continuity Error (%) .....        -0.009
  
  
  *************************
  Highest Continuity Errors
  *************************
  Node 2173041502 (1.29%)
  Node 2173045901 (1.23%)
  Node 2173041601 (1.09%)
  
  
  ***************************
  Time-Step Critical Elements
  ***************************
  Link 2173048204_COLLECT (89.12%)
  Link 2174042901_COLLECT (2.92%)
  Link 2172038509_COLLECT (1.65%)
  Link 2172043905_COLLECT (1.27%)
  Link 18005 (1.07%)
  
  
  ********************************
  Highest Flow Instability Indexes
  ********************************
  Link 20832 (91)
  Link 18098 (91)
  Link 15196 (70)
  Link 15195 (68)
  Link 12600 (65)
  
  
  *********************************
  Most Frequent Nonconverging Nodes
  *********************************
  Node 2171039205 (66.46%)
  Node 2171039208 (66.46%)
  Node 2171039210 (66.46%)
  Node 2171039211 (66.46%)
  Node 2172030502 (66.46%)
  
  
  *************************
  Routing Time Step Summary
  *************************
  Minimum Time Step           :     0.22 sec
  Average Time Step           :     0.50 sec
  Maximum Time Step           :     5.00 sec
  % of Time in Steady State   :     0.00
  Average Iterations per Step :     6.09
  % of Steps Not Converging   :    66.46
  Time Step Frequencies       :
      5.000 -  3.155 sec      :     0.01 %
      3.155 -  1.991 sec      :     0.00 %
      1.991 -  1.256 sec      :     0.00 %
      1.256 -  0.792 sec      :     0.09 %
      0.792 -  0.500 sec      :    99.90 %
  
  
  ***************************
  Subcatchment Runoff Summary
  ***************************
  
  ------------------------------------------------------------------------------------------------------------------------------
                            Total      Total      Total      Total     Imperv       Perv      Total       Total     Peak  Runoff
                           Precip      Runon       Evap      Infil     Runoff     Runoff     Runoff      Runoff   Runoff   Coeff
  Subcatchment                 mm         mm         mm         mm         mm         mm         mm    10^6 ltr      CMS
  ------------------------------------------------------------------------------------------------------------------------------
  S_2171039212             100.00       0.00       0.00       3.90      85.08      11.13      96.21        0.52     0.07   0.962
  S_2171039213             100.00       0.00       0.00       3.90      85.08      11.13      96.21        0.52     0.07   0.962
  S_2171039214             100.00       0.00       0.00       3.90      85.08      11.13      96.21        0.52     0.07   0.962
  S_2171039215             100.00       0.00       0.00       3.90      85.08      11.13      96.21        0.52     0.07   0.962
  S_2171039216             100.00       0.00       0.00       3.90      85.08      11.13      96.21        0.52     0.07   0.962
  S_2171039217             100.00       0.00       0.00       3.90      85.08      11.13      96.21        0.52     0.07   0.962
  S_2171039218             100.00       0.00       0.00       3.90      85.08      11.13      96.21        0.52     0.07   0.962
  S_2171039301             100.00       0.00       0.00       3.90      85.08      11.13      96.21        0.52     0.07   0.962
  S_2171049801             100.00       0.00       0.00       3.90      85.08      11.13      96.21        0.52     0.07   0.962
  S_2171049802             100.00       0.00       0.00       3.90      85.08      11.13      96.21        0.52     0.07   0.962
  S_2171049803             100.00       0.00       0.00       3.90      85.08      11.13      96.21        0.52     0.07   0.962
  S_2171049804             100.00       0.00       0.00       3.90      85.08      11.13      96.21        0.52     0.07   0.962
  S_2172030101             100.00       0.00       0.00       3.90      85.08      11.13      96.21        0.52     0.07   0.962
  S_2172030103             100.00       0.00       0.00       3.90      85.08      11.13      96.21        0.52     0.07   0.962
  S_2172030104             100.00       0.00       0.00       3.90      85.08      11.13      96.21        0.52     0.07   0.962
  S_2172030105             100.00       0.00       0.00       3.90      85.08      11.13      96.21        0.52     0.07   0.962
  S_2172030106             100.00       0.00       0.00       3.90      85.08      11.13      96.21        0.52     0.07   0.962
  S_2172030107             100.00       0.00       0.00       3.90      85.08      11.13      96.21        0.52     0.07   0.962
  S_2172030109             100.00       0.00       0.00       3.90      85.08      11.13      96.21        0.52     0.07   0.962
  S_2172030201             100.00       0.00       0.00       3.90      85.08      11.13      96.21        0.52     0.07   0.962
  S_2172030301             100.00       0.00       0.00       3.90      85.08      11.13      96.21        0.52     0.07   0.962
  S_2172030302             100.00       0.00       0.00       3.90      85.08      11.13      96.21        0.52     0.07   0.962
  S_2172030303             100.00       0.00       0.00       3.90      85.08      11.13      96.21        0.52     0.07   0.962
  S_2172030304             100.00       0.00       0.00       3.90      85.08      11.13      96.21        0.52     0.07   0.962
  S_2172030305             100.00       0.00       0.00       3.90      85.08      11.13      96.21        0.52     0.07   0.962
  S_2172030306             100.00       0.00       0.00       3.90      85.08      11.13      96.21        0.52     0.07   0.962
  S_2172030402             100.00       0.00       0.00       3.90      85.08      11.13      96.21        0.52     0.07   0.962
  S_2172030403             100.00       0.00       0.00       3.90      85.08      11.13      96.21        0.52     0.07   0.962
  S_2172030505             100.00       0.00       0.00       3.90      85.08      11.13      96.21        0.52     0.07   0.962
  S_2172030506             100.00       0.00       0.00       3.90      85.08      11.13      96.21        0.52     0.07   0.962
  S_2172030601             100.00       0.00       0.00       3.90      85.08      11.13      96.21        0.52     0.07   0.962
  S_2172030903             100.00       0.00       0.00       3.90      85.08      11.13      96.21        0.52     0.07   0.962
  S_2172031301             100.00       0.00       0.00       3.90      85.08      11.13      96.21        0.52     0.07   0.962
  S_2172031302             100.00       0.00       0.00       3.90      85.08      11.13      96.21        0.52     0.07   0.962
  S_2172031401             100.00       0.00       0.00       3.90      85.08      11.13      96.21        0.52     0.07   0.962
  S_2172031402             100.00       0.00       0.00       3.90      85.08      11.13      96.21        0.52     0.07   0.962
  S_2172031403             100.00       0.00       0.00       3.90      85.08      11.13      96.21        0.52     0.07   0.962
  S_2172031404             100.00       0.00       0.00       3.90      85.08      11.13      96.21        0.52     0.07   0.962
  S_2172031405             100.00       0.00       0.00       3.90      85.08      11.13      96.21        0.52     0.07   0.962
  S_2172031406             100.00       0.00       0.00       3.90      85.08      11.13      96.21        0.52     0.07   0.962
  S_2172031407             100.00       0.00       0.00       3.90      85.08      11.13      96.21        0.52     0.07   0.962
  S_2172031408             100.00       0.00       0.00       3.90      85.08      11.13      96.21        0.52     0.07   0.962
  S_2172031409             100.00       0.00       0.00       3.90      85.08      11.13      96.21        0.52     0.07   0.962
  S_2172031503             100.00       0.00       0.00       3.90      85.08      11.13      96.21        0.52     0.07   0.962
  S_2172031505             100.00       0.00       0.00       3.90      85.08      11.13      96.21        0.52     0.07   0.962
  S_2172031506             100.00       0.00       0.00       3.90      85.08      11.13      96.21        0.52     0.07   0.962
  S_2172031601             100.00       0.00       0.00       3.90      85.08      11.13      96.21        0.52     0.07   0.962
  S_2172031602             100.00       0.00       0.00       3.90      85.08      11.13      96.21        0.52     0.07   0.962
  S_2172031604             100.00       0.00       0.00       3.90      85.08      11.13      96.21        0.52     0.07   0.962
  S_2172031605             100.00       0.00       0.00       3.90      85.08      11.13      96.21        0.52     0.07   0.962
  S_2172031801             100.00       0.00       0.00       3.90      85.08      11.13      96.21        0.52     0.07   0.962
  S_2172031802             100.00       0.00       0.00       3.90      85.08      11.13      96.21        0.52     0.07   0.962
  S_2172031901             100.00       0.00       0.00       3.90      85.08      11.13      96.21        0.52     0.07   0.962
  S_2172031902             100.00       0.00       0.00       3.90      85.08      11.13      96.21        0.52     0.07   0.962
  S_2172032301             100.00       0.00       0.00       3.90      85.08      11.13      96.21        0.52     0.07   0.962
  S_2172032302             100.00       0.00       0.00       3.90      85.08      11.13      96.21        0.52     0.07   0.962
  S_2172032303             100.00       0.00       0.00       3.90      85.08      11.13      96.21        0.52     0.07   0.962
  S_2172032501             100.00       0.00       0.00       3.90      85.08      11.13      96.21        0.52     0.07   0.962
  S_2172032502             100.00       0.00       0.00       3.90      85.08      11.13      96.21        0.52     0.07   0.962
  S_2172032503             100.00       0.00       0.00       3.90      85.08      11.13      96.21        0.52     0.07   0.962
  S_2172032504             100.00       0.00       0.00       3.90      85.08      11.13      96.21        0.52     0.07   0.962
  S_2172032601             100.00       0.00       0.00       3.90      85.08      11.13      96.21        0.52     0.07   0.962
  S_2172032602             100.00       0.00       0.00       3.90      85.08      11.13      96.21        0.52     0.07   0.962
  S_2172032603             100.00       0.00       0.00       3.90      85.08      11.13      96.21        0.52     0.07   0.962
  S_2172032604             100.00       0.00       0.00       3.90      85.08      11.13      96.21        0.52     0.07   0.962
  S_2172032605             100.00       0.00       0.00       3.90      85.08      11.13      96.21        0.52     0.07   0.962
  S_2172032606             100.00       0.00       0.00       3.90      85.08      11.13      96.21        0.52     0.07   0.962
  S_2172032701             100.00       0.00       0.00       3.90      85.08      11.13      96.21        0.52     0.07   0.962
  S_2172032702             100.00       0.00       0.00       3.90      85.08      11.13      96.21        0.52     0.07   0.962
  S_2172032703             100.00       0.00       0.00       3.90      85.08      11.13      96.21        0.52     0.07   0.962
  S_2172032704             100.00       0.00       0.00       3.90      85.08      11.13      96.21        0.52     0.07   0.962
  S_2172032705             100.00       0.00       0.00       3.90      85.08      11.13      96.21        0.52     0.07   0.962
  S_2172032706             100.00       0.00       0.00       3.90      85.08      11.13      96.21        0.52     0.07   0.962
  S_2172032707             100.00       0.00       0.00       3.90      85.08      11.13      96.21        0.52     0.07   0.962
  S_2172032708             100.00       0.00       0.00       3.90      85.08      11.13      96.21        0.52     0.07   0.962
  S_2172032709             100.00       0.00       0.00       3.90      85.08      11.13      96.21        0.52     0.07   0.962
  S_2172032710             100.00       0.00       0.00       3.90      85.08      11.13      96.21        0.52     0.07   0.962
  S_2172032803             100.00       0.00       0.00       3.90      85.08      11.13      96.21        0.52     0.07   0.962
  S_2172033601             100.00       0.00       0.00       3.90      85.08      11.13      96.21        0.52     0.07   0.962
  S_2172033602             100.00       0.00       0.00       3.90      85.08      11.13      96.21        0.52     0.07   0.962
  S_2172033603             100.00       0.00       0.00       3.90      85.08      11.13      96.21        0.52     0.07   0.962
  S_2172033604             100.00       0.00       0.00       3.90      85.08      11.13      96.21        0.52     0.07   0.962
  S_2172033701             100.00       0.00       0.00       3.90      85.08      11.13      96.21        0.52     0.07   0.962
  S_2172033702             100.00       0.00       0.00       3.90      85.08      11.13      96.21        0.52     0.07   0.962
  S_2172033703             100.00       0.00       0.00       3.90      85.08      11.13      96.21        0.52     0.07   0.962
  S_2172033704             100.00       0.00       0.00       3.90      85.08      11.13      96.21        0.52     0.07   0.962
  S_2172033705             100.00       0.00       0.00       3.90      85.08      11.13      96.21        0.52     0.07   0.962
  S_2172033801             100.00       0.00       0.00       3.90      85.08      11.13      96.21        0.52     0.07   0.962
  S_2172034701             100.00       0.00       0.00       3.90      85.08      11.13      96.21        0.52     0.07   0.962
  S_2172034702             100.00       0.00       0.00       3.90      85.08      11.13      96.21        0.52     0.07   0.962
  S_2172034801             100.00       0.00       0.00       3.90      85.08      11.13      96.21        0.52     0.07   0.962
  S_2172034802             100.00       0.00       0.00       3.90      85.08      11.13      96.21        0.52     0.07   0.962
  S_2172034803             100.00       0.00       0.00       3.90      85.08      11.13      96.21        0.52     0.07   0.962
  S_2172034804             100.00       0.00       0.00       3.90      85.08      11.13      96.21        0.52     0.07   0.962
  S_2172034805             100.00       0.00       0.00       3.90      85.08      11.13      96.21        0.52     0.07   0.962
  S_2172034806             100.00       0.00       0.00       3.90      85.08      11.13      96.21        0.52     0.07   0.962
  S_2172035701             100.00       0.00       0.00       3.90      85.08      11.13      96.21        0.52     0.07   0.962
  S_2172035901             100.00       0.00       0.00       3.90      85.08      11.13      96.21        0.52     0.07   0.962
  S_2172035902             100.00       0.00       0.00       3.90      85.08      11.13      96.21        0.52     0.07   0.962
  S_2172035903             100.00       0.00       0.00       3.90      85.08      11.13      96.21        0.52     0.07   0.962
  S_2172035904             100.00       0.00       0.00       3.90      85.08      11.13      96.21        0.52     0.07   0.962
  S_2172035905             100.00       0.00       0.00       3.90      85.08      11.13      96.21        0.52     0.07   0.962
  S_2172035906             100.00       0.00       0.00       3.90      85.08      11.13      96.21        0.52     0.07   0.962
  S_2172036601             100.00       0.00       0.00       3.90      85.08      11.13      96.21        0.52     0.07   0.962
  S_2172036602             100.00       0.00       0.00       3.90      85.08      11.13      96.21        0.52     0.07   0.962
  S_2172036603             100.00       0.00       0.00       3.90      85.08      11.13      96.21        0.52     0.07   0.962
  S_2172037001             100.00       0.00       0.00       3.90      85.08      11.13      96.21        0.52     0.07   0.962
  S_2172037202             100.00       0.00       0.00       3.90      85.08      11.13      96.21        0.52     0.07   0.962
  S_2172037204             100.00       0.00       0.00       3.90      85.08      11.13      96.21        0.52     0.07   0.962
  S_2172037501             100.00       0.00       0.00       3.90      85.08      11.13      96.21        0.52     0.07   0.962
  S_2172037502             100.00       0.00       0.00       3.90      85.08      11.13      96.21        0.52     0.07   0.962
  S_2172037503             100.00       0.00       0.00       3.90      85.08      11.13      96.21        0.52     0.07   0.962
  S_2172037701             100.00       0.00       0.00       3.90      85.08      11.13      96.21        0.52     0.07   0.962
  S_2172038101             100.00       0.00       0.00       3.90      85.08      11.13      96.21        0.52     0.07   0.962
  S_2172038102             100.00       0.00       0.00       3.90      85.08      11.13      96.21        0.52     0.07   0.962
  S_2172038103             100.00       0.00       0.00       3.90      85.08      11.13      96.21        0.52     0.07   0.962
  S_2172038104             100.00       0.00       0.00       3.90      85.08      11.13      96.21        0.52     0.07   0.962
  S_2172038201             100.00       0.00       0.00       3.90      85.08      11.13      96.21        0.52     0.07   0.962
  S_2172038202             100.00       0.00       0.00       3.90      85.08      11.13      96.21        0.52     0.07   0.962
  S_2172038203             100.00       0.00       0.00       3.90      85.08      11.13      96.21        0.52     0.07   0.962
  S_2172038302             100.00       0.00       0.00       3.90      85.08      11.13      96.21        0.52     0.07   0.962
  S_2172038303             100.00       0.00       0.00       3.90      85.08      11.13      96.21        0.52     0.07   0.962
  S_2172038306             100.00       0.00       0.00       3.90      85.08      11.13      96.21        0.52     0.07   0.962
  S_2172038308             100.00       0.00       0.00       3.90      85.08      11.13      96.21        0.52     0.07   0.962
  S_2172038403             100.00       0.00       0.00       3.90      85.08      11.13      96.21        0.52     0.07   0.962
  S_2172038404             100.00       0.00       0.00       3.90      85.08      11.13      96.21        0.52     0.07   0.962
  S_2172038406             100.00       0.00       0.00       3.90      85.08      11.13      96.21        0.52     0.07   0.962
  S_2172038407             100.00       0.00       0.00       3.90      85.08      11.13      96.21        0.52     0.07   0.962
  S_2172038501             100.00       0.00       0.00       3.90      85.08      11.13      96.21        0.52     0.07   0.962
  S_2172038502             100.00       0.00       0.00       3.90      85.08      11.13      96.21        0.52     0.07   0.962
  S_2172038503             100.00       0.00       0.00       3.90      85.08      11.13      96.21        0.52     0.07   0.962
  S_2172038505             100.00       0.00       0.00       3.90      85.08      11.13      96.21        0.52     0.07   0.962
  S_2172038506             100.00       0.00       0.00       3.90      85.08      11.13      96.21        0.52     0.07   0.962
  S_2172038509             100.00       0.00       0.00       3.90      85.08      11.13      96.21        0.52     0.07   0.962
  S_2172038512             100.00       0.00       0.00       3.90      85.08      11.13      96.21        0.52     0.07   0.962
  S_2172038513             100.00       0.00       0.00       3.90      85.08      11.13      96.21        0.52     0.07   0.962
  S_2172038514             100.00       0.00       0.00       3.90      85.08      11.13      96.21        0.52     0.07   0.962
  S_2172038602             100.00       0.00       0.00       3.90      85.08      11.13      96.21        0.52     0.07   0.962
  S_2172038701             100.00       0.00       0.00       3.90      85.08      11.13      96.21        0.52     0.07   0.962
  S_2172038702             100.00       0.00       0.00       3.90      85.08      11.13      96.21        0.52     0.07   0.962
  S_2172038703             100.00       0.00       0.00       3.90      85.08      11.13      96.21        0.52     0.07   0.962
  S_2172038704             100.00       0.00       0.00       3.90      85.08      11.13      96.21        0.52     0.07   0.962
  S_2172039101             100.00       0.00       0.00       3.90      85.08      11.13      96.21        0.52     0.07   0.962
  S_2172039102             100.00       0.00       0.00       3.90      85.08      11.13      96.21        0.52     0.07   0.962
  S_2172039104             100.00       0.00       0.00       3.90      85.08      11.13      96.21        0.52     0.07   0.962
  S_2172039202             100.00       0.00       0.00       3.90      85.08      11.13      96.21        0.52     0.07   0.962
  S_2172039203             100.00       0.00       0.00       3.90      85.08      11.13      96.21        0.52     0.07   0.962
  S_2172039204             100.00       0.00       0.00       3.90      85.08      11.13      96.21        0.52     0.07   0.962
  S_2172039205             100.00       0.00       0.00       3.90      85.08      11.13      96.21        0.52     0.07   0.962
  S_2172039206             100.00       0.00       0.00       3.90      85.08      11.13      96.21        0.52     0.07   0.962
  S_2172039302             100.00       0.00       0.00       3.90      85.08      11.13      96.21        0.52     0.07   0.962
  S_2172039303             100.00       0.00       0.00       3.90      85.08      11.13      96.21        0.52     0.07   0.962
  S_2172039304             100.00       0.00       0.00       3.90      85.08      11.13      96.21        0.52     0.07   0.962
  S_2172039305             100.00       0.00       0.00       3.90      85.08      11.13      96.21        0.52     0.07   0.962
  S_2172039306             100.00       0.00       0.00       3.90      85.08      11.13      96.21        0.52     0.07   0.962
  S_2172039307             100.00       0.00       0.00       3.90      85.08      11.13      96.21        0.52     0.07   0.962
  S_2172039308             100.00       0.00       0.00       3.90      85.08      11.13      96.21        0.52     0.07   0.962
  S_2172039309             100.00       0.00       0.00       3.90      85.08      11.13      96.21        0.52     0.07   0.962
  S_2172039310             100.00       0.00       0.00       3.90      85.08      11.13      96.21        0.52     0.07   0.962
  S_2172039311             100.00       0.00       0.00       3.90      85.08      11.13      96.21        0.52     0.07   0.962
  S_2172039401             100.00       0.00       0.00       3.90      85.08      11.13      96.21        0.52     0.07   0.962
  S_2172039402             100.00       0.00       0.00       3.90      85.08      11.13      96.21        0.52     0.07   0.962
  S_2172039403             100.00       0.00       0.00       3.90      85.08      11.13      96.21        0.52     0.07   0.962
  S_2172039404             100.00       0.00       0.00       3.90      85.08      11.13      96.21        0.52     0.07   0.962
  S_2172039405             100.00       0.00       0.00       3.90      85.08      11.13      96.21        0.52     0.07   0.962
  S_2172039407             100.00       0.00       0.00       3.90      85.08      11.13      96.21        0.52     0.07   0.962
  S_2172039501             100.00       0.00       0.00       3.90      85.08      11.13      96.21        0.52     0.07   0.962
  S_2172039502             100.00       0.00       0.00       3.90      85.08      11.13      96.21        0.52     0.07   0.962
  S_2172039503             100.00       0.00       0.00       3.90      85.08      11.13      96.21        0.52     0.07   0.962
  S_2172039504             100.00       0.00       0.00       3.90      85.08      11.13      96.21        0.52     0.07   0.962
  S_2172039506             100.00       0.00       0.00       3.90      85.08      11.13      96.21        0.52     0.07   0.962
  S_2172039507             100.00       0.00       0.00       3.90      85.08      11.13      96.21        0.52     0.07   0.962
  S_2172039508             100.00       0.00       0.00       3.90      85.08      11.13      96.21        0.52     0.07   0.962
  S_2172039703             100.00       0.00       0.00       3.90      85.08      11.13      96.21        0.52     0.07   0.962
  S_2172039704             100.00       0.00       0.00       3.90      85.08      11.13      96.21        0.52     0.07   0.962
  S_2172039705             100.00       0.00       0.00       3.90      85.08      11.13      96.21        0.52     0.07   0.962
  S_2172039706             100.00       0.00       0.00       3.90      85.08      11.13      96.21        0.52     0.07   0.962
  S_2172040701             100.00       0.00       0.00       3.90      85.08      11.13      96.21        0.52     0.07   0.962
  S_2172040702             100.00       0.00       0.00       3.90      85.08      11.13      96.21        0.52     0.07   0.962
  S_2172040802             100.00       0.00       0.00       3.90      85.08      11.13      96.21        0.52     0.07   0.962
  S_2172041709             100.00       0.00       0.00       3.90      85.08      11.13      96.21        0.52     0.07   0.962
  S_2172041802             100.00       0.00       0.00       3.90      85.08      11.13      96.21        0.52     0.07   0.962
  S_2172041902             100.00       0.00       0.00       3.90      85.08      11.13      96.21        0.52     0.07   0.962
  S_2172041903             100.00       0.00       0.00       3.90      85.08      11.13      96.21        0.52     0.07   0.962
  S_2172041905             100.00       0.00       0.00       3.90      85.08      11.13      96.21        0.52     0.07   0.962
  S_2172041907             100.00       0.00       0.00       3.90      85.08      11.13      96.21        0.52     0.07   0.962
  S_2172042301_            100.00       0.00       0.00       3.90      85.08      11.13      96.21        0.52     0.07   0.962
  S_2172042302_            100.00       0.00       0.00       3.90      85.08      11.13      96.21        0.52     0.07   0.962
  S_2172042401_            100.00       0.00       0.00       3.90      85.08      11.13      96.21        0.52     0.07   0.962
  S_2172042402             100.00       0.00       0.00       3.90      85.08      11.13      96.21        0.52     0.07   0.962
  S_2172042403             100.00       0.00       0.00       3.90      85.08      11.13      96.21        0.52     0.07   0.962
  S_2172042604             100.00       0.00       0.00       3.90      85.08      11.13      96.21        0.52     0.07   0.962
  S_2172042605             100.00       0.00       0.00       3.90      85.08      11.13      96.21        0.52     0.07   0.962
  S_2172042701             100.00       0.00       0.00       3.90      85.08      11.13      96.21        0.52     0.07   0.962
  S_2172042702             100.00       0.00       0.00       3.90      85.08      11.13      96.21        0.52     0.07   0.962
  S_2172042802             100.00       0.00       0.00       3.90      85.08      11.13      96.21        0.52     0.07   0.962
  S_2172042901             100.00       0.00       0.00       3.90      85.08      11.13      96.21        0.52     0.07   0.962
  S_2172042902             100.00       0.00       0.00       3.90      85.08      11.13      96.21        0.52     0.07   0.962
  S_2172043301             100.00       0.00       0.00       3.90      85.08      11.13      96.21        0.52     0.07   0.962
  S_2172043401             100.00       0.00       0.00       3.90      85.08      11.13      96.21        0.52     0.07   0.962
  S_2172043401_            100.00       0.00       0.00       3.90      85.08      11.13      96.21        0.52     0.07   0.962
  S_2172043501             100.00       0.00       0.00       3.90      85.08      11.13      96.21        0.52     0.07   0.962
  S_2172043502             100.00       0.00       0.00       3.90      85.08      11.13      96.21        0.52     0.07   0.962
  S_2172043503             100.00       0.00       0.00       3.90      85.08      11.13      96.21        0.52     0.07   0.962
  S_2172043504             100.00       0.00       0.00       3.90      85.08      11.13      96.21        0.52     0.07   0.962
  S_2172043505             100.00       0.00       0.00       3.90      85.08      11.13      96.21        0.52     0.07   0.962
  S_2172043506             100.00       0.00       0.00       3.90      85.08      11.13      96.21        0.52     0.07   0.962
  S_2172043507             100.00       0.00       0.00       3.90      85.08      11.13      96.21        0.52     0.07   0.962
  S_2172043508             100.00       0.00       0.00       3.90      85.08      11.13      96.21        0.52     0.07   0.962
  S_2172043602             100.00       0.00       0.00       3.90      85.08      11.13      96.21        0.52     0.07   0.962
  S_2172043603             100.00       0.00       0.00       3.90      85.08      11.13      96.21        0.52     0.07   0.962
  S_2172043604             100.00       0.00       0.00       3.90      85.08      11.13      96.21        0.52     0.07   0.962
  S_2172043605             100.00       0.00       0.00       3.90      85.08      11.13      96.21        0.52     0.07   0.962
  S_2172043606             100.00       0.00       0.00       3.90      85.08      11.13      96.21        0.52     0.07   0.962
  S_2172043607             100.00       0.00       0.00       3.90      85.08      11.13      96.21        0.52     0.07   0.962
  S_2172043701             100.00       0.00       0.00       3.90      85.08      11.13      96.21        0.52     0.07   0.962
  S_2172043702             100.00       0.00       0.00       3.90      85.08      11.13      96.21        0.52     0.07   0.962
  S_2172043703             100.00       0.00       0.00       3.90      85.08      11.13      96.21        0.52     0.07   0.962
  S_2172043704             100.00       0.00       0.00       3.90      85.08      11.13      96.21        0.52     0.07   0.962
  S_2172043705             100.00       0.00       0.00       3.90      85.08      11.13      96.21        0.52     0.07   0.962
  S_2172043706             100.00       0.00       0.00       3.90      85.08      11.13      96.21        0.52     0.07   0.962
  S_2172043801             100.00       0.00       0.00       3.90      85.08      11.13      96.21        0.52     0.07   0.962
  S_2172043802             100.00       0.00       0.00       3.90      85.08      11.13      96.21        0.52     0.07   0.962
  S_2172043803             100.00       0.00       0.00       3.90      85.08      11.13      96.21        0.52     0.07   0.962
  S_2172043804             100.00       0.00       0.00       3.90      85.08      11.13      96.21        0.52     0.07   0.962
  S_2172043904             100.00       0.00       0.00       3.90      85.08      11.13      96.21        0.52     0.07   0.962
  S_2172043905             100.00       0.00       0.00       3.90      85.08      11.13      96.21        0.52     0.07   0.962
  S_2172043906             100.00       0.00       0.00       3.90      85.08      11.13      96.21        0.52     0.07   0.962
  S_2172043907             100.00       0.00       0.00       3.90      85.08      11.13      96.21        0.52     0.07   0.962
  S_2172044002             100.00       0.00       0.00       3.90      85.08      11.13      96.21        0.52     0.07   0.962
  S_2172044103             100.00       0.00       0.00       3.90      85.08      11.13      96.21        0.52     0.07   0.962
  S_2172044401             100.00       0.00       0.00       3.90      85.08      11.13      96.21        0.52     0.07   0.962
  S_2172044402             100.00       0.00       0.00       3.90      85.08      11.13      96.21        0.52     0.07   0.962
  S_2172044403             100.00       0.00       0.00       3.90      85.08      11.13      96.21        0.52     0.07   0.962
  S_2172044601             100.00       0.00       0.00       3.90      85.08      11.13      96.21        0.52     0.07   0.962
  S_2172044602             100.00       0.00       0.00       3.90      85.08      11.13      96.21        0.52     0.07   0.962
  S_2172044603             100.00       0.00       0.00       3.90      85.08      11.13      96.21        0.52     0.07   0.962
  S_2172044604             100.00       0.00       0.00       3.90      85.08      11.13      96.21        0.52     0.07   0.962
  S_2172044605             100.00       0.00       0.00       3.90      85.08      11.13      96.21        0.52     0.07   0.962
  S_2172044606             100.00       0.00       0.00       3.90      85.08      11.13      96.21        0.52     0.07   0.962
  S_2172044607             100.00       0.00       0.00       3.90      85.08      11.13      96.21        0.52     0.07   0.962
  S_2172044701             100.00       0.00       0.00       3.90      85.08      11.13      96.21        0.52     0.07   0.962
  S_2172044702             100.00       0.00       0.00       3.90      85.08      11.13      96.21        0.52     0.07   0.962
  S_2172044703             100.00       0.00       0.00       3.90      85.08      11.13      96.21        0.52     0.07   0.962
  S_2172044704             100.00       0.00       0.00       3.90      85.08      11.13      96.21        0.52     0.07   0.962
  S_2172044705             100.00       0.00       0.00       3.90      85.08      11.13      96.21        0.52     0.07   0.962
  S_2172044706             100.00       0.00       0.00       3.90      85.08      11.13      96.21        0.52     0.07   0.962
  S_2172044707             100.00       0.00       0.00       3.90      85.08      11.13      96.21        0.52     0.07   0.962
  S_2172044902             100.00       0.00       0.00       3.90      85.08      11.13      96.21        0.52     0.07   0.962
  S_2172044903             100.00       0.00       0.00       3.90      85.08      11.13      96.21        0.52     0.07   0.962
  S_2172044905             100.00       0.00       0.00       3.90      85.08      11.13      96.21        0.52     0.07   0.962
  S_2172044909             100.00       0.00       0.00       3.90      85.08      11.13      96.21        0.52     0.07   0.962
  S_2172044910             100.00       0.00       0.00       3.90      85.08      11.13      96.21        0.52     0.07   0.962
  S_2172045001             100.00       0.00       0.00       3.90      85.08      11.13      96.21        0.52     0.07   0.962
  S_2172045002             100.00       0.00       0.00       3.90      85.08      11.13      96.21        0.52     0.07   0.962
  S_2172045003             100.00       0.00       0.00       3.90      85.08      11.13      96.21        0.52     0.07   0.962
  S_2172045701             100.00       0.00       0.00       3.90      85.08      11.13      96.21        0.52     0.07   0.962
  S_2172045702             100.00       0.00       0.00       3.90      85.08      11.13      96.21        0.52     0.07   0.962
  S_2172045704             100.00       0.00       0.00       3.90      85.08      11.13      96.21        0.52     0.07   0.962
  S_2172045801             100.00       0.00       0.00       3.90      85.08      11.13      96.21        0.52     0.07   0.962
  S_2172045802             100.00       0.00       0.00       3.90      85.08      11.13      96.21        0.52     0.07   0.962
  S_2172045803             100.00       0.00       0.00       3.90      85.08      11.13      96.21        0.52     0.07   0.962
  S_2172045804             100.00       0.00       0.00       3.90      85.08      11.13      96.21        0.52     0.07   0.962
  S_2172045805             100.00       0.00       0.00       3.90      85.08      11.13      96.21        0.52     0.07   0.962
  S_2172045806             100.00       0.00       0.00       3.90      85.08      11.13      96.21        0.52     0.07   0.962
  S_2172045807             100.00       0.00       0.00       3.90      85.08      11.13      96.21        0.52     0.07   0.962
  S_2172045808             100.00       0.00       0.00       3.90      85.08      11.13      96.21        0.52     0.07   0.962
  S_2172045809             100.00       0.00       0.00       3.90      85.08      11.13      96.21        0.52     0.07   0.962
  S_2172045810             100.00       0.00       0.00       3.90      85.08      11.13      96.21        0.52     0.07   0.962
  S_2172045902             100.00       0.00       0.00       3.90      85.08      11.13      96.21        0.52     0.07   0.962
  S_2172045904             100.00       0.00       0.00       3.90      85.08      11.13      96.21        0.52     0.07   0.962
  S_2172045905             100.00       0.00       0.00       3.90      85.08      11.13      96.21        0.52     0.07   0.962
  S_2172046001             100.00       0.00       0.00       3.90      85.08      11.13      96.21        0.52     0.07   0.962
  S_2172046002             100.00       0.00       0.00       3.90      85.08      11.13      96.21        0.52     0.07   0.962
  S_2172046003             100.00       0.00       0.00       3.90      85.08      11.13      96.21        0.52     0.07   0.962
  S_2172046004             100.00       0.00       0.00       3.90      85.08      11.13      96.21        0.52     0.07   0.962
  S_2172046005             100.00       0.00       0.00       3.90      85.08      11.13      96.21        0.52     0.07   0.962
  S_2172046801_            100.00       0.00       0.00       3.90      85.08      11.13      96.21        0.52     0.07   0.962
  S_2172046802_            100.00       0.00       0.00       3.90      85.08      11.13      96.21        0.52     0.07   0.962
  S_2172046803_            100.00       0.00       0.00       3.90      85.08      11.13      96.21        0.52     0.07   0.962
  S_2172046804             100.00       0.00       0.00       3.90      85.08      11.13      96.21        0.52     0.07   0.962
  S_2172046805             100.00       0.00       0.00       3.90      85.08      11.13      96.21        0.52     0.07   0.962
  S_2172046806             100.00       0.00       0.00       3.90      85.08      11.13      96.21        0.52     0.07   0.962
  S_2172046901             100.00       0.00       0.00       3.90      85.08      11.13      96.21        0.52     0.07   0.962
  S_2172046902             100.00       0.00       0.00       3.90      85.08      11.13      96.21        0.52     0.07   0.962
  S_2172046903             100.00       0.00       0.00       3.90      85.08      11.13      96.21        0.52     0.07   0.962
  S_2172046904             100.00       0.00       0.00       3.90      85.08      11.13      96.21        0.52     0.07   0.962
  S_2172046905             100.00       0.00       0.00       3.90      85.08      11.13      96.21        0.52     0.07   0.962
  S_2172047001             100.00       0.00       0.00       3.90      85.08      11.13      96.21        0.52     0.07   0.962
  S_2172047101             100.00       0.00       0.00       3.90      85.08      11.13      96.21        0.52     0.07   0.962
  S_2172047102             100.00       0.00       0.00       3.90      85.08      11.13      96.21        0.52     0.07   0.962
  S_2172047103             100.00       0.00       0.00       3.90      85.08      11.13      96.21        0.52     0.07   0.962
  S_2172047104             100.00       0.00       0.00       3.90      85.08      11.13      96.21        0.52     0.07   0.962
  S_2172047202             100.00       0.00       0.00       3.90      85.08      11.13      96.21        0.52     0.07   0.962
  S_2172047204             100.00       0.00       0.00       3.90      85.08      11.13      96.21        0.52     0.07   0.962
  S_2172047403             100.00       0.00       0.00       3.90      85.08      11.13      96.21        0.52     0.07   0.962
  S_2172048101             100.00       0.00       0.00       3.90      85.08      11.13      96.21        0.52     0.07   0.962
  S_2172048201             100.00       0.00       0.00       3.90      85.08      11.13      96.21        0.52     0.07   0.962
  S_2172048202             100.00       0.00       0.00       3.90      85.08      11.13      96.21        0.52     0.07   0.962
  S_2172048203             100.00       0.00       0.00       3.90      85.08      11.13      96.21        0.52     0.07   0.962
  S_2172048304             100.00       0.00       0.00       3.90      85.08      11.13      96.21        0.52     0.07   0.962
  S_2172048305             100.00       0.00       0.00       3.90      85.08      11.13      96.21        0.52     0.07   0.962
  S_2172048306             100.00       0.00       0.00       3.90      85.08      11.13      96.21        0.52     0.07   0.962
  S_2172048307             100.00       0.00       0.00       3.90      85.08      11.13      96.21        0.52     0.07   0.962
  S_2172048401             100.00       0.00       0.00       3.90      85.08      11.13      96.21        0.52     0.07   0.962
  S_2172048403             100.00       0.00       0.00       3.90      85.08      11.13      96.21        0.52     0.07   0.962
  S_2172048405             100.00       0.00       0.00       3.90      85.08      11.13      96.21        0.52     0.07   0.962
  S_2172048407             100.00       0.00       0.00       3.90      85.08      11.13      96.21        0.52     0.07   0.962
  S_2172048408             100.00       0.00       0.00       3.90      85.08      11.13      96.21        0.52     0.07   0.962
  S_2172049003             100.00       0.00       0.00       3.90      85.08      11.13      96.21        0.52     0.07   0.962
  S_2172049301             100.00       0.00       0.00       3.90      85.08      11.13      96.21        0.52     0.07   0.962
  S_2172049302             100.00       0.00       0.00       3.90      85.08      11.13      96.21        0.52     0.07   0.962
  S_2172049303             100.00       0.00       0.00       3.90      85.08      11.13      96.21        0.52     0.07   0.962
  S_2172049304             100.00       0.00       0.00       3.90      85.08      11.13      96.21        0.52     0.07   0.962
  S_2172049401             100.00       0.00       0.00       3.90      85.08      11.13      96.21        0.52     0.07   0.962
  S_2172049402             100.00       0.00       0.00       3.90      85.08      11.13      96.21        0.52     0.07   0.962
  S_2172049403             100.00       0.00       0.00       3.90      85.08      11.13      96.21        0.52     0.07   0.962
  S_2172049502             100.00       0.00       0.00       3.90      85.08      11.13      96.21        0.52     0.07   0.962
  S_2172051102             100.00       0.00       0.00       3.90      85.08      11.13      96.21        0.52     0.07   0.962
  S_2172051103             100.00       0.00       0.00       3.90      85.08      11.13      96.21        0.52     0.07   0.962
  S_2172052101             100.00       0.00       0.00       3.90      85.08      11.13      96.21        0.52     0.07   0.962
  S_2172052102             100.00       0.00       0.00       3.90      85.08      11.13      96.21        0.52     0.07   0.962
  S_2172052103             100.00       0.00       0.00       3.90      85.08      11.13      96.21        0.52     0.07   0.962
  S_2172052105             100.00       0.00       0.00       3.90      85.08      11.13      96.21        0.52     0.07   0.962
  S_2172052106             100.00       0.00       0.00       3.90      85.08      11.13      96.21        0.52     0.07   0.962
  S_2172052107             100.00       0.00       0.00       3.90      85.08      11.13      96.21        0.52     0.07   0.962
  S_2172052108             100.00       0.00       0.00       3.90      85.08      11.13      96.21        0.52     0.07   0.962
  S_2172052109             100.00       0.00       0.00       3.90      85.08      11.13      96.21        0.52     0.07   0.962
  S_2172052110             100.00       0.00       0.00       3.90      85.08      11.13      96.21        0.52     0.07   0.962
  S_2172052111             100.00       0.00       0.00       3.90      85.08      11.13      96.21        0.52     0.07   0.962
  S_2172052112             100.00       0.00       0.00       3.90      85.08      11.13      96.21        0.52     0.07   0.962
  S_2172052114             100.00       0.00       0.00       3.90      85.08      11.13      96.21        0.52     0.07   0.962
  S_2172052201             100.00       0.00       0.00       3.90      85.08      11.13      96.21        0.52     0.07   0.962
  S_2172052202             100.00       0.00       0.00       3.90      85.08      11.13      96.21        0.52     0.07   0.962
  S_2172053201             100.00       0.00       0.00       3.90      85.08      11.13      96.21        0.52     0.07   0.962
  S_2172053203             100.00       0.00       0.00       3.90      85.08      11.13      96.21        0.52     0.07   0.962
  S_2172053204             100.00       0.00       0.00       3.90      85.08      11.13      96.21        0.52     0.07   0.962
  S_2172053503             100.00       0.00       0.00       3.90      85.08      11.13      96.21        0.52     0.07   0.962
  S_2172053602             100.00       0.00       0.00       3.90      85.08      11.13      96.21        0.52     0.07   0.962
  S_2172054407             100.00       0.00       0.00       3.90      85.08      11.13      96.21        0.52     0.07   0.962
  S_2172054409             100.00       0.00       0.00       3.90      85.08      11.13      96.21        0.52     0.07   0.962
  S_2172054410             100.00       0.00       0.00       3.90      85.08      11.13      96.21        0.52     0.07   0.962
  S_2172054501             100.00       0.00       0.00       3.90      85.08      11.13      96.21        0.52     0.07   0.962
  S_2172054502             100.00       0.00       0.00       3.90      85.08      11.13      96.21        0.52     0.07   0.962
  S_2172054503             100.00       0.00       0.00       3.90      85.08      11.13      96.21        0.52     0.07   0.962
  S_2172054504             100.00       0.00       0.00       3.90      85.08      11.13      96.21        0.52     0.07   0.962
  S_2172054506             100.00       0.00       0.00       3.90      85.08      11.13      96.21        0.52     0.07   0.962
  S_2172055101             100.00       0.00       0.00       3.90      85.08      11.13      96.21        0.52     0.07   0.962
  S_2172055701_            100.00       0.00       0.00       3.90      85.08      11.13      96.21        0.52     0.07   0.962
  S_2172056101             100.00       0.00       0.00       3.90      85.08      11.13      96.21        0.52     0.07   0.962
  S_2172056102             100.00       0.00       0.00       3.90      85.08      11.13      96.21        0.52     0.07   0.962
  S_2172056302             100.00       0.00       0.00       3.90      85.08      11.13      96.21        0.52     0.07   0.962
  S_2172056305             100.00       0.00       0.00       3.90      85.08      11.13      96.21        0.52     0.07   0.962
  S_2172056306             100.00       0.00       0.00       3.90      85.08      11.13      96.21        0.52     0.07   0.962
  S_2172056403             100.00       0.00       0.00       3.90      85.08      11.13      96.21        0.52     0.07   0.962
  S_2172056404             100.00       0.00       0.00       3.90      85.08      11.13      96.21        0.52     0.07   0.962
  S_2172056405             100.00       0.00       0.00       3.90      85.08      11.13      96.21        0.52     0.07   0.962
  S_2172056406             100.00       0.00       0.00       3.90      85.08      11.13      96.21        0.52     0.07   0.962
  S_2172056501             100.00       0.00       0.00       3.90      85.08      11.13      96.21        0.52     0.07   0.962
  S_2172056502             100.00       0.00       0.00       3.90      85.08      11.13      96.21        0.52     0.07   0.962
  S_2172056503             100.00       0.00       0.00       3.90      85.08      11.13      96.21        0.52     0.07   0.962
  S_2172056601             100.00       0.00       0.00       3.90      85.08      11.13      96.21        0.52     0.07   0.962
  S_2172056601_            100.00       0.00       0.00       3.90      85.08      11.13      96.21        0.52     0.07   0.962
  S_2172056602             100.00       0.00       0.00       3.90      85.08      11.13      96.21        0.52     0.07   0.962
  S_2172056602_            100.00       0.00       0.00       3.90      85.08      11.13      96.21        0.52     0.07   0.962
  S_2172056603             100.00       0.00       0.00       3.90      85.08      11.13      96.21        0.52     0.07   0.962
  S_2172056603_            100.00       0.00       0.00       3.90      85.08      11.13      96.21        0.52     0.07   0.962
  S_2172057001             100.00       0.00       0.00       3.90      85.08      11.13      96.21        0.52     0.07   0.962
  S_2172057002             100.00       0.00       0.00       3.90      85.08      11.13      96.21        0.52     0.07   0.962
  S_2172057003             100.00       0.00       0.00       3.90      85.08      11.13      96.21        0.52     0.07   0.962
  S_2172057004             100.00       0.00       0.00       3.90      85.08      11.13      96.21        0.52     0.07   0.962
  S_2172057005             100.00       0.00       0.00       3.90      85.08      11.13      96.21        0.52     0.07   0.962
  S_2172057101             100.00       0.00       0.00       3.90      85.08      11.13      96.21        0.52     0.07   0.962
  S_2172057105             100.00       0.00       0.00       3.90      85.08      11.13      96.21        0.52     0.07   0.962
  S_2172057301             100.00       0.00       0.00       3.90      85.08      11.13      96.21        0.52     0.07   0.962
  S_2172057302             100.00       0.00       0.00       3.90      85.08      11.13      96.21        0.52     0.07   0.962
  S_2172057305             100.00       0.00       0.00       3.90      85.08      11.13      96.21        0.52     0.07   0.962
  S_2172057306             100.00       0.00       0.00       3.90      85.08      11.13      96.21        0.52     0.07   0.962
  S_2172057307             100.00       0.00       0.00       3.90      85.08      11.13      96.21        0.52     0.07   0.962
  S_2172057309             100.00       0.00       0.00       3.90      85.08      11.13      96.21        0.52     0.07   0.962
  S_2172057402             100.00       0.00       0.00       3.90      85.08      11.13      96.21        0.52     0.07   0.962
  S_2172057403             100.00       0.00       0.00       3.90      85.08      11.13      96.21        0.52     0.07   0.962
  S_2172057404             100.00       0.00       0.00       3.90      85.08      11.13      96.21        0.52     0.07   0.962
  S_2172057406             100.00       0.00       0.00       3.90      85.08      11.13      96.21        0.52     0.07   0.962
  S_2172057501             100.00       0.00       0.00       3.90      85.08      11.13      96.21        0.52     0.07   0.962
  S_2172057502             100.00       0.00       0.00       3.90      85.08      11.13      96.21        0.52     0.07   0.962
  S_2172057601             100.00       0.00       0.00       3.90      85.08      11.13      96.21        0.52     0.07   0.962
  S_2172057602             100.00       0.00       0.00       3.90      85.08      11.13      96.21        0.52     0.07   0.962
  S_2172057603             100.00       0.00       0.00       3.90      85.08      11.13      96.21        0.52     0.07   0.962
  S_2172058102             100.00       0.00       0.00       3.90      85.08      11.13      96.21        0.52     0.07   0.962
  S_2172058401             100.00       0.00       0.00       3.90      85.08      11.13      96.21        0.52     0.07   0.962
  S_2172058402             100.00       0.00       0.00       3.90      85.08      11.13      96.21        0.52     0.07   0.962
  S_2172058403             100.00       0.00       0.00       3.90      85.08      11.13      96.21        0.52     0.07   0.962
  S_2172058501             100.00       0.00       0.00       3.90      85.08      11.13      96.21        0.52     0.07   0.962
  S_2172058502             100.00       0.00       0.00       3.90      85.08      11.13      96.21        0.52     0.07   0.962
  S_2172058503             100.00       0.00       0.00       3.90      85.08      11.13      96.21        0.52     0.07   0.962
  S_2172058602             100.00       0.00       0.00       3.90      85.08      11.13      96.21        0.52     0.07   0.962
  S_2172058603             100.00       0.00       0.00       3.90      85.08      11.13      96.21        0.52     0.07   0.962
  S_2172058604             100.00       0.00       0.00       3.90      85.08      11.13      96.21        0.52     0.07   0.962
  S_2172058605             100.00       0.00       0.00       3.90      85.08      11.13      96.21        0.52     0.07   0.962
  S_2172058606             100.00       0.00       0.00       3.90      85.08      11.13      96.21        0.52     0.07   0.962
  S_2172058607             100.00       0.00       0.00       3.90      85.08      11.13      96.21        0.52     0.07   0.962
  S_2172058608             100.00       0.00       0.00       3.90      85.08      11.13      96.21        0.52     0.07   0.962
  S_2172059301             100.00       0.00       0.00       3.90      85.08      11.13      96.21        0.52     0.07   0.962
  S_2172059302             100.00       0.00       0.00       3.90      85.08      11.13      96.21        0.52     0.07   0.962
  S_2172059303             100.00       0.00       0.00       3.90      85.08      11.13      96.21        0.52     0.07   0.962
  S_2172059402             100.00       0.00       0.00       3.90      85.08      11.13      96.21        0.52     0.07   0.962
  S_2172059404             100.00       0.00       0.00       3.90      85.08      11.13      96.21        0.52     0.07   0.962
  S_2172059405             100.00       0.00       0.00       3.90      85.08      11.13      96.21        0.52     0.07   0.962
  S_2172059406             100.00       0.00       0.00       3.90      85.08      11.13      96.21        0.52     0.07   0.962
  S_2172059501             100.00       0.00       0.00       3.90      85.08      11.13      96.21        0.52     0.07   0.962
  S_2172059502             100.00       0.00       0.00       3.90      85.08      11.13      96.21        0.52     0.07   0.962
  S_2172059503             100.00       0.00       0.00       3.90      85.08      11.13      96.21        0.52     0.07   0.962
  S_2172059504             100.00       0.00       0.00       3.90      85.08      11.13      96.21        0.52     0.07   0.962
  S_2172059604             100.00       0.00       0.00       3.90      85.08      11.13      96.21        0.52     0.07   0.962
  S_2172059703             100.00       0.00       0.00       3.90      85.08      11.13      96.21        0.52     0.07   0.962
  S_2173030105             100.00       0.00       0.00       3.90      85.08      11.13      96.21        0.52     0.07   0.962
  S_2173030301             100.00       0.00       0.00       3.90      85.08      11.13      96.21        0.52     0.07   0.962
  S_2173030302             100.00       0.00       0.00       3.90      85.08      11.13      96.21        0.52     0.07   0.962
  S_2173030303             100.00       0.00       0.00       3.90      85.08      11.13      96.21        0.52     0.07   0.962
  S_2173030304             100.00       0.00       0.00       3.90      85.08      11.13      96.21        0.52     0.07   0.962
  S_2173030403             100.00       0.00       0.00       3.90      85.08      11.13      96.21        0.52     0.07   0.962
  S_2173030405             100.00       0.00       0.00       3.90      85.08      11.13      96.21        0.52     0.07   0.962
  S_2173030501             100.00       0.00       0.00       3.90      85.08      11.13      96.21        0.52     0.07   0.962
  S_2173030502             100.00       0.00       0.00       3.90      85.08      11.13      96.21        0.52     0.07   0.962
  S_2173030503             100.00       0.00       0.00       3.90      85.08      11.13      96.21        0.52     0.07   0.962
  S_2173030504             100.00       0.00       0.00       3.90      85.08      11.13      96.21        0.52     0.07   0.962
  S_2173030505             100.00       0.00       0.00       3.90      85.08      11.13      96.21        0.52     0.07   0.962
  S_2173030506             100.00       0.00       0.00       3.90      85.08      11.13      96.21        0.52     0.07   0.962
  S_2173030507             100.00       0.00       0.00       3.90      85.08      11.13      96.21        0.52     0.07   0.962
  S_2173030601             100.00       0.00       0.00       3.90      85.08      11.13      96.21        0.52     0.07   0.962
  S_2173030602             100.00       0.00       0.00       3.90      85.08      11.13      96.21        0.52     0.07   0.962
  S_2173030603             100.00       0.00       0.00       3.90      85.08      11.13      96.21        0.52     0.07   0.962
  S_2173030604             100.00       0.00       0.00       3.90      85.08      11.13      96.21        0.52     0.07   0.962
  S_2173030605             100.00       0.00       0.00       3.90      85.08      11.13      96.21        0.52     0.07   0.962
  S_2173030606             100.00       0.00       0.00       3.90      85.08      11.13      96.21        0.52     0.07   0.962
  S_2173030607             100.00       0.00       0.00       3.90      85.08      11.13      96.21        0.52     0.07   0.962
  S_2173030608             100.00       0.00       0.00       3.90      85.08      11.13      96.21        0.52     0.07   0.962
  S_2173030701             100.00       0.00       0.00       3.90      85.08      11.13      96.21        0.52     0.07   0.962
  S_2173030702             100.00       0.00       0.00       3.90      85.08      11.13      96.21        0.52     0.07   0.962
  S_2173030703             100.00       0.00       0.00       3.90      85.08      11.13      96.21        0.52     0.07   0.962
  S_2173030704             100.00       0.00       0.00       3.90      85.08      11.13      96.21        0.52     0.07   0.962
  S_2173030705             100.00       0.00       0.00       3.90      85.08      11.13      96.21        0.52     0.07   0.962
  S_2173030706             100.00       0.00       0.00       3.90      85.08      11.13      96.21        0.52     0.07   0.962
  S_2173030801             100.00       0.00       0.00       3.90      85.08      11.13      96.21        0.52     0.07   0.962
  S_2173030901             100.00       0.00       0.00       3.90      85.08      11.13      96.21        0.52     0.07   0.962
  S_2173030902             100.00       0.00       0.00       3.90      85.08      11.13      96.21        0.52     0.07   0.962
  S_2173031302             100.00       0.00       0.00       3.90      85.08      11.13      96.21        0.52     0.07   0.962
  S_2173031304             100.00       0.00       0.00       3.90      85.08      11.13      96.21        0.52     0.07   0.962
  S_2173031305             100.00       0.00       0.00       3.90      85.08      11.13      96.21        0.52     0.07   0.962
  S_2173031306             100.00       0.00       0.00       3.90      85.08      11.13      96.21        0.52     0.07   0.962
  S_2173031307             100.00       0.00       0.00       3.90      85.08      11.13      96.21        0.52     0.07   0.962
  S_2173031308             100.00       0.00       0.00       3.90      85.08      11.13      96.21        0.52     0.07   0.962
  S_2173031401             100.00       0.00       0.00       3.90      85.08      11.13      96.21        0.52     0.07   0.962
  S_2173031402             100.00       0.00       0.00       3.90      85.08      11.13      96.21        0.52     0.07   0.962
  S_2173031403             100.00       0.00       0.00       3.90      85.08      11.13      96.21        0.52     0.07   0.962
  S_2173031404             100.00       0.00       0.00       3.90      85.08      11.13      96.21        0.52     0.07   0.962
  S_2173031501             100.00       0.00       0.00       3.90      85.08      11.13      96.21        0.52     0.07   0.962
  S_2173031505             100.00       0.00       0.00       3.90      85.08      11.13      96.21        0.52     0.07   0.962
  S_2173031601             100.00       0.00       0.00       3.90      85.08      11.13      96.21        0.52     0.07   0.962
  S_2173031701             100.00       0.00       0.00       3.90      85.08      11.13      96.21        0.52     0.07   0.962
  S_2173031702             100.00       0.00       0.00       3.90      85.08      11.13      96.21        0.52     0.07   0.962
  S_2173031703             100.00       0.00       0.00       3.90      85.08      11.13      96.21        0.52     0.07   0.962
  S_2173031704             100.00       0.00       0.00       3.90      85.08      11.13      96.21        0.52     0.07   0.962
  S_2173031705             100.00       0.00       0.00       3.90      85.08      11.13      96.21        0.52     0.07   0.962
  S_2173031706             100.00       0.00       0.00       3.90      85.08      11.13      96.21        0.52     0.07   0.962
  S_2173031707             100.00       0.00       0.00       3.90      85.08      11.13      96.21        0.52     0.07   0.962
  S_2173031708             100.00       0.00       0.00       3.90      85.08      11.13      96.21        0.52     0.07   0.962
  S_2173031801             100.00       0.00       0.00       3.90      85.08      11.13      96.21        0.52     0.07   0.962
  S_2173031802             100.00       0.00       0.00       3.90      85.08      11.13      96.21        0.52     0.07   0.962
  S_2173031803             100.00       0.00       0.00       3.90      85.08      11.13      96.21        0.52     0.07   0.962
  S_2173031804             100.00       0.00       0.00       3.90      85.08      11.13      96.21        0.52     0.07   0.962
  S_2173031805             100.00       0.00       0.00       3.90      85.08      11.13      96.21        0.52     0.07   0.962
  S_2173031806             100.00       0.00       0.00       3.90      85.08      11.13      96.21        0.52     0.07   0.962
  S_2173031807             100.00       0.00       0.00       3.90      85.08      11.13      96.21        0.52     0.07   0.962
  S_2173031901             100.00       0.00       0.00       3.90      85.08      11.13      96.21        0.52     0.07   0.962
  S_2173031902             100.00       0.00       0.00       3.90      85.08      11.13      96.21        0.52     0.07   0.962
  S_2173031903             100.00       0.00       0.00       3.90      85.08      11.13      96.21        0.52     0.07   0.962
  S_2173032201             100.00       0.00       0.00       3.90      85.08      11.13      96.21        0.52     0.07   0.962
  S_2173032202             100.00       0.00       0.00       3.90      85.08      11.13      96.21        0.52     0.07   0.962
  S_2173032205             100.00       0.00       0.00       3.90      85.08      11.13      96.21        0.52     0.07   0.962
  S_2173032206             100.00       0.00       0.00       3.90      85.08      11.13      96.21        0.52     0.07   0.962
  S_2173032207             100.00       0.00       0.00       3.90      85.08      11.13      96.21        0.52     0.07   0.962
  S_2173032401             100.00       0.00       0.00       3.90      85.08      11.13      96.21        0.52     0.07   0.962
  S_2173032801_            100.00       0.00       0.00       3.90      85.08      11.13      96.21        0.52     0.07   0.962
  S_2173033201             100.00       0.00       0.00       3.90      85.08      11.13      96.21        0.52     0.07   0.962
  S_2173033202             100.00       0.00       0.00       3.90      85.08      11.13      96.21        0.52     0.07   0.962
  S_2173033204             100.00       0.00       0.00       3.90      85.08      11.13      96.21        0.52     0.07   0.962
  S_2173033207             100.00       0.00       0.00       3.90      85.08      11.13      96.21        0.52     0.07   0.962
  S_2173033301             100.00       0.00       0.00       3.90      85.08      11.13      96.21        0.52     0.07   0.962
  S_2173033302             100.00       0.00       0.00       3.90      85.08      11.13      96.21        0.52     0.07   0.962
  S_2173033303             100.00       0.00       0.00       3.90      85.08      11.13      96.21        0.52     0.07   0.962
  S_2173033402             100.00       0.00       0.00       3.90      85.08      11.13      96.21        0.52     0.07   0.962
  S_2173033404             100.00       0.00       0.00       3.90      85.08      11.13      96.21        0.52     0.07   0.962
  S_2173033501             100.00       0.00       0.00       3.90      85.08      11.13      96.21        0.52     0.07   0.962
  S_2173033601             100.00       0.00       0.00       3.90      85.08      11.13      96.21        0.52     0.07   0.962
  S_2173033602             100.00       0.00       0.00       3.90      85.08      11.13      96.21        0.52     0.07   0.962
  S_2173033603             100.00       0.00       0.00       3.90      85.08      11.13      96.21        0.52     0.07   0.962
  S_2173033604             100.00       0.00       0.00       3.90      85.08      11.13      96.21        0.52     0.07   0.962
  S_2173033605             100.00       0.00       0.00       3.90      85.08      11.13      96.21        0.52     0.07   0.962
  S_2173034201             100.00       0.00       0.00       3.90      85.08      11.13      96.21        0.52     0.07   0.962
  S_2173034202             100.00       0.00       0.00       3.90      85.08      11.13      96.21        0.52     0.07   0.962
  S_2173034203             100.00       0.00       0.00       3.90      85.08      11.13      96.21        0.52     0.07   0.962
  S_2173034204             100.00       0.00       0.00       3.90      85.08      11.13      96.21        0.52     0.07   0.962
  S_2173034205             100.00       0.00       0.00       3.90      85.08      11.13      96.21        0.52     0.07   0.962
  S_2173034302             100.00       0.00       0.00       3.90      85.08      11.13      96.21        0.52     0.07   0.962
  S_2173034303             100.00       0.00       0.00       3.90      85.08      11.13      96.21        0.52     0.07   0.962
  S_2173034501             100.00       0.00       0.00       3.90      85.08      11.13      96.21        0.52     0.07   0.962
  S_2173034502             100.00       0.00       0.00       3.90      85.08      11.13      96.21        0.52     0.07   0.962
  S_2173034503             100.00       0.00       0.00       3.90      85.08      11.13      96.21        0.52     0.07   0.962
  S_2173035301             100.00       0.00       0.00       3.90      85.08      11.13      96.21        0.52     0.07   0.962
  S_2173035401             100.00       0.00       0.00       3.90      85.08      11.13      96.21        0.52     0.07   0.962
  S_2173035401_            100.00       0.00       0.00       3.90      85.08      11.13      96.21        0.52     0.07   0.962
  S_2173035402             100.00       0.00       0.00       3.90      85.08      11.13      96.21        0.52     0.07   0.962
  S_2173035501             100.00       0.00       0.00       3.90      85.08      11.13      96.21        0.52     0.07   0.962
  S_2173035502             100.00       0.00       0.00       3.90      85.08      11.13      96.21        0.52     0.07   0.962
  S_2173036501             100.00       0.00       0.00       3.90      85.08      11.13      96.21        0.52     0.07   0.962
  S_2173036502             100.00       0.00       0.00       3.90      85.08      11.13      96.21        0.52     0.07   0.962
  S_2173036503             100.00       0.00       0.00       3.90      85.08      11.13      96.21        0.52     0.07   0.962
  S_2173036601_            100.00       0.00       0.00       3.90      85.08      11.13      96.21        0.52     0.07   0.962
  S_2173036602             100.00       0.00       0.00       3.90      85.08      11.13      96.21        0.52     0.07   0.962
  S_2173036603             100.00       0.00       0.00       3.90      85.08      11.13      96.21        0.52     0.07   0.962
  S_2173036604             100.00       0.00       0.00       3.90      85.08      11.13      96.21        0.52     0.07   0.962
  S_2173036701             100.00       0.00       0.00       3.90      85.08      11.13      96.21        0.52     0.07   0.962
  S_2173036702             100.00       0.00       0.00       3.90      85.08      11.13      96.21        0.52     0.07   0.962
  S_2173036703             100.00       0.00       0.00       3.90      85.08      11.13      96.21        0.52     0.07   0.962
  S_2173037801             100.00       0.00       0.00       3.90      85.08      11.13      96.21        0.52     0.07   0.962
  S_2173037802             100.00       0.00       0.00       3.90      85.08      11.13      96.21        0.52     0.07   0.962
  S_2173037901             100.00       0.00       0.00       3.90      85.08      11.13      96.21        0.52     0.07   0.962
  S_2173038801             100.00       0.00       0.00       3.90      85.08      11.13      96.21        0.52     0.07   0.962
  S_2173038901             100.00       0.00       0.00       3.90      85.08      11.13      96.21        0.52     0.07   0.962
  S_2173038902             100.00       0.00       0.00       3.90      85.08      11.13      96.21        0.52     0.07   0.962
  S_2173038903             100.00       0.00       0.00       3.90      85.08      11.13      96.21        0.52     0.07   0.962
  S_2173038904             100.00       0.00       0.00       3.90      85.08      11.13      96.21        0.52     0.07   0.962
  S_2173038905             100.00       0.00       0.00       3.90      85.08      11.13      96.21        0.52     0.07   0.962
  S_2173039901             100.00       0.00       0.00       3.90      85.08      11.13      96.21        0.52     0.07   0.962
  S_2173040001             100.00       0.00       0.00       3.90      85.08      11.13      96.21        0.52     0.07   0.962
  S_2173040002             100.00       0.00       0.00       3.90      85.08      11.13      96.21        0.52     0.07   0.962
  S_2173040101             100.00       0.00       0.00       3.90      85.08      11.13      96.21        0.52     0.07   0.962
  S_2173040102             100.00       0.00       0.00       3.90      85.08      11.13      96.21        0.52     0.07   0.962
  S_2173040501             100.00       0.00       0.00       3.90      85.08      11.13      96.21        0.52     0.07   0.962
  S_2173041101             100.00       0.00       0.00       3.90      85.08      11.13      96.21        0.52     0.07   0.962
  S_2173041102             100.00       0.00       0.00       3.90      85.08      11.13      96.21        0.52     0.07   0.962
  S_2173041103             100.00       0.00       0.00       3.90      85.08      11.13      96.21        0.52     0.07   0.962
  S_2173041104             100.00       0.00       0.00       3.90      85.08      11.13      96.21        0.52     0.07   0.962
  S_2173041105             100.00       0.00       0.00       3.90      85.08      11.13      96.21        0.52     0.07   0.962
  S_2173041201             100.00       0.00       0.00       3.90      85.08      11.13      96.21        0.52     0.07   0.962
  S_2173041202             100.00       0.00       0.00       3.90      85.08      11.13      96.21        0.52     0.07   0.962
  S_2173041401             100.00       0.00       0.00       3.90      85.08      11.13      96.21        0.52     0.07   0.962
  S_2173041501             100.00       0.00       0.00       3.90      85.08      11.13      96.21        0.52     0.07   0.962
  S_2173041502             100.00       0.00       0.00       3.90      85.08      11.13      96.21        0.52     0.07   0.962
  S_2173041601             100.00       0.00       0.00       3.90      85.08      11.13      96.21        0.52     0.07   0.962
  S_2173042001             100.00       0.00       0.00       3.90      85.08      11.13      96.21        0.52     0.07   0.962
  S_2173042101             100.00       0.00       0.00       3.90      85.08      11.13      96.21        0.52     0.07   0.962
  S_2173042302             100.00       0.00       0.00       3.90      85.08      11.13      96.21        0.52     0.07   0.962
  S_2173042401             100.00       0.00       0.00       3.90      85.08      11.13      96.21        0.52     0.07   0.962
  S_2173042403             100.00       0.00       0.00       3.90      85.08      11.13      96.21        0.52     0.07   0.962
  S_2173042406             100.00       0.00       0.00       3.90      85.08      11.13      96.21        0.52     0.07   0.962
  S_2173042601             100.00       0.00       0.00       3.90      85.08      11.13      96.21        0.52     0.07   0.962
  S_2173042701             100.00       0.00       0.00       3.90      85.08      11.13      96.21        0.52     0.07   0.962
  S_2173042801             100.00       0.00       0.00       3.90      85.08      11.13      96.21        0.52     0.07   0.962
  S_2173042802             100.00       0.00       0.00       3.90      85.08      11.13      96.21        0.52     0.07   0.962
  S_2173043003             100.00       0.00       0.00       3.90      85.08      11.13      96.21        0.52     0.07   0.962
  S_2173043005             100.00       0.00       0.00       3.90      85.08      11.13      96.21        0.52     0.07   0.962
  S_2173043203             100.00       0.00       0.00       3.90      85.08      11.13      96.21        0.52     0.07   0.962
  S_2173043301             100.00       0.00       0.00       3.90      85.08      11.13      96.21        0.52     0.07   0.962
  S_2173043302             100.00       0.00       0.00       3.90      85.08      11.13      96.21        0.52     0.07   0.962
  S_2173043303             100.00       0.00       0.00       3.90      85.08      11.13      96.21        0.52     0.07   0.962
  S_2173043304             100.00       0.00       0.00       3.90      85.08      11.13      96.21        0.52     0.07   0.962
  S_2173043305             100.00       0.00       0.00       3.90      85.08      11.13      96.21        0.52     0.07   0.962
  S_2173043401             100.00       0.00       0.00       3.90      85.08      11.13      96.21        0.52     0.07   0.962
  S_2173043402             100.00       0.00       0.00       3.90      85.08      11.13      96.21        0.52     0.07   0.962
  S_2173043403             100.00       0.00       0.00       3.90      85.08      11.13      96.21        0.52     0.07   0.962
  S_2173043404             100.00       0.00       0.00       3.90      85.08      11.13      96.21        0.52     0.07   0.962
  S_2173043405             100.00       0.00       0.00       3.90      85.08      11.13      96.21        0.52     0.07   0.962
  S_2173043406             100.00       0.00       0.00       3.90      85.08      11.13      96.21        0.52     0.07   0.962
  S_2173043504             100.00       0.00       0.00       3.90      85.08      11.13      96.21        0.52     0.07   0.962
  S_2173043506             100.00       0.00       0.00       3.90      85.08      11.13      96.21        0.52     0.07   0.962
  S_2173043601             100.00       0.00       0.00       3.90      85.08      11.13      96.21        0.52     0.07   0.962
  S_2173043901             100.00       0.00       0.00       3.90      85.08      11.13      96.21        0.52     0.07   0.962
  S_2173043902             100.00       0.00       0.00       3.90      85.08      11.13      96.21        0.52     0.07   0.962
  S_2173044101             100.00       0.00       0.00       3.90      85.08      11.13      96.21        0.52     0.07   0.962
  S_2173044102             100.00       0.00       0.00       3.90      85.08      11.13      96.21        0.52     0.07   0.962
  S_2173044103             100.00       0.00       0.00       3.90      85.08      11.13      96.21        0.52     0.07   0.962
  S_2173044106             100.00       0.00       0.00       3.90      85.08      11.13      96.21        0.52     0.07   0.962
  S_2173044201             100.00       0.00       0.00       3.90      85.08      11.13      96.21        0.52     0.07   0.962
  S_2173044202             100.00       0.00       0.00       3.90      85.08      11.13      96.21        0.52     0.07   0.962
  S_2173044203             100.00       0.00       0.00       3.90      85.08      11.13      96.21        0.52     0.07   0.962
  S_2173044204             100.00       0.00       0.00       3.90      85.08      11.13      96.21        0.52     0.07   0.962
  S_2173044301             100.00       0.00       0.00       3.90      85.08      11.13      96.21        0.52     0.07   0.962
  S_2173044302             100.00       0.00       0.00       3.90      85.08      11.13      96.21        0.52     0.07   0.962
  S_2173044303             100.00       0.00       0.00       3.90      85.08      11.13      96.21        0.52     0.07   0.962
  S_2173044304             100.00       0.00       0.00       3.90      85.08      11.13      96.21        0.52     0.07   0.962
  S_2173044305             100.00       0.00       0.00       3.90      85.08      11.13      96.21        0.52     0.07   0.962
  S_2173044306             100.00       0.00       0.00       3.90      85.08      11.13      96.21        0.52     0.07   0.962
  S_2173044401             100.00       0.00       0.00       3.90      85.08      11.13      96.21        0.52     0.07   0.962
  S_2173044402             100.00       0.00       0.00       3.90      85.08      11.13      96.21        0.52     0.07   0.962
  S_2173044403             100.00       0.00       0.00       3.90      85.08      11.13      96.21        0.52     0.07   0.962
  S_2173044404             100.00       0.00       0.00       3.90      85.08      11.13      96.21        0.52     0.07   0.962
  S_2173044405             100.00       0.00       0.00       3.90      85.08      11.13      96.21        0.52     0.07   0.962
  S_2173044406             100.00       0.00       0.00       3.90      85.08      11.13      96.21        0.52     0.07   0.962
  S_2173044502             100.00       0.00       0.00       3.90      85.08      11.13      96.21        0.52     0.07   0.962
  S_2173044504             100.00       0.00       0.00       3.90      85.08      11.13      96.21        0.52     0.07   0.962
  S_2173044505             100.00       0.00       0.00       3.90      85.08      11.13      96.21        0.52     0.07   0.962
  S_2173044506             100.00       0.00       0.00       3.90      85.08      11.13      96.21        0.52     0.07   0.962
  S_2173044507             100.00       0.00       0.00       3.90      85.08      11.13      96.21        0.52     0.07   0.962
  S_2173044601             100.00       0.00       0.00       3.90      85.08      11.13      96.21        0.52     0.07   0.962
  S_2173044602             100.00       0.00       0.00       3.90      85.08      11.13      96.21        0.52     0.07   0.962
  S_2173045101             100.00       0.00       0.00       3.90      85.08      11.13      96.21        0.52     0.07   0.962
  S_2173045102             100.00       0.00       0.00       3.90      85.08      11.13      96.21        0.52     0.07   0.962
  S_2173045103             100.00       0.00       0.00       3.90      85.08      11.13      96.21        0.52     0.07   0.962
  S_2173045104             100.00       0.00       0.00       3.90      85.08      11.13      96.21        0.52     0.07   0.962
  S_2173045105             100.00       0.00       0.00       3.90      85.08      11.13      96.21        0.52     0.07   0.962
  S_2173045201             100.00       0.00       0.00       3.90      85.08      11.13      96.21        0.52     0.07   0.962
  S_2173045202             100.00       0.00       0.00       3.90      85.08      11.13      96.21        0.52     0.07   0.962
  S_2173045203             100.00       0.00       0.00       3.90      85.08      11.13      96.21        0.52     0.07   0.962
  S_2173045204             100.00       0.00       0.00       3.90      85.08      11.13      96.21        0.52     0.07   0.962
  S_2173045205             100.00       0.00       0.00       3.90      85.08      11.13      96.21        0.52     0.07   0.962
  S_2173045210             100.00       0.00       0.00       3.90      85.08      11.13      96.21        0.52     0.07   0.962
  S_2173045301             100.00       0.00       0.00       3.90      85.08      11.13      96.21        0.52     0.07   0.962
  S_2173045302             100.00       0.00       0.00       3.90      85.08      11.13      96.21        0.52     0.07   0.962
  S_2173045303             100.00       0.00       0.00       3.90      85.08      11.13      96.21        0.52     0.07   0.962
  S_2173045304             100.00       0.00       0.00       3.90      85.08      11.13      96.21        0.52     0.07   0.962
  S_2173045305             100.00       0.00       0.00       3.90      85.08      11.13      96.21        0.52     0.07   0.962
  S_2173045306             100.00       0.00       0.00       3.90      85.08      11.13      96.21        0.52     0.07   0.962
  S_2173045401             100.00       0.00       0.00       3.90      85.08      11.13      96.21        0.52     0.07   0.962
  S_2173045402             100.00       0.00       0.00       3.90      85.08      11.13      96.21        0.52     0.07   0.962
  S_2173045501             100.00       0.00       0.00       3.90      85.08      11.13      96.21        0.52     0.07   0.962
  S_2173045502             100.00       0.00       0.00       3.90      85.08      11.13      96.21        0.52     0.07   0.962
  S_2173045503             100.00       0.00       0.00       3.90      85.08      11.13      96.21        0.52     0.07   0.962
  S_2173045504             100.00       0.00       0.00       3.90      85.08      11.13      96.21        0.52     0.07   0.962
  S_2173045505             100.00       0.00       0.00       3.90      85.08      11.13      96.21        0.52     0.07   0.962
  S_2173045603             100.00       0.00       0.00       3.90      85.08      11.13      96.21        0.52     0.07   0.962
  S_2173045604             100.00       0.00       0.00       3.90      85.08      11.13      96.21        0.52     0.07   0.962
  S_2173045901             100.00       0.00       0.00       3.90      85.08      11.13      96.21        0.52     0.07   0.962
  S_2173046104             100.00       0.00       0.00       3.90      85.08      11.13      96.21        0.52     0.07   0.962
  S_2173046106             100.00       0.00       0.00       3.90      85.08      11.13      96.21        0.52     0.07   0.962
  S_2173046203             100.00       0.00       0.00       3.90      85.08      11.13      96.21        0.52     0.07   0.962
  S_2173046301             100.00       0.00       0.00       3.90      85.08      11.13      96.21        0.52     0.07   0.962
  S_2173046401             100.00       0.00       0.00       3.90      85.08      11.13      96.21        0.52     0.07   0.962
  S_2173046402             100.00       0.00       0.00       3.90      85.08      11.13      96.21        0.52     0.07   0.962
  S_2173046403             100.00       0.00       0.00       3.90      85.08      11.13      96.21        0.52     0.07   0.962
  S_2173046404             100.00       0.00       0.00       3.90      85.08      11.13      96.21        0.52     0.07   0.962
  S_2173046405             100.00       0.00       0.00       3.90      85.08      11.13      96.21        0.52     0.07   0.962
  S_2173046406             100.00       0.00       0.00       3.90      85.08      11.13      96.21        0.52     0.07   0.962
  S_2173046409             100.00       0.00       0.00       3.90      85.08      11.13      96.21        0.52     0.07   0.962
  S_2173046410             100.00       0.00       0.00       3.90      85.08      11.13      96.21        0.52     0.07   0.962
  S_2173046412             100.00       0.00       0.00       3.90      85.08      11.13      96.21        0.52     0.07   0.962
  S_2173046413             100.00       0.00       0.00       3.90      85.08      11.13      96.21        0.52     0.07   0.962
  S_2173046414             100.00       0.00       0.00       3.90      85.08      11.13      96.21        0.52     0.07   0.962
  S_2173046501             100.00       0.00       0.00       3.90      85.08      11.13      96.21        0.52     0.07   0.962
  S_2173046601             100.00       0.00       0.00       3.90      85.08      11.13      96.21        0.52     0.07   0.962
  S_2173046602             100.00       0.00       0.00       3.90      85.08      11.13      96.21        0.52     0.07   0.962
  S_2173046603             100.00       0.00       0.00       3.90      85.08      11.13      96.21        0.52     0.07   0.962
  S_2173046707             100.00       0.00       0.00       3.90      85.08      11.13      96.21        0.52     0.07   0.962
  S_2173046709             100.00       0.00       0.00       3.90      85.08      11.13      96.21        0.52     0.07   0.962
  S_2173046901             100.00       0.00       0.00       3.90      85.08      11.13      96.21        0.52     0.07   0.962
  S_2173046902             100.00       0.00       0.00       3.90      85.08      11.13      96.21        0.52     0.07   0.962
  S_2173047001             100.00       0.00       0.00       3.90      85.08      11.13      96.21        0.52     0.07   0.962
  S_2173047002             100.00       0.00       0.00       3.90      85.08      11.13      96.21        0.52     0.07   0.962
  S_2173047003             100.00       0.00       0.00       3.90      85.08      11.13      96.21        0.52     0.07   0.962
  S_2173047004             100.00       0.00       0.00       3.90      85.08      11.13      96.21        0.52     0.07   0.962
  S_2173047005             100.00       0.00       0.00       3.90      85.08      11.13      96.21        0.52     0.07   0.962
  S_2173047101             100.00       0.00       0.00       3.90      85.08      11.13      96.21        0.52     0.07   0.962
  S_2173047102             100.00       0.00       0.00       3.90      85.08      11.13      96.21        0.52     0.07   0.962
  S_2173047103             100.00       0.00       0.00       3.90      85.08      11.13      96.21        0.52     0.07   0.962
  S_2173047104             100.00       0.00       0.00       3.90      85.08      11.13      96.21        0.52     0.07   0.962
  S_2173047105             100.00       0.00       0.00       3.90      85.08      11.13      96.21        0.52     0.07   0.962
  S_2173047301             100.00       0.00       0.00       3.90      85.08      11.13      96.21        0.52     0.07   0.962
  S_2173047302             100.00       0.00       0.00       3.90      85.08      11.13      96.21        0.52     0.07   0.962
  S_2173047402             100.00       0.00       0.00       3.90      85.08      11.13      96.21        0.52     0.07   0.962
  S_2173047501             100.00       0.00       0.00       3.90      85.08      11.13      96.21        0.52     0.07   0.962
  S_2173047502             100.00       0.00       0.00       3.90      85.08      11.13      96.21        0.52     0.07   0.962
  S_2173047503             100.00       0.00       0.00       3.90      85.08      11.13      96.21        0.52     0.07   0.962
  S_2173047504             100.00       0.00       0.00       3.90      85.08      11.13      96.21        0.52     0.07   0.962
  S_2173047505             100.00       0.00       0.00       3.90      85.08      11.13      96.21        0.52     0.07   0.962
  S_2173047506             100.00       0.00       0.00       3.90      85.08      11.13      96.21        0.52     0.07   0.962
  S_2173047601             100.00       0.00       0.00       3.90      85.08      11.13      96.21        0.52     0.07   0.962
  S_2173047602             100.00       0.00       0.00       3.90      85.08      11.13      96.21        0.52     0.07   0.962
  S_2173047603             100.00       0.00       0.00       3.90      85.08      11.13      96.21        0.52     0.07   0.962
  S_2173047604             100.00       0.00       0.00       3.90      85.08      11.13      96.21        0.52     0.07   0.962
  S_2173047701             100.00       0.00       0.00       3.90      85.08      11.13      96.21        0.52     0.07   0.962
  S_2173047702             100.00       0.00       0.00       3.90      85.08      11.13      96.21        0.52     0.07   0.962
  S_2173047703             100.00       0.00       0.00       3.90      85.08      11.13      96.21        0.52     0.07   0.962
  S_2173047704             100.00       0.00       0.00       3.90      85.08      11.13      96.21        0.52     0.07   0.962
  S_2173047801             100.00       0.00       0.00       3.90      85.08      11.13      96.21        0.52     0.07   0.962
  S_2173047802             100.00       0.00       0.00       3.90      85.08      11.13      96.21        0.52     0.07   0.962
  S_2173047803             100.00       0.00       0.00       3.90      85.08      11.13      96.21        0.52     0.07   0.962
  S_2173047804             100.00       0.00       0.00       3.90      85.08      11.13      96.21        0.52     0.07   0.962
  S_2173047805             100.00       0.00       0.00       3.90      85.08      11.13      96.21        0.52     0.07   0.962
  S_2173047902             100.00       0.00       0.00       3.90      85.08      11.13      96.21        0.52     0.07   0.962
  S_2173047903             100.00       0.00       0.00       3.90      85.08      11.13      96.21        0.52     0.07   0.962
  S_2173047904             100.00       0.00       0.00       3.90      85.08      11.13      96.21        0.52     0.07   0.962
  S_2173048001             100.00       0.00       0.00       3.90      85.08      11.13      96.21        0.52     0.07   0.962
  S_2173048002             100.00       0.00       0.00       3.90      85.08      11.13      96.21        0.52     0.07   0.962
  S_2173048003             100.00       0.00       0.00       3.90      85.08      11.13      96.21        0.52     0.07   0.962
  S_2173048004             100.00       0.00       0.00       3.90      85.08      11.13      96.21        0.52     0.07   0.962
  S_2173048005             100.00       0.00       0.00       3.90      85.08      11.13      96.21        0.52     0.07   0.962
  S_2173048006             100.00       0.00       0.00       3.90      85.08      11.13      96.21        0.52     0.07   0.962
  S_2173048007             100.00       0.00       0.00       3.90      85.08      11.13      96.21        0.52     0.07   0.962
  S_2173048008             100.00       0.00       0.00       3.90      85.08      11.13      96.21        0.52     0.07   0.962
  S_2173048101             100.00       0.00       0.00       3.90      85.08      11.13      96.21        0.52     0.07   0.962
  S_2173048102             100.00       0.00       0.00       3.90      85.08      11.13      96.21        0.52     0.07   0.962
  S_2173048103             100.00       0.00       0.00       3.90      85.08      11.13      96.21        0.52     0.07   0.962
  S_2173048104             100.00       0.00       0.00       3.90      85.08      11.13      96.21        0.52     0.07   0.962
  S_2173048106             100.00       0.00       0.00       3.90      85.08      11.13      96.21        0.52     0.07   0.962
  S_2173048201             100.00       0.00       0.00       3.90      85.08      11.13      96.21        0.52     0.07   0.962
  S_2173048204             100.00       0.00       0.00       3.90      85.08      11.13      96.21        0.52     0.07   0.962
  S_2173048303             100.00       0.00       0.00       3.90      85.08      11.13      96.21        0.52     0.07   0.962
  S_2173048305             100.00       0.00       0.00       3.90      85.08      11.13      96.21        0.52     0.07   0.962
  S_2173048403             100.00       0.00       0.00       3.90      85.08      11.13      96.21        0.52     0.07   0.962
  S_2173048503             100.00       0.00       0.00       3.90      85.08      11.13      96.21        0.52     0.07   0.962
  S_2173048601             100.00       0.00       0.00       3.90      85.08      11.13      96.21        0.52     0.07   0.962
  S_2173048602             100.00       0.00       0.00       3.90      85.08      11.13      96.21        0.52     0.07   0.962
  S_2173048603             100.00       0.00       0.00       3.90      85.08      11.13      96.21        0.52     0.07   0.962
  S_2173048604             100.00       0.00       0.00       3.90      85.08      11.13      96.21        0.52     0.07   0.962
  S_2173048701             100.00       0.00       0.00       3.90      85.08      11.13      96.21        0.52     0.07   0.962
  S_2173048702             100.00       0.00       0.00       3.90      85.08      11.13      96.21        0.52     0.07   0.962
  S_2173048703             100.00       0.00       0.00       3.90      85.08      11.13      96.21        0.52     0.07   0.962
  S_2173048704             100.00       0.00       0.00       3.90      85.08      11.13      96.21        0.52     0.07   0.962
  S_2173048705             100.00       0.00       0.00       3.90      85.08      11.13      96.21        0.52     0.07   0.962
  S_2173048801             100.00       0.00       0.00       3.90      85.08      11.13      96.21        0.52     0.07   0.962
  S_2173048802             100.00       0.00       0.00       3.90      85.08      11.13      96.21        0.52     0.07   0.962
  S_2173048803             100.00       0.00       0.00       3.90      85.08      11.13      96.21        0.52     0.07   0.962
  S_2173048901             100.00       0.00       0.00       3.90      85.08      11.13      96.21        0.52     0.07   0.962
  S_2173048902             100.00       0.00       0.00       3.90      85.08      11.13      96.21        0.52     0.07   0.962
  S_2173048903             100.00       0.00       0.00       3.90      85.08      11.13      96.21        0.52     0.07   0.962
  S_2173048904             100.00       0.00       0.00       3.90      85.08      11.13      96.21        0.52     0.07   0.962
  S_2173049001             100.00       0.00       0.00       3.90      85.08      11.13      96.21        0.52     0.07   0.962
  S_2173049002             100.00       0.00       0.00       3.90      85.08      11.13      96.21        0.52     0.07   0.962
  S_2173049201             100.00       0.00       0.00       3.90      85.08      11.13      96.21        0.52     0.07   0.962
  S_2173049202             100.00       0.00       0.00       3.90      85.08      11.13      96.21        0.52     0.07   0.962
  S_2173049203             100.00       0.00       0.00       3.90      85.08      11.13      96.21        0.52     0.07   0.962
  S_2173049204             100.00       0.00       0.00       3.90      85.08      11.13      96.21        0.52     0.07   0.962
  S_2173049205             100.00       0.00       0.00       3.90      85.08      11.13      96.21        0.52     0.07   0.962
  S_2173049206             100.00       0.00       0.00       3.90      85.08      11.13      96.21        0.52     0.07   0.962
  S_2173049207             100.00       0.00       0.00       3.90      85.08      11.13      96.21        0.52     0.07   0.962
  S_2173049301             100.00       0.00       0.00       3.90      85.08      11.13      96.21        0.52     0.07   0.962
  S_2173049302             100.00       0.00       0.00       3.90      85.08      11.13      96.21        0.52     0.07   0.962
  S_2173049303             100.00       0.00       0.00       3.90      85.08      11.13      96.21        0.52     0.07   0.962
  S_2173049304             100.00       0.00       0.00       3.90      85.08      11.13      96.21        0.52     0.07   0.962
  S_2173049401             100.00       0.00       0.00       3.90      85.08      11.13      96.21        0.52     0.07   0.962
  S_2173049402             100.00       0.00       0.00       3.90      85.08      11.13      96.21        0.52     0.07   0.962
  S_2173049403             100.00       0.00       0.00       3.90      85.08      11.13      96.21        0.52     0.07   0.962
  S_2173049404             100.00       0.00       0.00       3.90      85.08      11.13      96.21        0.52     0.07   0.962
  S_2173049405             100.00       0.00       0.00       3.90      85.08      11.13      96.21        0.52     0.07   0.962
  S_2173049501             100.00       0.00       0.00       3.90      85.08      11.13      96.21        0.52     0.07   0.962
  S_2173049601             100.00       0.00       0.00       3.90      85.08      11.13      96.21        0.52     0.07   0.962
  S_2173049602             100.00       0.00       0.00       3.90      85.08      11.13      96.21        0.52     0.07   0.962
  S_2173049603             100.00       0.00       0.00       3.90      85.08      11.13      96.21        0.52     0.07   0.962
  S_2173049701             100.00       0.00       0.00       3.90      85.08      11.13      96.21        0.52     0.07   0.962
  S_2173049702             100.00       0.00       0.00       3.90      85.08      11.13      96.21        0.52     0.07   0.962
  S_2173049801             100.00       0.00       0.00       3.90      85.08      11.13      96.21        0.52     0.07   0.962
  S_2173049802             100.00       0.00       0.00       3.90      85.08      11.13      96.21        0.52     0.07   0.962
  S_2173049803             100.00       0.00       0.00       3.90      85.08      11.13      96.21        0.52     0.07   0.962
  S_2173049804             100.00       0.00       0.00       3.90      85.08      11.13      96.21        0.52     0.07   0.962
  S_2173049805             100.00       0.00       0.00       3.90      85.08      11.13      96.21        0.52     0.07   0.962
  S_2173049806             100.00       0.00       0.00       3.90      85.08      11.13      96.21        0.52     0.07   0.962
  S_2173049807             100.00       0.00       0.00       3.90      85.08      11.13      96.21        0.52     0.07   0.962
  S_2173049808             100.00       0.00       0.00       3.90      85.08      11.13      96.21        0.52     0.07   0.962
  S_2173049901             100.00       0.00       0.00       3.90      85.08      11.13      96.21        0.52     0.07   0.962
  S_2173049902             100.00       0.00       0.00       3.90      85.08      11.13      96.21        0.52     0.07   0.962
  S_2173049903             100.00       0.00       0.00       3.90      85.08      11.13      96.21        0.52     0.07   0.962
  S_2173049904             100.00       0.00       0.00       3.90      85.08      11.13      96.21        0.52     0.07   0.962
  S_2173049905             100.00       0.00       0.00       3.90      85.08      11.13      96.21        0.52     0.07   0.962
  S_2173050301             100.00       0.00       0.00       3.90      85.08      11.13      96.21        0.52     0.07   0.962
  S_2173050301_            100.00       0.00       0.00       3.90      85.08      11.13      96.21        0.52     0.07   0.962
  S_2173050302             100.00       0.00       0.00       3.90      85.08      11.13      96.21        0.52     0.07   0.962
  S_2173050401             100.00       0.00       0.00       3.90      85.08      11.13      96.21        0.52     0.07   0.962
  S_2173050601             100.00       0.00       0.00       3.90      85.08      11.13      96.21        0.52     0.07   0.962
  S_2173051401             100.00       0.00       0.00       3.90      85.08      11.13      96.21        0.52     0.07   0.962
  S_2173051402             100.00       0.00       0.00       3.90      85.08      11.13      96.21        0.52     0.07   0.962
  S_2173051501             100.00       0.00       0.00       3.90      85.08      11.13      96.21        0.52     0.07   0.962
  S_2173051502             100.00       0.00       0.00       3.90      85.08      11.13      96.21        0.52     0.07   0.962
  S_2173052501             100.00       0.00       0.00       3.90      85.08      11.13      96.21        0.52     0.07   0.962
  S_2173052502             100.00       0.00       0.00       3.90      85.08      11.13      96.21        0.52     0.07   0.962
  S_2173053001             100.00       0.00       0.00       3.90      85.08      11.13      96.21        0.52     0.07   0.962
  S_2173053002             100.00       0.00       0.00       3.90      85.08      11.13      96.21        0.52     0.07   0.962
  S_2173053101             100.00       0.00       0.00       3.90      85.08      11.13      96.21        0.52     0.07   0.962
  S_2173053201             100.00       0.00       0.00       3.90      85.08      11.13      96.21        0.52     0.07   0.962
  S_2173053202             100.00       0.00       0.00       3.90      85.08      11.13      96.21        0.52     0.07   0.962
  S_2173053203             100.00       0.00       0.00       3.90      85.08      11.13      96.21        0.52     0.07   0.962
  S_2173053301             100.00       0.00       0.00       3.90      85.08      11.13      96.21        0.52     0.07   0.962
  S_2173053401             100.00       0.00       0.00       3.90      85.08      11.13      96.21        0.52     0.07   0.962
  S_2173053402             100.00       0.00       0.00       3.90      85.08      11.13      96.21        0.52     0.07   0.962
  S_2173053403             100.00       0.00       0.00       3.90      85.08      11.13      96.21        0.52     0.07   0.962
  S_2173054101             100.00       0.00       0.00       3.90      85.08      11.13      96.21        0.52     0.07   0.962
  S_2173054201             100.00       0.00       0.00       3.90      85.08      11.13      96.21        0.52     0.07   0.962
  S_2173054202             100.00       0.00       0.00       3.90      85.08      11.13      96.21        0.52     0.07   0.962
  S_2173054301             100.00       0.00       0.00       3.90      85.08      11.13      96.21        0.52     0.07   0.962
  S_2173054401             100.00       0.00       0.00       3.90      85.08      11.13      96.21        0.52     0.07   0.962
  S_2173054505             100.00       0.00       0.00       3.90      85.08      11.13      96.21        0.52     0.07   0.962
  S_2173054506             100.00       0.00       0.00       3.90      85.08      11.13      96.21        0.52     0.07   0.962
  S_2173054507             100.00       0.00       0.00       3.90      85.08      11.13      96.21        0.52     0.07   0.962
  S_2173054508             100.00       0.00       0.00       3.90      85.08      11.13      96.21        0.52     0.07   0.962
  S_2173054509             100.00       0.00       0.00       3.90      85.08      11.13      96.21        0.52     0.07   0.962
  S_2173054510             100.00       0.00       0.00       3.90      85.08      11.13      96.21        0.52     0.07   0.962
  S_2173054511             100.00       0.00       0.00       3.90      85.08      11.13      96.21        0.52     0.07   0.962
  S_2173054512             100.00       0.00       0.00       3.90      85.08      11.13      96.21        0.52     0.07   0.962
  S_2173054513             100.00       0.00       0.00       3.90      85.08      11.13      96.21        0.52     0.07   0.962
  S_2173054601             100.00       0.00       0.00       3.90      85.08      11.13      96.21        0.52     0.07   0.962
  S_2173054602             100.00       0.00       0.00       3.90      85.08      11.13      96.21        0.52     0.07   0.962
  S_2173054603             100.00       0.00       0.00       3.90      85.08      11.13      96.21        0.52     0.07   0.962
  S_2173054604             100.00       0.00       0.00       3.90      85.08      11.13      96.21        0.52     0.07   0.962
  S_2173054605             100.00       0.00       0.00       3.90      85.08      11.13      96.21        0.52     0.07   0.962
  S_2173054606             100.00       0.00       0.00       3.90      85.08      11.13      96.21        0.52     0.07   0.962
  S_2173054607             100.00       0.00       0.00       3.90      85.08      11.13      96.21        0.52     0.07   0.962
  S_2173054608             100.00       0.00       0.00       3.90      85.08      11.13      96.21        0.52     0.07   0.962
  S_2173054609             100.00       0.00       0.00       3.90      85.08      11.13      96.21        0.52     0.07   0.962
  S_2173054610             100.00       0.00       0.00       3.90      85.08      11.13      96.21        0.52     0.07   0.962
  S_2173054611             100.00       0.00       0.00       3.90      85.08      11.13      96.21        0.52     0.07   0.962
  S_2173055401             100.00       0.00       0.00       3.90      85.08      11.13      96.21        0.52     0.07   0.962
  S_2173055503             100.00       0.00       0.00       3.90      85.08      11.13      96.21        0.52     0.07   0.962
  S_2173055505             100.00       0.00       0.00       3.90      85.08      11.13      96.21        0.52     0.07   0.962
  S_2173055506             100.00       0.00       0.00       3.90      85.08      11.13      96.21        0.52     0.07   0.962
  S_2173055507             100.00       0.00       0.00       3.90      85.08      11.13      96.21        0.52     0.07   0.962
  S_2173055601             100.00       0.00       0.00       3.90      85.08      11.13      96.21        0.52     0.07   0.962
  S_2173055602             100.00       0.00       0.00       3.90      85.08      11.13      96.21        0.52     0.07   0.962
  S_2173055603             100.00       0.00       0.00       3.90      85.08      11.13      96.21        0.52     0.07   0.962
  S_2173055604             100.00       0.00       0.00       3.90      85.08      11.13      96.21        0.52     0.07   0.962
  S_2173055605             100.00       0.00       0.00       3.90      85.08      11.13      96.21        0.52     0.07   0.962
  S_2173055606             100.00       0.00       0.00       3.90      85.08      11.13      96.21        0.52     0.07   0.962
  S_2173056601             100.00       0.00       0.00       3.90      85.08      11.13      96.21        0.52     0.07   0.962
  S_2173056602             100.00       0.00       0.00       3.90      85.08      11.13      96.21        0.52     0.07   0.962
  S_2173056701             100.00       0.00       0.00       3.90      85.08      11.13      96.21        0.52     0.07   0.962
  S_2173057001             100.00       0.00       0.00       3.90      85.08      11.13      96.21        0.52     0.07   0.962
  S_2173057005             100.00       0.00       0.00       3.90      85.08      11.13      96.21        0.52     0.07   0.962
  S_2173058001             100.00       0.00       0.00       3.90      85.08      11.13      96.21        0.52     0.07   0.962
  S_2173058003             100.00       0.00       0.00       3.90      85.08      11.13      96.21        0.52     0.07   0.962
  S_2173058005             100.00       0.00       0.00       3.90      85.08      11.13      96.21        0.52     0.07   0.962
  S_2173058007             100.00       0.00       0.00       3.90      85.08      11.13      96.21        0.52     0.07   0.962
  S_2173058101             100.00       0.00       0.00       3.90      85.08      11.13      96.21        0.52     0.07   0.962
  S_2173058102             100.00       0.00       0.00       3.90      85.08      11.13      96.21        0.52     0.07   0.962
  S_2173058103             100.00       0.00       0.00       3.90      85.08      11.13      96.21        0.52     0.07   0.962
  S_2173058106             100.00       0.00       0.00       3.90      85.08      11.13      96.21        0.52     0.07   0.962
  S_2173058203             100.00       0.00       0.00       3.90      85.08      11.13      96.21        0.52     0.07   0.962
  S_2173058205             100.00       0.00       0.00       3.90      85.08      11.13      96.21        0.52     0.07   0.962
  S_2173058206             100.00       0.00       0.00       3.90      85.08      11.13      96.21        0.52     0.07   0.962
  S_2173058301             100.00       0.00       0.00       3.90      85.08      11.13      96.21        0.52     0.07   0.962
  S_2173058303             100.00       0.00       0.00       3.90      85.08      11.13      96.21        0.52     0.07   0.962
  S_2173058305             100.00       0.00       0.00       3.90      85.08      11.13      96.21        0.52     0.07   0.962
  S_2173058306             100.00       0.00       0.00       3.90      85.08      11.13      96.21        0.52     0.07   0.962
  S_2173058308             100.00       0.00       0.00       3.90      85.08      11.13      96.21        0.52     0.07   0.962
  S_2173058401             100.00       0.00       0.00       3.90      85.08      11.13      96.21        0.52     0.07   0.962
  S_2173058402             100.00       0.00       0.00       3.90      85.08      11.13      96.21        0.52     0.07   0.962
  S_2173059001             100.00       0.00       0.00       3.90      85.08      11.13      96.21        0.52     0.07   0.962
  S_2173059002             100.00       0.00       0.00       3.90      85.08      11.13      96.21        0.52     0.07   0.962
  S_2173059003             100.00       0.00       0.00       3.90      85.08      11.13      96.21        0.52     0.07   0.962
  S_2173059004             100.00       0.00       0.00       3.90      85.08      11.13      96.21        0.52     0.07   0.962
  S_2173059005             100.00       0.00       0.00       3.90      85.08      11.13      96.21        0.52     0.07   0.962
  S_2173059006             100.00       0.00       0.00       3.90      85.08      11.13      96.21        0.52     0.07   0.962
  S_2173059007             100.00       0.00       0.00       3.90      85.08      11.13      96.21        0.52     0.07   0.962
  S_2173059103             100.00       0.00       0.00       3.90      85.08      11.13      96.21        0.52     0.07   0.962
  S_2173059104             100.00       0.00       0.00       3.90      85.08      11.13      96.21        0.52     0.07   0.962
  S_2173059105             100.00       0.00       0.00       3.90      85.08      11.13      96.21        0.52     0.07   0.962
  S_2173059201             100.00       0.00       0.00       3.90      85.08      11.13      96.21        0.52     0.07   0.962
  S_2173059202             100.00       0.00       0.00       3.90      85.08      11.13      96.21        0.52     0.07   0.962
  S_2173059204             100.00       0.00       0.00       3.90      85.08      11.13      96.21        0.52     0.07   0.962
  S_2173059301             100.00       0.00       0.00       3.90      85.08      11.13      96.21        0.52     0.07   0.962
  S_2173059401             100.00       0.00       0.00       3.90      85.08      11.13      96.21        0.52     0.07   0.962
  S_2173059402             100.00       0.00       0.00       3.90      85.08      11.13      96.21        0.52     0.07   0.962
  S_2173059403             100.00       0.00       0.00       3.90      85.08      11.13      96.21        0.52     0.07   0.962
  S_2173059404             100.00       0.00       0.00       3.90      85.08      11.13      96.21        0.52     0.07   0.962
  S_2173059405             100.00       0.00       0.00       3.90      85.08      11.13      96.21        0.52     0.07   0.962
  S_2173059406             100.00       0.00       0.00       3.90      85.08      11.13      96.21        0.52     0.07   0.962
  S_2173059407             100.00       0.00       0.00       3.90      85.08      11.13      96.21        0.52     0.07   0.962
  S_2173059408             100.00       0.00       0.00       3.90      85.08      11.13      96.21        0.52     0.07   0.962
  S_2173059501             100.00       0.00       0.00       3.90      85.08      11.13      96.21        0.52     0.07   0.962
  S_2173059502             100.00       0.00       0.00       3.90      85.08      11.13      96.21        0.52     0.07   0.962
  S_2173059503             100.00       0.00       0.00       3.90      85.08      11.13      96.21        0.52     0.07   0.962
  S_2173059504             100.00       0.00       0.00       3.90      85.08      11.13      96.21        0.52     0.07   0.962
  S_2173059505             100.00       0.00       0.00       3.90      85.08      11.13      96.21        0.52     0.07   0.962
  S_2173059601             100.00       0.00       0.00       3.90      85.08      11.13      96.21        0.52     0.07   0.962
  S_2174031101             100.00       0.00       0.00       3.90      85.08      11.13      96.21        0.52     0.07   0.962
  S_2174031203             100.00       0.00       0.00       3.90      85.08      11.13      96.21        0.52     0.07   0.962
  S_2174031306             100.00       0.00       0.00       3.90      85.08      11.13      96.21        0.52     0.07   0.962
  S_2174031405             100.00       0.00       0.00       3.90      85.08      11.13      96.21        0.52     0.07   0.962
  S_2174031701             100.00       0.00       0.00       3.90      85.08      11.13      96.21        0.52     0.07   0.962
  S_2174031704             100.00       0.00       0.00       3.90      85.08      11.13      96.21        0.52     0.07   0.962
  S_2174032201             100.00       0.00       0.00       3.90      85.08      11.13      96.21        0.52     0.07   0.962
  S_2174032202             100.00       0.00       0.00       3.90      85.08      11.13      96.21        0.52     0.07   0.962
  S_2174032203             100.00       0.00       0.00       3.90      85.08      11.13      96.21        0.52     0.07   0.962
  S_2174032303             100.00       0.00       0.00       3.90      85.08      11.13      96.21        0.52     0.07   0.962
  S_2174032304             100.00       0.00       0.00       3.90      85.08      11.13      96.21        0.52     0.07   0.962
  S_2174032305             100.00       0.00       0.00       3.90      85.08      11.13      96.21        0.52     0.07   0.962
  S_2174032306             100.00       0.00       0.00       3.90      85.08      11.13      96.21        0.52     0.07   0.962
  S_2174032307             100.00       0.00       0.00       3.90      85.08      11.13      96.21        0.52     0.07   0.962
  S_2174032601             100.00       0.00       0.00       3.90      85.08      11.13      96.21        0.52     0.07   0.962
  S_2174033201             100.00       0.00       0.00       3.90      85.08      11.13      96.21        0.52     0.07   0.962
  S_2174033202             100.00       0.00       0.00       3.90      85.08      11.13      96.21        0.52     0.07   0.962
  S_2174033203             100.00       0.00       0.00       3.90      85.08      11.13      96.21        0.52     0.07   0.962
  S_2174033204             100.00       0.00       0.00       3.90      85.08      11.13      96.21        0.52     0.07   0.962
  S_2174033205             100.00       0.00       0.00       3.90      85.08      11.13      96.21        0.52     0.07   0.962
  S_2174033206             100.00       0.00       0.00       3.90      85.08      11.13      96.21        0.52     0.07   0.962
  S_2174033207             100.00       0.00       0.00       3.90      85.08      11.13      96.21        0.52     0.07   0.962
  S_2174033301             100.00       0.00       0.00       3.90      85.08      11.13      96.21        0.52     0.07   0.962
  S_2174033302             100.00       0.00       0.00       3.90      85.08      11.13      96.21        0.52     0.07   0.962
  S_2174033304             100.00       0.00       0.00       3.90      85.08      11.13      96.21        0.52     0.07   0.962
  S_2174033306             100.00       0.00       0.00       3.90      85.08      11.13      96.21        0.52     0.07   0.962
  S_2174033308             100.00       0.00       0.00       3.90      85.08      11.13      96.21        0.52     0.07   0.962
  S_2174033309             100.00       0.00       0.00       3.90      85.08      11.13      96.21        0.52     0.07   0.962
  S_2174033310             100.00       0.00       0.00       3.90      85.08      11.13      96.21        0.52     0.07   0.962
  S_2174040001             100.00       0.00       0.00       3.90      85.08      11.13      96.21        0.52     0.07   0.962
  S_2174040102             100.00       0.00       0.00       3.90      85.08      11.13      96.21        0.52     0.07   0.962
  S_2174040103             100.00       0.00       0.00       3.90      85.08      11.13      96.21        0.52     0.07   0.962
  S_2174040104             100.00       0.00       0.00       3.90      85.08      11.13      96.21        0.52     0.07   0.962
  S_2174040105             100.00       0.00       0.00       3.90      85.08      11.13      96.21        0.52     0.07   0.962
  S_2174040106             100.00       0.00       0.00       3.90      85.08      11.13      96.21        0.52     0.07   0.962
  S_2174040107             100.00       0.00       0.00       3.90      85.08      11.13      96.21        0.52     0.07   0.962
  S_2174040201             100.00       0.00       0.00       3.90      85.08      11.13      96.21        0.52     0.07   0.962
  S_2174040202             100.00       0.00       0.00       3.90      85.08      11.13      96.21        0.52     0.07   0.962
  S_2174040203             100.00       0.00       0.00       3.90      85.08      11.13      96.21        0.52     0.07   0.962
  S_2174040204             100.00       0.00       0.00       3.90      85.08      11.13      96.21        0.52     0.07   0.962
  S_2174040301             100.00       0.00       0.00       3.90      85.08      11.13      96.21        0.52     0.07   0.962
  S_2174040302             100.00       0.00       0.00       3.90      85.08      11.13      96.21        0.52     0.07   0.962
  S_2174040303             100.00       0.00       0.00       3.90      85.08      11.13      96.21        0.52     0.07   0.962
  S_2174040401             100.00       0.00       0.00       3.90      85.08      11.13      96.21        0.52     0.07   0.962
  S_2174040402             100.00       0.00       0.00       3.90      85.08      11.13      96.21        0.52     0.07   0.962
  S_2174040403             100.00       0.00       0.00       3.90      85.08      11.13      96.21        0.52     0.07   0.962
  S_2174040404             100.00       0.00       0.00       3.90      85.08      11.13      96.21        0.52     0.07   0.962
  S_2174040405             100.00       0.00       0.00       3.90      85.08      11.13      96.21        0.52     0.07   0.962
  S_2174040502             100.00       0.00       0.00       3.90      85.08      11.13      96.21        0.52     0.07   0.962
  S_2174040601             100.00       0.00       0.00       3.90      85.08      11.13      96.21        0.52     0.07   0.962
  S_2174040602             100.00       0.00       0.00       3.90      85.08      11.13      96.21        0.52     0.07   0.962
  S_2174040603             100.00       0.00       0.00       3.90      85.08      11.13      96.21        0.52     0.07   0.962
  S_2174040701             100.00       0.00       0.00       3.90      85.08      11.13      96.21        0.52     0.07   0.962
  S_2174040702             100.00       0.00       0.00       3.90      85.08      11.13      96.21        0.52     0.07   0.962
  S_2174040703             100.00       0.00       0.00       3.90      85.08      11.13      96.21        0.52     0.07   0.962
  S_2174040704             100.00       0.00       0.00       3.90      85.08      11.13      96.21        0.52     0.07   0.962
  S_2174040705             100.00       0.00       0.00       3.90      85.08      11.13      96.21        0.52     0.07   0.962
  S_2174040706             100.00       0.00       0.00       3.90      85.08      11.13      96.21        0.52     0.07   0.962
  S_2174040901             100.00       0.00       0.00       3.90      85.08      11.13      96.21        0.52     0.07   0.962
  S_2174040902             100.00       0.00       0.00       3.90      85.08      11.13      96.21        0.52     0.07   0.962
  S_2174040904             100.00       0.00       0.00       3.90      85.08      11.13      96.21        0.52     0.07   0.962
  S_2174040905             100.00       0.00       0.00       3.90      85.08      11.13      96.21        0.52     0.07   0.962
  S_2174040906             100.00       0.00       0.00       3.90      85.08      11.13      96.21        0.52     0.07   0.962
  S_2174040907             100.00       0.00       0.00       3.90      85.08      11.13      96.21        0.52     0.07   0.962
  S_2174040908             100.00       0.00       0.00       3.90      85.08      11.13      96.21        0.52     0.07   0.962
  S_2174041101             100.00       0.00       0.00       3.90      85.08      11.13      96.21        0.52     0.07   0.962
  S_2174041102             100.00       0.00       0.00       3.90      85.08      11.13      96.21        0.52     0.07   0.962
  S_2174041103             100.00       0.00       0.00       3.90      85.08      11.13      96.21        0.52     0.07   0.962
  S_2174041104             100.00       0.00       0.00       3.90      85.08      11.13      96.21        0.52     0.07   0.962
  S_2174041105             100.00       0.00       0.00       3.90      85.08      11.13      96.21        0.52     0.07   0.962
  S_2174041201             100.00       0.00       0.00       3.90      85.08      11.13      96.21        0.52     0.07   0.962
  S_2174041202             100.00       0.00       0.00       3.90      85.08      11.13      96.21        0.52     0.07   0.962
  S_2174041203             100.00       0.00       0.00       3.90      85.08      11.13      96.21        0.52     0.07   0.962
  S_2174041204             100.00       0.00       0.00       3.90      85.08      11.13      96.21        0.52     0.07   0.962
  S_2174041205             100.00       0.00       0.00       3.90      85.08      11.13      96.21        0.52     0.07   0.962
  S_2174041206             100.00       0.00       0.00       3.90      85.08      11.13      96.21        0.52     0.07   0.962
  S_2174041207             100.00       0.00       0.00       3.90      85.08      11.13      96.21        0.52     0.07   0.962
  S_2174041208             100.00       0.00       0.00       3.90      85.08      11.13      96.21        0.52     0.07   0.962
  S_2174041301             100.00       0.00       0.00       3.90      85.08      11.13      96.21        0.52     0.07   0.962
  S_2174041302             100.00       0.00       0.00       3.90      85.08      11.13      96.21        0.52     0.07   0.962
  S_2174041303             100.00       0.00       0.00       3.90      85.08      11.13      96.21        0.52     0.07   0.962
  S_2174041304             100.00       0.00       0.00       3.90      85.08      11.13      96.21        0.52     0.07   0.962
  S_2174041305             100.00       0.00       0.00       3.90      85.08      11.13      96.21        0.52     0.07   0.962
  S_2174041401             100.00       0.00       0.00       3.90      85.08      11.13      96.21        0.52     0.07   0.962
  S_2174041402             100.00       0.00       0.00       3.90      85.08      11.13      96.21        0.52     0.07   0.962
  S_2174041403             100.00       0.00       0.00       3.90      85.08      11.13      96.21        0.52     0.07   0.962
  S_2174041404             100.00       0.00       0.00       3.90      85.08      11.13      96.21        0.52     0.07   0.962
  S_2174041405             100.00       0.00       0.00       3.90      85.08      11.13      96.21        0.52     0.07   0.962
  S_2174041501             100.00       0.00       0.00       3.90      85.08      11.13      96.21        0.52     0.07   0.962
  S_2174041502             100.00       0.00       0.00       3.90      85.08      11.13      96.21        0.52     0.07   0.962
  S_2174041503             100.00       0.00       0.00       3.90      85.08      11.13      96.21        0.52     0.07   0.962
  S_2174041504             100.00       0.00       0.00       3.90      85.08      11.13      96.21        0.52     0.07   0.962
  S_2174041601             100.00       0.00       0.00       3.90      85.08      11.13      96.21        0.52     0.07   0.962
  S_2174041602             100.00       0.00       0.00       3.90      85.08      11.13      96.21        0.52     0.07   0.962
  S_2174041603             100.00       0.00       0.00       3.90      85.08      11.13      96.21        0.52     0.07   0.962
  S_2174041704             100.00       0.00       0.00       3.90      85.08      11.13      96.21        0.52     0.07   0.962
  S_2174041705             100.00       0.00       0.00       3.90      85.08      11.13      96.21        0.52     0.07   0.962
  S_2174041801             100.00       0.00       0.00       3.90      85.08      11.13      96.21        0.52     0.07   0.962
  S_2174041803             100.00       0.00       0.00       3.90      85.08      11.13      96.21        0.52     0.07   0.962
  S_2174041806             100.00       0.00       0.00       3.90      85.08      11.13      96.21        0.52     0.07   0.962
  S_2174041807             100.00       0.00       0.00       3.90      85.08      11.13      96.21        0.52     0.07   0.962
  S_2174041901             100.00       0.00       0.00       3.90      85.08      11.13      96.21        0.52     0.07   0.962
  S_2174042201             100.00       0.00       0.00       3.90      85.08      11.13      96.21        0.52     0.07   0.962
  S_2174042202             100.00       0.00       0.00       3.90      85.08      11.13      96.21        0.52     0.07   0.962
  S_2174042203             100.00       0.00       0.00       3.90      85.08      11.13      96.21        0.52     0.07   0.962
  S_2174042204             100.00       0.00       0.00       3.90      85.08      11.13      96.21        0.52     0.07   0.962
  S_2174042301             100.00       0.00       0.00       3.90      85.08      11.13      96.21        0.52     0.07   0.962
  S_2174042302             100.00       0.00       0.00       3.90      85.08      11.13      96.21        0.52     0.07   0.962
  S_2174042303             100.00       0.00       0.00       3.90      85.08      11.13      96.21        0.52     0.07   0.962
  S_2174042401             100.00       0.00       0.00       3.90      85.08      11.13      96.21        0.52     0.07   0.962
  S_2174042402             100.00       0.00       0.00       3.90      85.08      11.13      96.21        0.52     0.07   0.962
  S_2174042403             100.00       0.00       0.00       3.90      85.08      11.13      96.21        0.52     0.07   0.962
  S_2174042404             100.00       0.00       0.00       3.90      85.08      11.13      96.21        0.52     0.07   0.962
  S_2174042501             100.00       0.00       0.00       3.90      85.08      11.13      96.21        0.52     0.07   0.962
  S_2174042502             100.00       0.00       0.00       3.90      85.08      11.13      96.21        0.52     0.07   0.962
  S_2174042604             100.00       0.00       0.00       3.90      85.08      11.13      96.21        0.52     0.07   0.962
  S_2174042605             100.00       0.00       0.00       3.90      85.08      11.13      96.21        0.52     0.07   0.962
  S_2174042704             100.00       0.00       0.00       3.90      85.08      11.13      96.21        0.52     0.07   0.962
  S_2174042901             100.00       0.00       0.00       3.90      85.08      11.13      96.21        0.52     0.07   0.962
  S_2174042902             100.00       0.00       0.00       3.90      85.08      11.13      96.21        0.52     0.07   0.962
  S_2174042903             100.00       0.00       0.00       3.90      85.08      11.13      96.21        0.52     0.07   0.962
  S_2174042904             100.00       0.00       0.00       3.90      85.08      11.13      96.21        0.52     0.07   0.962
  S_2174042905             100.00       0.00       0.00       3.90      85.08      11.13      96.21        0.52     0.07   0.962
  S_2174042906             100.00       0.00       0.00       3.90      85.08      11.13      96.21        0.52     0.07   0.962
  S_2174042907             100.00       0.00       0.00       3.90      85.08      11.13      96.21        0.52     0.07   0.962
  S_2174043203             100.00       0.00       0.00       3.90      85.08      11.13      96.21        0.52     0.07   0.962
  S_2174043301             100.00       0.00       0.00       3.90      85.08      11.13      96.21        0.52     0.07   0.962
  S_2174043302             100.00       0.00       0.00       3.90      85.08      11.13      96.21        0.52     0.07   0.962
  S_2174043303             100.00       0.00       0.00       3.90      85.08      11.13      96.21        0.52     0.07   0.962
  S_2174043401             100.00       0.00       0.00       3.90      85.08      11.13      96.21        0.52     0.07   0.962
  S_2174043402             100.00       0.00       0.00       3.90      85.08      11.13      96.21        0.52     0.07   0.962
  S_2174043403             100.00       0.00       0.00       3.90      85.08      11.13      96.21        0.52     0.07   0.962
  S_2174043501             100.00       0.00       0.00       3.90      85.08      11.13      96.21        0.52     0.07   0.962
  S_2174043502             100.00       0.00       0.00       3.90      85.08      11.13      96.21        0.52     0.07   0.962
  S_2174043701             100.00       0.00       0.00       3.90      85.08      11.13      96.21        0.52     0.07   0.962
  S_2174043801             100.00       0.00       0.00       3.90      85.08      11.13      96.21        0.52     0.07   0.962
  S_2174043802             100.00       0.00       0.00       3.90      85.08      11.13      96.21        0.52     0.07   0.962
  S_2174043803             100.00       0.00       0.00       3.90      85.08      11.13      96.21        0.52     0.07   0.962
  S_2174043901             100.00       0.00       0.00       3.90      85.08      11.13      96.21        0.52     0.07   0.962
  S_2174043902             100.00       0.00       0.00       3.90      85.08      11.13      96.21        0.52     0.07   0.962
  S_2174043903             100.00       0.00       0.00       3.90      85.08      11.13      96.21        0.52     0.07   0.962
  S_2174043904             100.00       0.00       0.00       3.90      85.08      11.13      96.21        0.52     0.07   0.962
  S_2174043905             100.00       0.00       0.00       3.90      85.08      11.13      96.21        0.52     0.07   0.962
  S_2174050001             100.00       0.00       0.00       3.90      85.08      11.13      96.21        0.52     0.07   0.962
  S_2174050002             100.00       0.00       0.00       3.90      85.08      11.13      96.21        0.52     0.07   0.962
  S_2174050003             100.00       0.00       0.00       3.90      85.08      11.13      96.21        0.52     0.07   0.962
  S_2174050004             100.00       0.00       0.00       3.90      85.08      11.13      96.21        0.52     0.07   0.962
  S_2174050101             100.00       0.00       0.00       3.90      85.08      11.13      96.21        0.52     0.07   0.962
  S_2174050102             100.00       0.00       0.00       3.90      85.08      11.13      96.21        0.52     0.07   0.962
  S_2174050103             100.00       0.00       0.00       3.90      85.08      11.13      96.21        0.52     0.07   0.962
  S_2174050104             100.00       0.00       0.00       3.90      85.08      11.13      96.21        0.52     0.07   0.962
  S_2174050105             100.00       0.00       0.00       3.90      85.08      11.13      96.21        0.52     0.07   0.962
  S_2174050106             100.00       0.00       0.00       3.90      85.08      11.13      96.21        0.52     0.07   0.962
  S_2174050202             100.00       0.00       0.00       3.90      85.08      11.13      96.21        0.52     0.07   0.962
  S_2174050203             100.00       0.00       0.00       3.90      85.08      11.13      96.21        0.52     0.07   0.962
  S_2174050204             100.00       0.00       0.00       3.90      85.08      11.13      96.21        0.52     0.07   0.962
  S_2174050205             100.00       0.00       0.00       3.90      85.08      11.13      96.21        0.52     0.07   0.962
  S_2174050304             100.00       0.00       0.00       3.90      85.08      11.13      96.21        0.52     0.07   0.962
  S_2174050305             100.00       0.00       0.00       3.90      85.08      11.13      96.21        0.52     0.07   0.962
  S_2174050401             100.00       0.00       0.00       3.90      85.08      11.13      96.21        0.52     0.07   0.962
  S_2174050405             100.00       0.00       0.00       3.90      85.08      11.13      96.21        0.52     0.07   0.962
  S_2174050501             100.00       0.00       0.00       3.90      85.08      11.13      96.21        0.52     0.07   0.962
  S_2174050502             100.00       0.00       0.00       3.90      85.08      11.13      96.21        0.52     0.07   0.962
  S_2174050503             100.00       0.00       0.00       3.90      85.08      11.13      96.21        0.52     0.07   0.962
  S_2174050504             100.00       0.00       0.00       3.90      85.08      11.13      96.21        0.52     0.07   0.962
  S_2174050505             100.00       0.00       0.00       3.90      85.08      11.13      96.21        0.52     0.07   0.962
  S_2174050506             100.00       0.00       0.00       3.90      85.08      11.13      96.21        0.52     0.07   0.962
  S_2174050507             100.00       0.00       0.00       3.90      85.08      11.13      96.21        0.52     0.07   0.962
  S_2174050508             100.00       0.00       0.00       3.90      85.08      11.13      96.21        0.52     0.07   0.962
  S_2174050509             100.00       0.00       0.00       3.90      85.08      11.13      96.21        0.52     0.07   0.962
  S_2174050510             100.00       0.00       0.00       3.90      85.08      11.13      96.21        0.52     0.07   0.962
  S_2174050511             100.00       0.00       0.00       3.90      85.08      11.13      96.21        0.52     0.07   0.962
  S_2174050601             100.00       0.00       0.00       3.90      85.08      11.13      96.21        0.52     0.07   0.962
  S_2174050602             100.00       0.00       0.00       3.90      85.08      11.13      96.21        0.52     0.07   0.962
  S_2174050603             100.00       0.00       0.00       3.90      85.08      11.13      96.21        0.52     0.07   0.962
  S_2174050604             100.00       0.00       0.00       3.90      85.08      11.13      96.21        0.52     0.07   0.962
  S_2174050605             100.00       0.00       0.00       3.90      85.08      11.13      96.21        0.52     0.07   0.962
  S_2174050606             100.00       0.00       0.00       3.90      85.08      11.13      96.21        0.52     0.07   0.962
  S_2174050607             100.00       0.00       0.00       3.90      85.08      11.13      96.21        0.52     0.07   0.962
  S_2174050608             100.00       0.00       0.00       3.90      85.08      11.13      96.21        0.52     0.07   0.962
  S_2174050702             100.00       0.00       0.00       3.90      85.08      11.13      96.21        0.52     0.07   0.962
  S_2174051001             100.00       0.00       0.00       3.90      85.08      11.13      96.21        0.52     0.07   0.962
  S_2174051002             100.00       0.00       0.00       3.90      85.08      11.13      96.21        0.52     0.07   0.962
  S_2174051003             100.00       0.00       0.00       3.90      85.08      11.13      96.21        0.52     0.07   0.962
  S_2174051004             100.00       0.00       0.00       3.90      85.08      11.13      96.21        0.52     0.07   0.962
  S_2174051005             100.00       0.00       0.00       3.90      85.08      11.13      96.21        0.52     0.07   0.962
  S_2174051101             100.00       0.00       0.00       3.90      85.08      11.13      96.21        0.52     0.07   0.962
  S_2174051102             100.00       0.00       0.00       3.90      85.08      11.13      96.21        0.52     0.07   0.962
  S_2174051201             100.00       0.00       0.00       3.90      85.08      11.13      96.21        0.52     0.07   0.962
  S_2174051202             100.00       0.00       0.00       3.90      85.08      11.13      96.21        0.52     0.07   0.962
  S_2174051203             100.00       0.00       0.00       3.90      85.08      11.13      96.21        0.52     0.07   0.962
  S_2174051301             100.00       0.00       0.00       3.90      85.08      11.13      96.21        0.52     0.07   0.962
  S_2174051302             100.00       0.00       0.00       3.90      85.08      11.13      96.21        0.52     0.07   0.962
  S_2174051303             100.00       0.00       0.00       3.90      85.08      11.13      96.21        0.52     0.07   0.962
  S_2174051304             100.00       0.00       0.00       3.90      85.08      11.13      96.21        0.52     0.07   0.962
  S_2174051402             100.00       0.00       0.00       3.90      85.08      11.13      96.21        0.52     0.07   0.962
  S_2174051403             100.00       0.00       0.00       3.90      85.08      11.13      96.21        0.52     0.07   0.962
  S_2174051601             100.00       0.00       0.00       3.90      85.08      11.13      96.21        0.52     0.07   0.962
  S_2174051602             100.00       0.00       0.00       3.90      85.08      11.13      96.21        0.52     0.07   0.962
  S_2174051603             100.00       0.00       0.00       3.90      85.08      11.13      96.21        0.52     0.07   0.962
  S_2174051604             100.00       0.00       0.00       3.90      85.08      11.13      96.21        0.52     0.07   0.962
  S_2174051701             100.00       0.00       0.00       3.90      85.08      11.13      96.21        0.52     0.07   0.962
  S_2174052001             100.00       0.00       0.00       3.90      85.08      11.13      96.21        0.52     0.07   0.962
  S_2174052002             100.00       0.00       0.00       3.90      85.08      11.13      96.21        0.52     0.07   0.962
  S_2174052003             100.00       0.00       0.00       3.90      85.08      11.13      96.21        0.52     0.07   0.962
  S_2174052004             100.00       0.00       0.00       3.90      85.08      11.13      96.21        0.52     0.07   0.962
  S_2174052101             100.00       0.00       0.00       3.90      85.08      11.13      96.21        0.52     0.07   0.962
  S_2174052101_            100.00       0.00       0.00       3.90      85.08      11.13      96.21        0.52     0.07   0.962
  S_2174052102             100.00       0.00       0.00       3.90      85.08      11.13      96.21        0.52     0.07   0.962
  S_2174052103             100.00       0.00       0.00       3.90      85.08      11.13      96.21        0.52     0.07   0.962
  S_2174052201             100.00       0.00       0.00       3.90      85.08      11.13      96.21        0.52     0.07   0.962
  S_2174052202             100.00       0.00       0.00       3.90      85.08      11.13      96.21        0.52     0.07   0.962
  S_2174052203             100.00       0.00       0.00       3.90      85.08      11.13      96.21        0.52     0.07   0.962
  S_2174052204             100.00       0.00       0.00       3.90      85.08      11.13      96.21        0.52     0.07   0.962
  S_2174052205             100.00       0.00       0.00       3.90      85.08      11.13      96.21        0.52     0.07   0.962
  S_2174052301             100.00       0.00       0.00       3.90      85.08      11.13      96.21        0.52     0.07   0.962
  S_2174052302             100.00       0.00       0.00       3.90      85.08      11.13      96.21        0.52     0.07   0.962
  S_2174052303             100.00       0.00       0.00       3.90      85.08      11.13      96.21        0.52     0.07   0.962
  S_2174052402             100.00       0.00       0.00       3.90      85.08      11.13      96.21        0.52     0.07   0.962
  S_2174052403             100.00       0.00       0.00       3.90      85.08      11.13      96.21        0.52     0.07   0.962
  S_2174052404             100.00       0.00       0.00       3.90      85.08      11.13      96.21        0.52     0.07   0.962
  S_2174052405             100.00       0.00       0.00       3.90      85.08      11.13      96.21        0.52     0.07   0.962
  S_2174052406             100.00       0.00       0.00       3.90      85.08      11.13      96.21        0.52     0.07   0.962
  S_2174052407             100.00       0.00       0.00       3.90      85.08      11.13      96.21        0.52     0.07   0.962
  S_2174052408             100.00       0.00       0.00       3.90      85.08      11.13      96.21        0.52     0.07   0.962
  S_2174052501_            100.00       0.00       0.00       3.90      85.08      11.13      96.21        0.52     0.07   0.962
  S_2174052502_            100.00       0.00       0.00       3.90      85.08      11.13      96.21        0.52     0.07   0.962
  S_2174052503             100.00       0.00       0.00       3.90      85.08      11.13      96.21        0.52     0.07   0.962
  S_2174052504             100.00       0.00       0.00       3.90      85.08      11.13      96.21        0.52     0.07   0.962
  S_2174052505             100.00       0.00       0.00       3.90      85.08      11.13      96.21        0.52     0.07   0.962
  S_2174052601             100.00       0.00       0.00       3.90      85.08      11.13      96.21        0.52     0.07   0.962
  S_2174052601_            100.00       0.00       0.00       3.90      85.08      11.13      96.21        0.52     0.07   0.962
  S_2174052602             100.00       0.00       0.00       3.90      85.08      11.13      96.21        0.52     0.07   0.962
  S_2174053001             100.00       0.00       0.00       3.90      85.08      11.13      96.21        0.52     0.07   0.962
  S_2174053001_            100.00       0.00       0.00       3.90      85.08      11.13      96.21        0.52     0.07   0.962
  S_2174053002             100.00       0.00       0.00       3.90      85.08      11.13      96.21        0.52     0.07   0.962
  S_2174053002_            100.00       0.00       0.00       3.90      85.08      11.13      96.21        0.52     0.07   0.962
  S_2174053101             100.00       0.00       0.00       3.90      85.08      11.13      96.21        0.52     0.07   0.962
  S_2174053102             100.00       0.00       0.00       3.90      85.08      11.13      96.21        0.52     0.07   0.962
  S_2174053201             100.00       0.00       0.00       3.90      85.08      11.13      96.21        0.52     0.07   0.962
  S_2174053202             100.00       0.00       0.00       3.90      85.08      11.13      96.21        0.52     0.07   0.962
  S_2174053203             100.00       0.00       0.00       3.90      85.08      11.13      96.21        0.52     0.07   0.962
  S_2174053204             100.00       0.00       0.00       3.90      85.08      11.13      96.21        0.52     0.07   0.962
  S_2174053205             100.00       0.00       0.00       3.90      85.08      11.13      96.21        0.52     0.07   0.962
  S_2174053206             100.00       0.00       0.00       3.90      85.08      11.13      96.21        0.52     0.07   0.962
  S_2174053207             100.00       0.00       0.00       3.90      85.08      11.13      96.21        0.52     0.07   0.962
  S_2174053301             100.00       0.00       0.00       3.90      85.08      11.13      96.21        0.52     0.07   0.962
  S_2174053301_            100.00       0.00       0.00       3.90      85.08      11.13      96.21        0.52     0.07   0.962
  S_2174053302             100.00       0.00       0.00       3.90      85.08      11.13      96.21        0.52     0.07   0.962
  S_2174053303             100.00       0.00       0.00       3.90      85.08      11.13      96.21        0.52     0.07   0.962
  S_2174053304             100.00       0.00       0.00       3.90      85.08      11.13      96.21        0.52     0.07   0.962
  S_2174053401             100.00       0.00       0.00       3.90      85.08      11.13      96.21        0.52     0.07   0.962
  S_2174053401_            100.00       0.00       0.00       3.90      85.08      11.13      96.21        0.52     0.07   0.962
  S_2174053402             100.00       0.00       0.00       3.90      85.08      11.13      96.21        0.52     0.07   0.962
  S_2174053402_            100.00       0.00       0.00       3.90      85.08      11.13      96.21        0.52     0.07   0.962
  S_2174053403             100.00       0.00       0.00       3.90      85.08      11.13      96.21        0.52     0.07   0.962
  S_2174053403_            100.00       0.00       0.00       3.90      85.08      11.13      96.21        0.52     0.07   0.962
  S_2174053501             100.00       0.00       0.00       3.90      85.08      11.13      96.21        0.52     0.07   0.962
  S_2174053501_            100.00       0.00       0.00       3.90      85.08      11.13      96.21        0.52     0.07   0.962
  S_2174053502             100.00       0.00       0.00       3.90      85.08      11.13      96.21        0.52     0.07   0.962
  S_2174053503             100.00       0.00       0.00       3.90      85.08      11.13      96.21        0.52     0.07   0.962
  S_2174053504             100.00       0.00       0.00       3.90      85.08      11.13      96.21        0.52     0.07   0.962
  S_2174053505             100.00       0.00       0.00       3.90      85.08      11.13      96.21        0.52     0.07   0.962
  S_2174053506             100.00       0.00       0.00       3.90      85.08      11.13      96.21        0.52     0.07   0.962
  S_2174053507             100.00       0.00       0.00       3.90      85.08      11.13      96.21        0.52     0.07   0.962
  S_2174053601             100.00       0.00       0.00       3.90      85.08      11.13      96.21        0.52     0.07   0.962
  S_2174053602             100.00       0.00       0.00       3.90      85.08      11.13      96.21        0.52     0.07   0.962
  S_2174053603             100.00       0.00       0.00       3.90      85.08      11.13      96.21        0.52     0.07   0.962
  S_2174053604             100.00       0.00       0.00       3.90      85.08      11.13      96.21        0.52     0.07   0.962
  S_2174053605             100.00       0.00       0.00       3.90      85.08      11.13      96.21        0.52     0.07   0.962
  S_2174053606             100.00       0.00       0.00       3.90      85.08      11.13      96.21        0.52     0.07   0.962
  
  
  ******************
  Node Depth Summary
  ******************
  
  ---------------------------------------------------------------------------------
                                 Average  Maximum  Maximum  Time of Max    Reported
                                   Depth    Depth      HGL   Occurrence   Max Depth
  Node                 Type       Meters   Meters   Meters  days hr:min      Meters
  ---------------------------------------------------------------------------------
  2171039212           JUNCTION     0.19     0.26    25.83     0  02:00        0.26
  2171039213           JUNCTION     0.41     0.57    25.21     0  02:00        0.57
  2171039214           JUNCTION     0.39     0.63    24.13     0  01:54        0.60
  2171039215           JUNCTION     0.17     0.24    25.86     0  02:00        0.24
  2171039216           JUNCTION     0.09     0.12    26.03     0  02:00        0.12
  2171039217           JUNCTION     0.41     0.58    25.24     0  02:00        0.58
  2171039218           JUNCTION     0.10     0.13    25.84     0  02:00        0.13
  2171039301           JUNCTION     0.53     0.77    24.13     0  01:09        0.75
  2171049801           JUNCTION     0.59     1.38    28.83     0  00:05        0.90
  2171049802           JUNCTION     0.32     0.47    27.93     0  01:59        0.47
  2171049803           JUNCTION     0.15     0.22    27.40     0  01:59        0.22
  2171049804           JUNCTION     0.26     0.40    27.89     0  02:00        0.40
  2172030101           JUNCTION     0.29     0.40    26.20     0  02:00        0.40
  2172030103           JUNCTION     0.35     0.50    25.29     0  02:00        0.50
  2172030104           JUNCTION     0.27     0.38    26.25     0  02:00        0.38
  2172030105           JUNCTION     0.33     0.48    25.30     0  02:00        0.48
  2172030106           JUNCTION     0.25     0.36    26.25     0  02:00        0.36
  2172030107           JUNCTION     0.31     0.45    25.30     0  02:00        0.45
  2172030109           JUNCTION     0.28     0.41    25.30     0  02:00        0.41
  2172030201           JUNCTION     0.38     0.53    25.27     0  02:00        0.53
  2172030301           JUNCTION     0.60     0.89    24.26     0  01:51        0.86
  2172030302           JUNCTION     0.41     0.64    24.23     0  01:43        0.62
  2172030303           JUNCTION     0.65     0.96    24.33     0  01:16        0.92
  2172030304           JUNCTION     0.41     0.63    24.28     0  01:52        0.62
  2172030305           JUNCTION     0.69     1.01    24.38     0  01:51        0.96
  2172030306           JUNCTION     0.45     0.69    24.36     0  01:42        0.66
  2172030402           JUNCTION     0.72     1.07    24.43     0  01:56        1.03
  2172030403           JUNCTION     0.45     0.71    24.41     0  01:42        0.67
  2172030505           JUNCTION     0.39     0.55    27.74     0  02:00        0.55
  2172030506           JUNCTION     0.41     0.59    27.81     0  02:00        0.59
  2172030601           JUNCTION     0.41     0.59    27.84     0  02:00        0.59
  2172030903           JUNCTION     0.17     0.25    28.75     0  02:00        0.25
  2172031301           JUNCTION     0.23     0.32    26.56     0  02:00        0.32
  2172031302           JUNCTION     0.20     0.29    26.66     0  02:00        0.29
  2172031401           JUNCTION     0.76     1.11    24.48     0  01:51        1.06
  2172031402           JUNCTION     0.44     0.72    24.48     0  01:51        0.67
  2172031403           JUNCTION     0.78     1.15    24.51     0  02:02        1.09
  2172031404           JUNCTION     0.48     0.75    24.48     0  01:42        0.71
  2172031405           JUNCTION     0.36     0.51    26.11     0  02:00        0.51
  2172031406           JUNCTION     0.32     0.46    26.20     0  02:00        0.46
  2172031407           JUNCTION     0.47     0.72    24.49     0  01:49        0.69
  2172031408           JUNCTION     0.28     0.40    26.33     0  02:00        0.40
  2172031409           JUNCTION     0.26     0.37    26.42     0  02:00        0.37
  2172031503           JUNCTION     0.82     1.23    24.59     0  01:43        1.14
  2172031505           JUNCTION     0.87     1.29    24.66     0  01:58        1.26
  2172031506           JUNCTION     0.45     0.70    24.50     0  01:50        0.68
  2172031601           JUNCTION     0.37     0.56    27.86     0  02:00        0.56
  2172031602           JUNCTION     0.40     0.58    27.85     0  02:00        0.58
  2172031604           JUNCTION     0.13     0.19    27.19     0  02:00        0.19
  2172031605           JUNCTION     0.20     0.28    27.17     0  02:00        0.28
  2172031801           JUNCTION     0.17     0.24    27.67     0  02:00        0.24
  2172031802           JUNCTION     0.29     0.41    27.41     0  02:00        0.41
  2172031901           JUNCTION     0.10     0.14    28.04     0  02:00        0.14
  2172031902           JUNCTION     0.14     0.20    27.86     0  02:00        0.20
  2172032301           JUNCTION     0.17     0.24    26.87     0  02:00        0.24
  2172032302           JUNCTION     0.14     0.20    27.00     0  02:00        0.20
  2172032303           JUNCTION     0.10     0.13    27.13     0  02:00        0.13
  2172032501           JUNCTION     0.81     1.20    24.63     0  01:50        1.19
  2172032502           JUNCTION     0.44     0.69    24.52     0  01:46        0.67
  2172032503           JUNCTION     0.74     1.13    24.63     0  01:05        1.12
  2172032504           JUNCTION     0.43     0.66    24.53     0  01:46        0.65
  2172032601           JUNCTION     0.68     1.08    24.66     0  01:05        1.05
  2172032602           JUNCTION     0.31     0.53    24.53     0  01:46        0.51
  2172032603           JUNCTION     0.66     1.04    24.66     0  01:55        1.01
  2172032604           JUNCTION     0.29     0.49    24.55     0  01:44        0.49
  2172032605           JUNCTION     0.58     0.95    24.66     0  01:55        0.92
  2172032606           JUNCTION     0.24     0.43    24.58     0  01:54        0.40
  2172032701           JUNCTION     0.24     0.34    27.14     0  02:00        0.34
  2172032702           JUNCTION     0.28     0.40    27.07     0  02:00        0.40
  2172032703           JUNCTION     0.16     0.23    26.13     0  02:00        0.23
  2172032704           JUNCTION     0.30     0.42    27.00     0  02:00        0.42
  2172032705           JUNCTION     0.40     0.57    26.07     0  01:59        0.57
  2172032706           JUNCTION     0.20     0.28    26.61     0  01:59        0.28
  2172032707           JUNCTION     0.42     0.59    26.01     0  01:59        0.59
  2172032708           JUNCTION     0.22     0.31    26.72     0  02:00        0.31
  2172032709           JUNCTION     0.43     0.61    25.89     0  01:59        0.61
  2172032710           JUNCTION     0.20     0.28    26.77     0  01:59        0.28
  2172032803           JUNCTION     0.10     0.14    26.34     0  02:00        0.14
  2172033601           JUNCTION     0.56     0.93    24.67     0  01:55        0.87
  2172033602           JUNCTION     0.22     0.39    24.59     0  01:52        0.38
  2172033603           JUNCTION     0.50     0.81    24.63     0  01:45        0.78
  2172033604           JUNCTION     0.25     0.43    24.64     0  01:45        0.41
  2172033701           JUNCTION     0.44     0.63    25.79     0  01:59        0.63
  2172033702           JUNCTION     0.38     0.66    24.64     0  02:00        0.64
  2172033703           JUNCTION     0.30     0.51    24.73     0  01:45        0.44
  2172033704           JUNCTION     0.17     0.34    24.63     0  01:06        0.31
  2172033705           JUNCTION     0.28     0.46    24.73     0  01:46        0.42
  2172033801           JUNCTION     0.13     0.19    26.79     0  01:59        0.19
  2172034701           JUNCTION     0.18     0.32    24.62     0  01:55        0.32
  2172034702           JUNCTION     0.28     0.44    24.75     0  01:47        0.42
  2172034801           JUNCTION     0.17     0.31    24.63     0  01:08        0.29
  2172034802           JUNCTION     0.27     0.42    24.76     0  01:47        0.41
  2172034803           JUNCTION     0.17     0.31    24.63     0  01:08        0.28
  2172034804           JUNCTION     0.19     0.33    24.77     0  01:47        0.30
  2172034805           JUNCTION     0.16     0.34    24.67     0  01:08        0.28
  2172034806           JUNCTION     0.19     0.34    24.79     0  01:47        0.30
  2172035701           JUNCTION     0.28     0.40    25.03     0  02:00        0.40
  2172035901           JUNCTION     0.45     0.61    24.97     0  02:00        0.61
  2172035902           JUNCTION     0.35     0.50    24.98     0  02:00        0.50
  2172035903           JUNCTION     0.41     0.58    25.02     0  02:00        0.58
  2172035904           JUNCTION     0.36     0.53    25.04     0  02:00        0.53
  2172035905           JUNCTION     0.39     0.55    25.08     0  02:00        0.55
  2172035906           JUNCTION     0.29     0.44    25.07     0  02:00        0.44
  2172036601           JUNCTION     0.29     0.42    25.19     0  02:00        0.42
  2172036602           JUNCTION     0.21     0.29    26.13     0  02:00        0.29
  2172036603           JUNCTION     0.20     0.29    26.17     0  02:00        0.29
  2172037001           JUNCTION     0.18     0.27    26.91     0  02:00        0.27
  2172037202           JUNCTION     0.28     0.41    26.90     0  02:00        0.41
  2172037204           JUNCTION     0.33     0.47    26.88     0  02:00        0.47
  2172037501           JUNCTION     0.20     0.29    26.20     0  02:00        0.29
  2172037502           JUNCTION     0.19     0.27    26.22     0  02:00        0.27
  2172037503           JUNCTION     0.18     0.26    26.24     0  02:00        0.26
  2172037701           JUNCTION     0.24     0.35    27.35     0  02:00        0.35
  2172038101           JUNCTION     0.25     0.35    26.67     0  01:57        0.35
  2172038102           JUNCTION     0.25     0.36    26.69     0  01:57        0.36
  2172038103           JUNCTION     0.25     0.36    26.74     0  01:50        0.36
  2172038104           JUNCTION     0.11     0.15    27.11     0  02:00        0.15
  2172038201           JUNCTION     0.25     0.36    26.78     0  01:57        0.36
  2172038202           JUNCTION     0.26     0.37    26.91     0  01:50        0.37
  2172038203           JUNCTION     0.19     0.27    26.92     0  01:57        0.27
  2172038302           JUNCTION     0.39     0.55    26.85     0  02:00        0.55
  2172038303           JUNCTION     0.40     0.57    26.84     0  02:00        0.57
  2172038306           JUNCTION     0.25     0.37    26.98     0  01:56        0.37
  2172038308           JUNCTION     0.26     0.38    27.01     0  01:55        0.38
  2172038403           JUNCTION     0.41     0.57    26.82     0  02:00        0.57
  2172038404           JUNCTION     0.41     0.58    26.80     0  02:00        0.58
  2172038406           JUNCTION     0.41     0.56    26.75     0  02:00        0.56
  2172038407           JUNCTION     0.38     0.52    26.68     0  02:00        0.52
  2172038501           JUNCTION     0.16     0.23    26.24     0  02:00        0.23
  2172038502           JUNCTION     0.14     0.21    26.24     0  02:00        0.21
  2172038503           JUNCTION     0.23     0.31    26.71     0  02:00        0.31
  2172038505           JUNCTION     0.25     0.35    26.45     0  02:00        0.35
  2172038506           JUNCTION     0.23     0.32    26.73     0  02:00        0.32
  2172038509           JUNCTION     0.34     0.51    26.75     0  01:54        0.48
  2172038512           JUNCTION     0.53     1.61    27.90     0  01:45        0.77
  2172038513           JUNCTION     0.57     1.42    27.79     0  01:53        0.83
  2172038514           JUNCTION     0.27     0.38    26.97     0  02:00        0.38
  2172038602           JUNCTION     0.19     0.26    26.76     0  02:00        0.26
  2172038701           JUNCTION     0.27     0.40    27.35     0  02:00        0.40
  2172038702           JUNCTION     0.31     0.44    27.33     0  02:00        0.44
  2172038703           JUNCTION     0.33     0.46    27.29     0  02:00        0.46
  2172038704           JUNCTION     0.32     0.44    27.22     0  02:00        0.44
  2172039101           JUNCTION     0.21     0.30    27.50     0  02:00        0.30
  2172039102           JUNCTION     0.18     0.25    27.62     0  02:00        0.25
  2172039104           JUNCTION     0.11     0.15    28.01     0  02:00        0.15
  2172039202           JUNCTION     0.20     0.28    27.28     0  01:55        0.28
  2172039203           JUNCTION     0.17     0.25    27.89     0  01:52        0.25
  2172039204           JUNCTION     0.46     1.26    28.49     0  00:08        0.65
  2172039205           JUNCTION     0.10     0.15    27.91     0  01:52        0.15
  2172039206           JUNCTION     0.64     1.29    28.62     0  00:08        0.95
  2172039302           JUNCTION     0.24     0.35    27.07     0  01:55        0.35
  2172039303           JUNCTION     0.22     0.32    27.84     0  01:52        0.32
  2172039304           JUNCTION     0.21     0.34    27.61     0  01:34        0.33
  2172039305           JUNCTION     0.23     0.34    27.15     0  01:55        0.34
  2172039306           JUNCTION     0.25     0.37    27.71     0  01:54        0.37
  2172039307           JUNCTION     0.31     1.04    28.34     0  00:27        1.04
  2172039308           JUNCTION     0.35     0.96    28.31     0  00:41        0.52
  2172039309           JUNCTION     0.35     1.02    28.40     0  01:56        0.53
  2172039310           JUNCTION     0.32     1.04    28.49     0  01:25        0.51
  2172039311           JUNCTION     0.28     1.00    28.50     0  01:10        0.47
  2172039401           JUNCTION     0.56     1.06    28.41     0  01:45        0.89
  2172039402           JUNCTION     0.59     1.08    28.40     0  01:45        0.93
  2172039403           JUNCTION     0.62     1.09    28.36     0  01:45        0.97
  2172039404           JUNCTION     0.65     1.08    28.31     0  01:45        1.01
  2172039405           JUNCTION     0.22     0.34    27.24     0  01:54        0.33
  2172039407           JUNCTION     0.50     0.74    27.75     0  00:27        0.72
  2172039501           JUNCTION     0.62     1.35    27.84     0  01:53        0.91
  2172039502           JUNCTION     0.67     1.35    28.04     0  01:53        1.00
  2172039503           JUNCTION     0.69     1.28    28.15     0  01:47        1.05
  2172039504           JUNCTION     0.23     0.34    27.02     0  02:00        0.34
  2172039506           JUNCTION     0.70     1.23    28.23     0  01:53        1.06
  2172039507           JUNCTION     0.67     1.12    28.29     0  01:59        1.03
  2172039508           JUNCTION     0.69     1.13    28.26     0  01:47        1.04
  2172039703           JUNCTION     0.54     0.89    27.24     0  00:21        0.79
  2172039704           JUNCTION     0.69     1.13    27.53     0  00:21        1.06
  2172039705           JUNCTION     0.68     1.14    27.78     0  00:22        1.08
  2172039706           JUNCTION     0.66     1.27    28.11     0  00:21        1.08
  2172040701           JUNCTION     0.19     0.26    27.61     0  02:00        0.26
  2172040702           JUNCTION     0.13     0.19    27.69     0  02:00        0.19
  2172040802           JUNCTION     0.25     0.36    27.86     0  02:00        0.36
  2172041709           JUNCTION     0.24     0.33    27.93     0  02:00        0.33
  2172041802           JUNCTION     0.38     0.56    27.93     0  01:59        0.56
  2172041902           JUNCTION     0.63     1.23    28.96     0  00:10        0.98
  2172041903           JUNCTION     0.58     1.33    29.13     0  00:10        0.94
  2172041905           JUNCTION     0.63     1.28    29.04     0  00:10        0.99
  2172041907           JUNCTION     0.44     0.66    27.43     0  01:53        0.66
  2172042301_          JUNCTION     0.71     1.06    29.81     0  00:09        1.06
  2172042302_          JUNCTION     0.40     0.83    28.73     0  00:23        0.63
  2172042401_          JUNCTION     0.81     1.24    29.92     0  00:08        1.23
  2172042402           JUNCTION     0.89     1.35    29.92     0  00:08        1.33
  2172042403           JUNCTION     1.01     1.50    29.88     0  00:07        1.50
  2172042604           JUNCTION     0.21     0.30    27.95     0  02:00        0.30
  2172042605           JUNCTION     0.17     0.24    28.12     0  02:00        0.24
  2172042701           JUNCTION     0.11     0.16    28.20     0  02:00        0.16
  2172042702           JUNCTION     0.90     1.48    29.28     0  00:34        1.48
  2172042802           JUNCTION     0.77     1.31    29.21     0  00:08        1.26
  2172042901           JUNCTION     0.52     0.81    27.61     0  01:53        0.81
  2172042902           JUNCTION     0.42     1.68    29.63     0  00:10        0.64
  2172043301           JUNCTION     0.13     0.18    28.88     0  02:00        0.18
  2172043401           JUNCTION     0.21     0.29    28.85     0  02:00        0.29
  2172043401_          JUNCTION     1.07     1.60    29.88     0  02:02        1.59
  2172043501           JUNCTION     1.05     1.55    29.81     0  00:10        1.55
  2172043502           JUNCTION     0.43     1.52    29.30     0  00:23        0.64
  2172043503           JUNCTION     1.02     1.57    29.79     0  00:10        1.57
  2172043504           JUNCTION     1.00     1.68    29.75     0  00:10        1.68
  2172043505           JUNCTION     0.96     1.76    29.75     0  00:10        1.69
  2172043506           JUNCTION     0.86     1.87    29.73     0  00:15        1.46
  2172043507           JUNCTION     0.35     0.49    28.21     0  01:51        0.48
  2172043508           JUNCTION     0.48     1.94    29.70     0  00:16        0.82
  2172043602           JUNCTION     0.71     1.10    29.16     0  02:00        1.10
  2172043603           JUNCTION     0.82     1.30    29.55     0  00:26        1.30
  2172043604           JUNCTION     0.48     2.13    29.85     0  00:17        2.07
  2172043605           JUNCTION     0.26     0.38    28.05     0  01:42        0.37
  2172043606           JUNCTION     0.16     0.22    27.87     0  01:59        0.22
  2172043607           JUNCTION     0.31     0.44    28.12     0  01:50        0.43
  2172043701           JUNCTION     0.95     1.54    29.28     0  01:42        1.53
  2172043702           JUNCTION     0.93     1.51    29.23     0  01:56        1.50
  2172043703           JUNCTION     0.84     1.35    29.07     0  01:12        1.35
  2172043704           JUNCTION     0.78     1.32    29.13     0  01:53        1.31
  2172043705           JUNCTION     0.72     1.24    29.14     0  01:50        1.24
  2172043706           JUNCTION     0.75     1.32    29.82     0  00:09        1.21
  2172043801           JUNCTION     0.64     1.12    29.27     0  01:34        1.11
  2172043802           JUNCTION     0.70     1.17    28.85     0  01:44        1.16
  2172043803           JUNCTION     0.81     1.39    28.65     0  00:14        1.30
  2172043804           JUNCTION     0.71     1.14    28.16     0  01:20        1.13
  2172043904           JUNCTION     0.09     0.13    27.07     0  02:00        0.13
  2172043905           JUNCTION     0.34     0.48    26.73     0  01:58        0.48
  2172043906           JUNCTION     0.29     0.43    26.91     0  01:56        0.43
  2172043907           JUNCTION     0.58     0.91    27.62     0  01:27        0.91
  2172044002           JUNCTION     0.13     0.20    26.55     0  02:00        0.20
  2172044103           JUNCTION     0.08     0.12    26.67     0  02:00        0.12
  2172044401           JUNCTION     0.26     0.38    28.82     0  02:00        0.38
  2172044402           JUNCTION     0.30     0.43    28.78     0  02:00        0.43
  2172044403           JUNCTION     0.31     0.44    28.69     0  02:00        0.44
  2172044601           JUNCTION     0.90     1.33    29.43     0  01:57        1.33
  2172044602           JUNCTION     1.02     1.49    29.67     0  00:14        1.49
  2172044603           JUNCTION     0.12     0.18    28.01     0  02:00        0.18
  2172044604           JUNCTION     0.17     0.24    28.24     0  02:00        0.24
  2172044605           JUNCTION     0.98     1.43    29.73     0  00:04        1.43
  2172044606           JUNCTION     0.10     0.14    28.17     0  02:00        0.14
  2172044607           JUNCTION     0.95     1.39    29.81     0  00:04        1.39
  2172044701           JUNCTION     0.63     0.96    29.46     0  00:08        0.96
  2172044702           JUNCTION     0.81     1.29    29.55     0  00:08        1.24
  2172044703           JUNCTION     0.91     1.41    29.61     0  01:47        1.40
  2172044704           JUNCTION     1.04     1.58    29.49     0  01:52        1.58
  2172044705           JUNCTION     0.74     1.12    28.45     0  01:45        1.12
  2172044706           JUNCTION     0.30     0.42    27.17     0  01:58        0.42
  2172044707           JUNCTION     0.21     0.30    28.00     0  02:00        0.30
  2172044902           JUNCTION     0.49     0.74    27.70     0  01:52        0.74
  2172044903           JUNCTION     0.55     0.85    27.83     0  01:46        0.84
  2172044905           JUNCTION     0.60     0.92    27.25     0  00:10        0.91
  2172044909           JUNCTION     0.31     0.49    27.41     0  01:59        0.49
  2172044910           JUNCTION     0.33     0.50    27.50     0  02:00        0.50
  2172045001           JUNCTION     0.19     0.27    26.48     0  02:00        0.27
  2172045002           JUNCTION     0.19     0.28    26.36     0  02:00        0.28
  2172045003           JUNCTION     0.17     0.25    26.13     0  02:00        0.25
  2172045701           JUNCTION     0.19     0.27    27.81     0  02:00        0.27
  2172045702           JUNCTION     0.30     0.43    27.55     0  01:58        0.43
  2172045704           JUNCTION     0.29     0.42    28.17     0  02:00        0.42
  2172045801           JUNCTION     0.36     0.89    28.24     0  00:13        0.55
  2172045802           JUNCTION     0.10     0.15    28.35     0  01:58        0.15
  2172045803           JUNCTION     0.62     1.00    28.21     0  00:10        0.92
  2172045804           JUNCTION     0.66     1.01    28.30     0  01:45        1.01
  2172045805           JUNCTION     0.70     1.08    28.56     0  01:47        1.08
  2172045806           JUNCTION     0.27     0.40    28.37     0  01:59        0.40
  2172045807           JUNCTION     0.44     0.70    28.63     0  01:59        0.70
  2172045808           JUNCTION     0.44     0.72    28.64     0  01:59        0.72
  2172045809           JUNCTION     0.78     1.25    29.56     0  00:07        1.22
  2172045810           JUNCTION     0.47     0.74    28.68     0  01:54        0.74
  2172045902           JUNCTION     0.31     0.46    27.78     0  01:59        0.46
  2172045904           JUNCTION     0.26     0.39    27.92     0  01:59        0.39
  2172045905           JUNCTION     0.35     0.61    28.81     0  00:18        0.58
  2172046001           JUNCTION     0.16     0.24    25.22     0  02:00        0.24
  2172046002           JUNCTION     0.39     0.56    25.16     0  02:00        0.56
  2172046003           JUNCTION     0.33     0.49    25.16     0  02:00        0.49
  2172046004           JUNCTION     0.45     0.63    25.26     0  02:00        0.63
  2172046005           JUNCTION     0.37     0.54    25.21     0  02:00        0.54
  2172046801_          JUNCTION     0.33     0.52    28.76     0  01:59        0.52
  2172046802_          JUNCTION     0.81     1.26    29.67     0  01:42        1.26
  2172046803_          JUNCTION     1.01     1.56    30.17     0  01:54        1.55
  2172046804           JUNCTION     0.30     0.49    29.02     0  00:49        0.49
  2172046805           JUNCTION     0.95     1.45    30.29     0  00:06        1.45
  2172046806           JUNCTION     0.78     1.20    30.40     0  00:07        1.20
  2172046901           JUNCTION     1.01     1.53    29.89     0  00:13        1.53
  2172046902           JUNCTION     0.20     0.35    28.95     0  01:59        0.35
  2172046903           JUNCTION     0.98     1.52    30.06     0  00:07        1.52
  2172046904           JUNCTION     0.15     0.21    29.10     0  02:00        0.21
  2172046905           JUNCTION     0.23     0.35    29.55     0  02:00        0.35
  2172047001           JUNCTION     0.22     0.33    25.22     0  02:00        0.33
  2172047101           JUNCTION     0.44     0.62    25.31     0  02:00        0.62
  2172047102           JUNCTION     0.43     0.62    25.36     0  02:00        0.62
  2172047103           JUNCTION     0.24     0.36    25.29     0  02:00        0.36
  2172047104           JUNCTION     0.26     0.39    25.35     0  01:59        0.39
  2172047202           JUNCTION     0.11     0.18    26.11     0  01:59        0.18
  2172047204           JUNCTION     0.20     0.33    26.11     0  01:59        0.33
  2172047403           JUNCTION     0.51     0.83    26.54     0  01:59        0.83
  2172048101           JUNCTION     0.61     0.90    26.19     0  02:00        0.90
  2172048201           JUNCTION     0.28     0.46    26.11     0  01:59        0.46
  2172048202           JUNCTION     0.66     0.94    26.11     0  02:00        0.94
  2172048203           JUNCTION     0.78     1.11    26.28     0  01:59        1.11
  2172048304           JUNCTION     0.25     0.41    26.36     0  01:59        0.41
  2172048305           JUNCTION     0.62     0.98    26.53     0  02:00        0.98
  2172048306           JUNCTION     0.83     1.18    26.35     0  01:59        1.18
  2172048307           JUNCTION     0.78     1.24    26.60     0  00:31        1.18
  2172048401           JUNCTION     0.58     0.92    26.54     0  02:00        0.92
  2172048403           JUNCTION     0.61     0.96    26.53     0  02:00        0.96
  2172048405           JUNCTION     0.11     0.16    26.78     0  02:00        0.16
  2172048407           JUNCTION     0.14     0.20    27.23     0  02:00        0.20
  2172048408           JUNCTION     0.23     0.33    27.18     0  02:00        0.33
  2172049003           JUNCTION     0.63     0.93    26.35     0  02:00        0.93
  2172049301           JUNCTION     0.87     1.30    26.47     0  00:25        1.25
  2172049302           JUNCTION     0.85     1.73    26.98     0  00:26        1.25
  2172049303           JUNCTION     0.89     1.37    26.57     0  00:25        1.29
  2172049304           JUNCTION     0.82     1.22    26.49     0  01:59        1.22
  2172049401           JUNCTION     0.14     0.21    27.32     0  02:00        0.21
  2172049402           JUNCTION     0.75     1.13    26.50     0  01:59        1.13
  2172049403           JUNCTION     0.72     1.10    26.50     0  01:59        1.10
  2172049502           JUNCTION     0.08     0.11    27.56     0  02:00        0.11
  2172051102           JUNCTION     1.25     2.15    30.04     0  00:09        2.07
  2172051103           JUNCTION     1.33     2.15    29.72     0  00:27        2.15
  2172052101           JUNCTION     1.15     1.85    29.08     0  01:52        1.85
  2172052102           JUNCTION     0.57     0.90    27.94     0  01:59        0.90
  2172052103           JUNCTION     0.32     0.55    27.55     0  00:19        0.50
  2172052105           JUNCTION     0.26     0.37    26.37     0  01:59        0.37
  2172052106           JUNCTION     0.44     0.67    27.13     0  01:41        0.66
  2172052107           JUNCTION     0.52     0.83    27.45     0  01:27        0.82
  2172052108           JUNCTION     0.18     0.25    27.67     0  01:59        0.25
  2172052109           JUNCTION     0.53     0.87    27.66     0  01:55        0.85
  2172052110           JUNCTION     0.50     0.80    28.40     0  01:55        0.79
  2172052111           JUNCTION     0.49     0.82    27.77     0  01:58        0.82
  2172052112           JUNCTION     0.56     0.91    28.65     0  01:55        0.91
  2172052114           JUNCTION     0.68     1.09    28.84     0  01:52        1.08
  2172052201           JUNCTION     0.43     0.73    27.81     0  01:45        0.72
  2172052202           JUNCTION     0.31     0.55    27.81     0  01:52        0.55
  2172053201           JUNCTION     0.75     1.22    28.98     0  01:28        1.20
  2172053203           JUNCTION     0.69     1.16    29.02     0  01:52        1.15
  2172053204           JUNCTION     0.50     0.87    29.03     0  01:54        0.87
  2172053503           JUNCTION     1.35     2.03    28.51     0  01:57        2.02
  2172053602           JUNCTION     1.23     1.87    28.51     0  00:05        1.87
  2172054407           JUNCTION     0.28     0.39    26.85     0  02:00        0.39
  2172054409           JUNCTION     0.16     0.23    26.99     0  02:00        0.23
  2172054410           JUNCTION     0.22     0.31    26.96     0  02:00        0.31
  2172054501           JUNCTION     1.13     1.70    28.16     0  01:57        1.70
  2172054502           JUNCTION     0.31     0.43    26.84     0  01:59        0.43
  2172054503           JUNCTION     0.22     0.32    26.84     0  02:00        0.32
  2172054504           JUNCTION     0.27     0.37    26.78     0  02:00        0.37
  2172054506           JUNCTION     0.30     0.41    26.80     0  02:00        0.41
  2172055101           JUNCTION     0.25     0.37    28.48     0  01:59        0.37
  2172055701_          JUNCTION     0.11     0.15    28.60     0  02:00        0.15
  2172056101           JUNCTION     0.68     1.09    29.49     0  01:53        1.09
  2172056102           JUNCTION     0.71     1.23    29.72     0  00:07        1.17
  2172056302           JUNCTION     0.49     0.88    29.19     0  01:55        0.87
  2172056305           JUNCTION     0.81     1.35    30.03     0  00:06        1.24
  2172056306           JUNCTION     0.23     0.35    28.47     0  01:59        0.35
  2172056403           JUNCTION     0.69     1.35    29.12     0  00:11        1.18
  2172056404           JUNCTION     0.50     0.80    28.06     0  01:56        0.79
  2172056405           JUNCTION     0.21     0.29    27.19     0  01:59        0.29
  2172056406           JUNCTION     0.59     0.89    29.89     0  00:07        0.89
  2172056501           JUNCTION     0.32     0.46    27.66     0  01:58        0.46
  2172056502           JUNCTION     0.30     0.44    27.95     0  01:57        0.44
  2172056503           JUNCTION     0.98     1.52    29.40     0  01:39        1.52
  2172056601           JUNCTION     0.21     0.33    29.09     0  02:00        0.33
  2172056601_          JUNCTION     1.30     2.03    30.03     0  01:43        2.02
  2172056602           JUNCTION     0.33     0.49    28.94     0  01:59        0.49
  2172056602_          JUNCTION     1.38     2.16    30.34     0  01:55        2.15
  2172056603           JUNCTION     0.70     1.11    29.64     0  01:58        1.11
  2172056603_          JUNCTION     1.25     1.95    30.36     0  00:06        1.95
  2172057001           JUNCTION     0.47     0.68    29.93     0  00:04        0.68
  2172057002           JUNCTION     0.55     0.81    29.99     0  01:27        0.80
  2172057003           JUNCTION     0.58     0.86    29.98     0  01:36        0.85
  2172057004           JUNCTION     0.54     0.80    29.89     0  01:46        0.79
  2172057005           JUNCTION     0.63     0.98    29.83     0  00:07        0.98
  2172057101           JUNCTION     0.16     0.22    28.95     0  01:51        0.22
  2172057105           JUNCTION     0.50     0.77    29.53     0  01:57        0.77
  2172057301           JUNCTION     0.91     1.54    29.99     0  00:06        1.38
  2172057302           JUNCTION     0.52     0.83    29.06     0  01:52        0.83
  2172057305           JUNCTION     0.79     1.21    29.46     0  01:55        1.20
  2172057306           JUNCTION     0.26     0.46    29.18     0  02:00        0.46
  2172057307           JUNCTION     0.31     0.45    28.15     0  01:57        0.45
  2172057309           JUNCTION     0.29     0.41    27.65     0  01:56        0.41
  2172057402           JUNCTION     0.34     0.49    27.73     0  02:00        0.49
  2172057403           JUNCTION     0.32     0.48    27.82     0  02:00        0.48
  2172057404           JUNCTION     0.29     0.43    27.85     0  02:00        0.43
  2172057406           JUNCTION     0.52     0.74    28.06     0  01:58        0.74
  2172057501           JUNCTION     0.21     0.31    27.90     0  02:00        0.31
  2172057502           JUNCTION     0.11     0.15    28.01     0  02:00        0.15
  2172057601           JUNCTION     0.72     1.15    29.68     0  01:57        1.15
  2172057602           JUNCTION     0.33     0.48    28.79     0  01:59        0.48
  2172057603           JUNCTION     0.38     0.60    28.96     0  01:58        0.60
  2172058102           JUNCTION     0.41     1.30    29.95     0  00:09        0.63
  2172058401           JUNCTION     0.74     1.34    28.93     0  00:10        1.12
  2172058402           JUNCTION     0.92     1.44    29.20     0  01:36        1.42
  2172058403           JUNCTION     0.99     1.56    29.42     0  00:10        1.54
  2172058501           JUNCTION     1.01     1.59    29.58     0  01:33        1.58
  2172058502           JUNCTION     1.00     2.13    30.36     0  00:10        1.58
  2172058503           JUNCTION     0.99     1.59    30.10     0  01:44        1.57
  2172058602           JUNCTION     0.96     1.53    30.21     0  01:40        1.52
  2172058603           JUNCTION     0.93     1.51    30.25     0  01:31        1.50
  2172058604           JUNCTION     0.84     1.44    30.36     0  00:10        1.38
  2172058605           JUNCTION     0.47     0.80    30.32     0  01:44        0.79
  2172058606           JUNCTION     0.91     1.37    30.27     0  00:10        1.37
  2172058607           JUNCTION     0.96     1.49    30.49     0  00:05        1.49
  2172058608           JUNCTION     0.97     1.49    30.44     0  01:59        1.49
  2172059301           JUNCTION     0.19     0.27    28.44     0  01:59        0.27
  2172059302           JUNCTION     0.24     0.34    28.79     0  01:59        0.34
  2172059303           JUNCTION     0.18     0.25    28.91     0  01:40        0.25
  2172059402           JUNCTION     0.46     0.72    29.00     0  01:45        0.71
  2172059404           JUNCTION     0.50     0.81    29.18     0  01:59        0.80
  2172059405           JUNCTION     0.30     0.50    29.26     0  01:59        0.50
  2172059406           JUNCTION     0.21     0.36    29.28     0  01:59        0.36
  2172059501           JUNCTION     0.43     0.69    29.99     0  01:46        0.69
  2172059502           JUNCTION     0.41     0.63    29.83     0  01:34        0.63
  2172059503           JUNCTION     0.30     0.46    29.39     0  02:00        0.46
  2172059504           JUNCTION     0.33     0.51    29.34     0  02:00        0.51
  2172059604           JUNCTION     0.39     0.57    29.19     0  02:00        0.57
  2172059703           JUNCTION     0.17     0.24    29.31     0  02:00        0.24
  2173030105           JUNCTION     0.09     0.13    27.74     0  02:00        0.13
  2173030301           JUNCTION     0.71     1.13    28.56     0  00:08        1.06
  2173030302           JUNCTION     0.70     1.07    28.57     0  00:08        1.05
  2173030303           JUNCTION     0.67     1.05    28.60     0  00:08        1.00
  2173030304           JUNCTION     0.63     0.94    28.54     0  00:08        0.94
  2173030403           JUNCTION     0.35     1.14    29.13     0  01:19        0.84
  2173030405           JUNCTION     0.35     1.42    29.33     0  01:39        0.99
  2173030501           JUNCTION     0.78     1.26    28.44     0  01:47        1.18
  2173030502           JUNCTION     0.55     0.91    28.18     0  01:47        0.86
  2173030503           JUNCTION     0.89     1.39    28.64     0  01:59        1.32
  2173030504           JUNCTION     0.58     0.84    27.94     0  01:54        0.84
  2173030505           JUNCTION     0.61     0.89    28.05     0  01:45        0.89
  2173030506           JUNCTION     0.60     0.88    28.07     0  01:54        0.88
  2173030507           JUNCTION     0.30     0.88    28.98     0  01:33        0.52
  2173030601           JUNCTION     0.95     1.44    28.76     0  01:59        1.40
  2173030602           JUNCTION     0.98     1.43    28.82     0  00:13        1.43
  2173030603           JUNCTION     1.02     1.50    28.97     0  00:13        1.50
  2173030604           JUNCTION     1.04     1.54    29.06     0  01:19        1.53
  2173030605           JUNCTION     0.56     0.84    28.10     0  01:48        0.84
  2173030606           JUNCTION     0.55     0.83    28.11     0  01:54        0.83
  2173030607           JUNCTION     1.03     1.60    29.19     0  00:08        1.53
  2173030608           JUNCTION     1.01     1.54    29.21     0  00:08        1.50
  2173030701           JUNCTION     0.63     1.50    28.54     0  00:21        1.05
  2173030702           JUNCTION     0.43     0.77    28.26     0  01:57        0.76
  2173030703           JUNCTION     0.60     1.53    28.76     0  00:21        1.01
  2173030704           JUNCTION     0.46     0.84    28.26     0  01:55        0.82
  2173030705           JUNCTION     0.49     0.87    28.27     0  01:38        0.86
  2173030706           JUNCTION     0.48     0.83    28.29     0  01:58        0.82
  2173030801           JUNCTION     0.32     0.60    28.28     0  01:50        0.60
  2173030901           JUNCTION     0.39     0.56    26.71     0  02:00        0.56
  2173030902           JUNCTION     0.33     0.46    26.79     0  02:00        0.46
  2173031302           JUNCTION     0.32     0.45    27.62     0  02:00        0.45
  2173031304           JUNCTION     0.29     0.41    27.89     0  02:00        0.41
  2173031305           JUNCTION     0.30     0.42    28.10     0  02:00        0.42
  2173031306           JUNCTION     0.31     0.43    27.97     0  02:00        0.43
  2173031307           JUNCTION     0.29     0.41    27.99     0  02:00        0.41
  2173031308           JUNCTION     0.29     0.40    28.76     0  02:00        0.40
  2173031401           JUNCTION     0.32     1.50    29.36     0  00:36        1.25
  2173031402           JUNCTION     0.19     0.28    28.09     0  01:55        0.28
  2173031403           JUNCTION     0.23     0.33    28.24     0  01:56        0.33
  2173031404           JUNCTION     0.25     0.37    28.00     0  02:00        0.37
  2173031501           JUNCTION     0.24     0.43    28.63     0  01:58        0.42
  2173031505           JUNCTION     0.18     0.26    28.26     0  01:48        0.26
  2173031601           JUNCTION     0.50     0.76    28.14     0  01:44        0.76
  2173031701           JUNCTION     1.00     1.47    29.17     0  00:08        1.47
  2173031702           JUNCTION     0.92     1.37    29.24     0  00:09        1.37
  2173031703           JUNCTION     0.45     0.67    28.15     0  01:50        0.67
  2173031704           JUNCTION     0.44     0.66    28.16     0  01:50        0.66
  2173031705           JUNCTION     0.90     1.35    29.30     0  00:09        1.35
  2173031706           JUNCTION     0.88     1.36    29.42     0  00:10        1.34
  2173031707           JUNCTION     0.38     0.58    28.16     0  01:51        0.58
  2173031708           JUNCTION     0.31     0.49    28.17     0  01:50        0.49
  2173031801           JUNCTION     0.11     0.15    27.71     0  02:00        0.15
  2173031802           JUNCTION     0.16     0.22    27.57     0  02:00        0.22
  2173031803           JUNCTION     0.14     0.19    27.77     0  02:00        0.19
  2173031804           JUNCTION     0.84     1.57    29.72     0  00:10        1.29
  2173031805           JUNCTION     0.79     1.33    29.56     0  00:10        1.22
  2173031806           JUNCTION     0.10     0.14    28.02     0  02:00        0.14
  2173031807           JUNCTION     0.74     1.27    29.57     0  00:10        1.15
  2173031901           JUNCTION     0.28     0.39    26.92     0  02:00        0.39
  2173031902           JUNCTION     0.25     0.36    27.08     0  02:00        0.36
  2173031903           JUNCTION     0.22     0.31    27.23     0  02:00        0.31
  2173032201           JUNCTION     0.28     0.39    29.72     0  02:00        0.39
  2173032202           JUNCTION     0.37     0.53    30.25     0  02:00        0.53
  2173032205           JUNCTION     0.35     0.49    30.47     0  02:00        0.49
  2173032206           JUNCTION     0.31     0.44    30.77     0  02:00        0.44
  2173032207           JUNCTION     0.20     0.28    31.55     0  02:00        0.28
  2173032401           JUNCTION     0.14     0.19    28.18     0  02:00        0.19
  2173032801_          JUNCTION     0.28     0.44    28.17     0  01:52        0.44
  2173033201           JUNCTION     0.24     0.33    31.75     0  02:00        0.33
  2173033202           JUNCTION     0.22     0.30    31.85     0  02:00        0.30
  2173033204           JUNCTION     0.12     0.16    33.71     0  02:00        0.16
  2173033207           JUNCTION     0.10     0.13    34.28     0  02:00        0.13
  2173033301           JUNCTION     0.30     0.43    30.87     0  02:00        0.43
  2173033302           JUNCTION     0.26     0.37    30.95     0  02:00        0.37
  2173033303           JUNCTION     0.21     0.31    30.98     0  02:00        0.31
  2173033402           JUNCTION     0.15     0.21    30.99     0  02:00        0.21
  2173033404           JUNCTION     0.14     0.20    30.43     0  02:00        0.20
  2173033501           JUNCTION     0.14     0.19    30.31     0  02:00        0.19
  2173033601           JUNCTION     0.21     0.31    28.84     0  01:58        0.31
  2173033602           JUNCTION     0.13     0.19    29.14     0  02:00        0.19
  2173033603           JUNCTION     0.09     0.13    29.26     0  02:00        0.13
  2173033604           JUNCTION     0.35     0.50    29.22     0  01:58        0.50
  2173033605           JUNCTION     0.34     0.49    29.45     0  01:58        0.49
  2173034201           JUNCTION     0.10     0.14    34.54     0  02:00        0.14
  2173034202           JUNCTION     0.68     1.21    36.06     0  01:55        1.20
  2173034203           JUNCTION     0.80     1.39    36.04     0  01:51        1.37
  2173034204           JUNCTION     0.86     1.47    35.98     0  01:54        1.46
  2173034205           JUNCTION     0.88     1.49    35.83     0  01:54        1.48
  2173034302           JUNCTION     0.82     1.36    35.50     0  01:49        1.34
  2173034303           JUNCTION     0.66     1.06    35.00     0  01:58        1.06
  2173034501           JUNCTION     0.23     0.32    29.98     0  01:59        0.32
  2173034502           JUNCTION     0.21     0.30    29.82     0  01:45        0.30
  2173034503           JUNCTION     0.29     0.42    29.61     0  01:59        0.42
  2173035301           JUNCTION     0.20     0.29    33.98     0  01:59        0.29
  2173035401           JUNCTION     0.21     0.30    35.65     0  02:00        0.30
  2173035401_          JUNCTION     0.09     0.12    34.06     0  02:00        0.12
  2173035402           JUNCTION     0.14     0.20    35.70     0  02:00        0.20
  2173035501           JUNCTION     0.12     0.17    33.14     0  02:00        0.17
  2173035502           JUNCTION     0.15     0.21    32.30     0  02:00        0.21
  2173036501           JUNCTION     0.18     0.25    31.37     0  02:00        0.25
  2173036502           JUNCTION     0.20     0.27    29.81     0  02:00        0.27
  2173036503           JUNCTION     0.43     0.63    29.27     0  02:00        0.63
  2173036601_          JUNCTION     0.21     0.29    30.50     0  02:00        0.29
  2173036602           JUNCTION     0.41     0.59    31.38     0  01:53        0.59
  2173036603           JUNCTION     0.63     1.15    32.01     0  00:09        0.97
  2173036604           JUNCTION     0.77     1.39    32.34     0  00:09        1.22
  2173036701           JUNCTION     0.85     1.65    32.65     0  00:09        1.36
  2173036702           JUNCTION     0.86     1.69    32.74     0  00:09        1.39
  2173036703           JUNCTION     0.83     1.85    32.95     0  00:09        1.36
  2173037801           JUNCTION     0.11     0.16    32.01     0  02:00        0.16
  2173037802           JUNCTION     0.16     0.23    31.85     0  02:00        0.23
  2173037901           JUNCTION     0.27     0.38    29.13     0  02:00        0.38
  2173038801           JUNCTION     0.21     0.29    31.70     0  02:00        0.29
  2173038901           JUNCTION     0.25     0.35    29.35     0  02:00        0.35
  2173038902           JUNCTION     0.25     0.36    31.56     0  02:00        0.36
  2173038903           JUNCTION     0.28     0.39    31.47     0  02:00        0.39
  2173038904           JUNCTION     0.19     0.35    32.01     0  01:58        0.35
  2173038905           JUNCTION     0.35     0.63    32.01     0  01:54        0.63
  2173039901           JUNCTION     0.44     0.78    31.96     0  01:37        0.77
  2173040001           JUNCTION     0.38     0.55    26.45     0  02:00        0.55
  2173040002           JUNCTION     0.40     0.57    26.57     0  02:00        0.57
  2173040101           JUNCTION     0.36     0.53    27.53     0  02:00        0.53
  2173040102           JUNCTION     0.37     0.53    27.51     0  02:00        0.53
  2173040501           JUNCTION     0.62     0.98    26.50     0  01:59        0.98
  2173041101           JUNCTION     0.37     0.53    27.55     0  02:00        0.53
  2173041102           JUNCTION     0.36     0.51    27.56     0  02:00        0.51
  2173041103           JUNCTION     0.23     0.34    28.04     0  02:00        0.34
  2173041104           JUNCTION     0.27     0.38    28.01     0  02:00        0.38
  2173041105           JUNCTION     0.33     0.48    27.57     0  02:00        0.48
  2173041201           JUNCTION     0.36     0.52    27.47     0  02:00        0.52
  2173041202           JUNCTION     0.32     0.46    27.37     0  02:00        0.46
  2173041401           JUNCTION     0.28     0.44    26.64     0  01:56        0.44
  2173041501           JUNCTION     0.60     0.84    26.64     0  01:59        0.84
  2173041502           JUNCTION     0.61     0.85    26.64     0  01:59        0.85
  2173041601           JUNCTION     0.62     0.86    26.64     0  02:00        0.86
  2173042001           JUNCTION     0.30     0.44    27.58     0  02:00        0.44
  2173042101           JUNCTION     0.16     0.23    27.93     0  02:00        0.23
  2173042302           JUNCTION     0.44     0.62    27.05     0  01:58        0.62
  2173042401           JUNCTION     0.22     0.36    26.64     0  01:57        0.36
  2173042403           JUNCTION     0.20     0.33    26.64     0  01:57        0.33
  2173042406           JUNCTION     0.35     0.49    27.43     0  02:00        0.49
  2173042601           JUNCTION     0.63     0.88    26.64     0  01:57        0.88
  2173042701           JUNCTION     0.64     0.89    26.64     0  01:58        0.89
  2173042801           JUNCTION     0.64     0.88    26.62     0  01:59        0.88
  2173042802           JUNCTION     0.63     0.86    26.59     0  01:59        0.86
  2173043003           JUNCTION     0.18     0.27    28.32     0  02:00        0.27
  2173043005           JUNCTION     0.11     0.16    28.46     0  02:00        0.16
  2173043203           JUNCTION     0.55     0.77    27.27     0  01:59        0.77
  2173043301           JUNCTION     0.49     0.69    27.14     0  01:59        0.69
  2173043302           JUNCTION     0.33     0.47    27.55     0  02:00        0.47
  2173043303           JUNCTION     0.52     0.74    27.22     0  01:59        0.74
  2173043304           JUNCTION     0.30     0.44    27.56     0  02:00        0.44
  2173043305           JUNCTION     0.24     0.37    27.57     0  02:00        0.37
  2173043401           JUNCTION     0.35     0.50    27.51     0  02:00        0.50
  2173043402           JUNCTION     0.35     0.49    27.56     0  02:00        0.49
  2173043403           JUNCTION     0.35     0.50    27.65     0  02:00        0.50
  2173043404           JUNCTION     0.33     0.48    27.68     0  02:00        0.48
  2173043405           JUNCTION     0.28     0.40    27.73     0  02:00        0.40
  2173043406           JUNCTION     0.29     0.43    27.70     0  02:00        0.43
  2173043504           JUNCTION     0.30     0.43    27.66     0  02:00        0.43
  2173043506           JUNCTION     0.35     0.50    27.79     0  02:00        0.50
  2173043601           JUNCTION     0.92     1.34    27.84     0  00:23        1.32
  2173043901           JUNCTION     0.62     0.85    26.57     0  01:59        0.85
  2173043902           JUNCTION     0.61     0.84    26.55     0  02:00        0.84
  2173044101           JUNCTION     0.27     0.41    28.21     0  02:00        0.41
  2173044102           JUNCTION     0.30     0.45    28.20     0  02:00        0.45
  2173044103           JUNCTION     0.30     0.44    28.13     0  02:00        0.44
  2173044106           JUNCTION     0.25     0.36    27.42     0  01:59        0.36
  2173044201           JUNCTION     0.30     0.44    27.93     0  02:00        0.44
  2173044202           JUNCTION     0.41     0.61    27.30     0  01:57        0.61
  2173044203           JUNCTION     0.35     0.51    27.33     0  01:53        0.51
  2173044204           JUNCTION     0.54     1.20    28.65     0  00:09        0.76
  2173044301           JUNCTION     0.51     0.73    27.29     0  01:58        0.73
  2173044302           JUNCTION     0.43     0.61    27.80     0  01:59        0.61
  2173044303           JUNCTION     0.48     0.70    27.92     0  01:59        0.70
  2173044304           JUNCTION     0.40     0.66    28.16     0  01:58        0.65
  2173044305           JUNCTION     0.56     0.85    28.15     0  01:58        0.85
  2173044306           JUNCTION     0.43     0.68    28.19     0  01:59        0.68
  2173044401           JUNCTION     0.27     0.40    27.70     0  02:00        0.40
  2173044402           JUNCTION     0.24     0.34    27.76     0  02:00        0.34
  2173044403           JUNCTION     0.19     0.27    27.77     0  02:00        0.27
  2173044404           JUNCTION     0.12     0.21    28.21     0  02:00        0.21
  2173044405           JUNCTION     0.31     0.50    28.21     0  01:59        0.50
  2173044406           JUNCTION     0.33     0.49    28.02     0  02:00        0.49
  2173044502           JUNCTION     0.39     0.56    27.93     0  02:00        0.56
  2173044504           JUNCTION     0.38     0.56    27.98     0  02:00        0.56
  2173044505           JUNCTION     1.02     1.55    28.16     0  00:23        1.51
  2173044506           JUNCTION     0.36     0.54    28.01     0  02:00        0.54
  2173044507           JUNCTION     1.05     1.59    28.21     0  00:23        1.56
  2173044601           JUNCTION     0.98     1.48    28.04     0  00:23        1.43
  2173044602           JUNCTION     1.01     1.53    28.13     0  00:23        1.49
  2173045101           JUNCTION     0.25     0.37    27.41     0  01:59        0.37
  2173045102           JUNCTION     0.23     0.35    27.43     0  02:00        0.35
  2173045103           JUNCTION     0.23     0.34    27.43     0  02:00        0.34
  2173045104           JUNCTION     0.22     0.33    27.43     0  02:00        0.33
  2173045105           JUNCTION     0.22     0.32    27.43     0  02:00        0.32
  2173045201           JUNCTION     0.25     0.37    27.35     0  01:58        0.37
  2173045202           JUNCTION     0.25     0.37    27.37     0  01:58        0.37
  2173045203           JUNCTION     0.70     1.29    28.79     0  00:09        1.02
  2173045204           JUNCTION     0.26     0.37    27.39     0  01:56        0.37
  2173045205           JUNCTION     0.84     1.29    28.85     0  00:09        1.23
  2173045210           JUNCTION     0.32     0.43    27.97     0  02:00        0.43
  2173045301           JUNCTION     0.93     1.43    29.05     0  00:09        1.39
  2173045302           JUNCTION     0.99     1.49    29.17     0  01:25        1.48
  2173045303           JUNCTION     1.02     1.54    29.26     0  00:49        1.52
  2173045304           JUNCTION     1.02     1.55    29.31     0  01:24        1.54
  2173045305           JUNCTION     1.02     1.54    29.34     0  01:38        1.54
  2173045306           JUNCTION     1.00     1.51    29.35     0  00:39        1.51
  2173045401           JUNCTION     0.13     0.21    28.21     0  02:00        0.21
  2173045402           JUNCTION     0.28     0.43    28.03     0  02:00        0.43
  2173045501           JUNCTION     1.07     1.62    28.24     0  00:23        1.59
  2173045502           JUNCTION     1.09     1.65    28.28     0  00:23        1.62
  2173045503           JUNCTION     1.11     1.67    28.32     0  00:23        1.64
  2173045504           JUNCTION     0.67     1.08    28.36     0  00:23        1.07
  2173045505           JUNCTION     0.66     1.08    28.42     0  00:23        1.07
  2173045603           JUNCTION     0.25     0.35    27.70     0  02:00        0.35
  2173045604           JUNCTION     0.23     0.32    27.74     0  02:00        0.32
  2173045901           JUNCTION     0.33     0.47    26.48     0  02:00        0.47
  2173046104           JUNCTION     0.68     1.11    29.03     0  00:16        1.00
  2173046106           JUNCTION     0.80     1.39    29.55     0  00:16        1.23
  2173046203           JUNCTION     0.27     0.38    28.15     0  02:00        0.38
  2173046301           JUNCTION     0.29     0.42    28.03     0  02:00        0.42
  2173046401           JUNCTION     1.07     1.63    28.34     0  00:23        1.62
  2173046402           JUNCTION     0.97     1.46    29.35     0  00:09        1.46
  2173046403           JUNCTION     0.96     1.49    29.41     0  00:09        1.46
  2173046404           JUNCTION     0.94     1.46    29.41     0  00:09        1.43
  2173046405           JUNCTION     0.90     1.41    29.41     0  00:09        1.39
  2173046406           JUNCTION     1.04     1.65    28.43     0  00:21        1.59
  2173046409           JUNCTION     1.03     1.65    28.46     0  00:21        1.58
  2173046410           JUNCTION     0.24     0.35    28.05     0  02:00        0.35
  2173046412           JUNCTION     0.67     1.43    28.89     0  00:21        1.06
  2173046413           JUNCTION     0.98     1.62    28.49     0  00:21        1.52
  2173046414           JUNCTION     0.85     1.38    28.59     0  00:21        1.29
  2173046501           JUNCTION     0.64     1.18    28.59     0  00:22        1.04
  2173046601           JUNCTION     0.18     0.26    27.76     0  02:00        0.26
  2173046602           JUNCTION     0.59     1.23    28.72     0  00:22        0.98
  2173046603           JUNCTION     0.52     1.14    28.74     0  00:21        0.88
  2173046707           JUNCTION     0.19     0.27    27.65     0  02:00        0.27
  2173046709           JUNCTION     0.13     0.19    27.69     0  02:00        0.19
  2173046901           JUNCTION     0.29     0.42    26.49     0  02:00        0.42
  2173046902           JUNCTION     0.28     0.41    26.49     0  02:00        0.41
  2173047001           JUNCTION     0.66     1.53    30.01     0  00:14        1.07
  2173047002           JUNCTION     0.29     0.41    28.71     0  02:00        0.41
  2173047003           JUNCTION     0.49     1.56    30.40     0  00:16        0.83
  2173047004           JUNCTION     0.32     0.59    29.74     0  01:56        0.58
  2173047005           JUNCTION     0.19     0.35    29.70     0  01:57        0.33
  2173047101           JUNCTION     0.80     1.21    29.48     0  00:14        1.21
  2173047102           JUNCTION     0.79     1.19    29.56     0  00:14        1.18
  2173047103           JUNCTION     0.56     0.99    28.93     0  01:08        0.87
  2173047104           JUNCTION     0.80     1.42    29.91     0  00:14        1.23
  2173047105           JUNCTION     0.62     1.17    29.30     0  01:08        1.00
  2173047301           JUNCTION     0.27     0.37    28.19     0  02:00        0.37
  2173047302           JUNCTION     0.22     0.31    28.21     0  02:00        0.31
  2173047402           JUNCTION     0.90     1.44    28.70     0  00:21        1.36
  2173047501           JUNCTION     0.68     1.58    29.10     0  00:21        1.10
  2173047502           JUNCTION     0.67     1.79    29.37     0  00:21        1.09
  2173047503           JUNCTION     0.95     1.50    28.82     0  00:21        1.44
  2173047504           JUNCTION     0.64     1.77    29.41     0  00:21        1.06
  2173047505           JUNCTION     0.98     1.55    28.93     0  00:21        1.49
  2173047506           JUNCTION     1.00     1.56    28.98     0  00:21        1.52
  2173047601           JUNCTION     0.84     1.26    28.75     0  01:33        1.25
  2173047602           JUNCTION     0.60     1.62    29.32     0  00:21        1.01
  2173047603           JUNCTION     1.01     1.54    29.06     0  01:51        1.53
  2173047604           JUNCTION     1.01     1.56    29.03     0  00:21        1.54
  2173047701           JUNCTION     0.29     0.41    27.85     0  01:56        0.41
  2173047702           JUNCTION     0.36     0.51    28.02     0  01:57        0.51
  2173047703           JUNCTION     0.61     0.89    28.36     0  01:47        0.89
  2173047704           JUNCTION     0.38     0.55    28.14     0  02:00        0.55
  2173047801           JUNCTION     0.12     0.17    27.67     0  02:00        0.17
  2173047802           JUNCTION     0.18     0.25    27.60     0  02:00        0.25
  2173047803           JUNCTION     0.23     0.33    27.49     0  02:00        0.33
  2173047804           JUNCTION     0.36     0.53    28.22     0  01:59        0.53
  2173047805           JUNCTION     0.32     0.46    28.28     0  01:59        0.46
  2173047902           JUNCTION     0.28     0.39    27.39     0  01:59        0.39
  2173047903           JUNCTION     0.31     0.45    27.27     0  01:59        0.45
  2173047904           JUNCTION     0.51     0.73    27.14     0  01:58        0.73
  2173048001           JUNCTION     0.65     1.78    30.60     0  00:14        1.05
  2173048002           JUNCTION     0.69     1.83    30.59     0  00:14        1.10
  2173048003           JUNCTION     0.11     0.15    29.81     0  02:00        0.15
  2173048004           JUNCTION     0.74     1.94    30.62     0  00:14        1.17
  2173048005           JUNCTION     0.15     0.36    30.07     0  01:02        0.35
  2173048006           JUNCTION     0.31     1.40    30.83     0  01:08        0.60
  2173048007           JUNCTION     0.44     1.25    30.46     0  01:08        0.81
  2173048008           JUNCTION     0.53     1.33    30.39     0  01:08        0.92
  2173048101           JUNCTION     0.78     1.55    30.14     0  00:14        1.21
  2173048102           JUNCTION     0.65     1.30    29.64     0  01:08        1.07
  2173048103           JUNCTION     0.63     1.37    29.97     0  01:08        1.08
  2173048104           JUNCTION     0.59     1.33    30.12     0  01:08        1.03
  2173048106           JUNCTION     0.51     1.27    30.32     0  01:08        0.91
  2173048201           JUNCTION     0.07     0.10    28.10     0  02:00        0.10
  2173048204           JUNCTION     0.51     0.71    29.12     0  01:53        0.71
  2173048303           JUNCTION     0.42     0.63    28.79     0  02:00        0.63
  2173048305           JUNCTION     0.44     0.68    29.03     0  02:00        0.68
  2173048403           JUNCTION     0.42     0.66    29.24     0  02:00        0.66
  2173048503           JUNCTION     1.07     1.69    29.57     0  01:55        1.69
  2173048601           JUNCTION     1.01     1.55    29.09     0  01:46        1.55
  2173048602           JUNCTION     1.07     1.60    29.15     0  00:20        1.60
  2173048603           JUNCTION     0.89     1.41    29.16     0  01:54        1.40
  2173048604           JUNCTION     0.99     1.53    29.27     0  00:20        1.53
  2173048701           JUNCTION     1.11     1.69    29.26     0  01:29        1.69
  2173048702           JUNCTION     0.88     1.40    29.20     0  01:50        1.39
  2173048703           JUNCTION     1.14     1.77    29.36     0  01:21        1.76
  2173048704           JUNCTION     0.86     1.38    29.22     0  00:16        1.36
  2173048705           JUNCTION     1.15     1.84    29.46     0  00:09        1.78
  2173048801           JUNCTION     0.26     0.39    28.30     0  02:00        0.39
  2173048802           JUNCTION     0.21     0.31    28.31     0  01:59        0.31
  2173048803           JUNCTION     0.50     0.74    27.30     0  01:57        0.74
  2173048901           JUNCTION     0.50     0.73    27.19     0  01:58        0.73
  2173048902           JUNCTION     0.54     0.78    27.25     0  01:58        0.78
  2173048903           JUNCTION     0.56     0.80    27.29     0  01:58        0.80
  2173048904           JUNCTION     0.25     0.35    27.46     0  02:00        0.35
  2173049001           JUNCTION     0.53     0.90    31.80     0  01:48        0.89
  2173049002           JUNCTION     0.54     0.89    31.58     0  01:52        0.89
  2173049201           JUNCTION     0.87     1.25    29.81     0  01:16        1.24
  2173049202           JUNCTION     1.12     1.64    30.32     0  01:29        1.63
  2173049203           JUNCTION     1.27     1.90    30.75     0  01:29        1.89
  2173049204           JUNCTION     0.79     1.92    31.06     0  00:10        1.24
  2173049205           JUNCTION     1.41     2.11    31.14     0  01:22        2.10
  2173049206           JUNCTION     0.69     2.14    31.44     0  00:10        1.10
  2173049207           JUNCTION     1.04     1.65    31.16     0  01:58        1.64
  2173049301           JUNCTION     0.72     1.07    29.83     0  01:57        1.07
  2173049302           JUNCTION     0.82     1.26    30.20     0  01:58        1.26
  2173049303           JUNCTION     0.94     1.49    30.67     0  01:34        1.48
  2173049304           JUNCTION     1.00     1.62    30.98     0  01:51        1.62
  2173049401           JUNCTION     0.36     0.59    29.36     0  02:00        0.59
  2173049402           JUNCTION     0.28     0.43    29.40     0  02:00        0.43
  2173049403           JUNCTION     0.21     0.30    29.49     0  02:00        0.30
  2173049404           JUNCTION     0.18     0.25    29.54     0  02:00        0.25
  2173049405           JUNCTION     0.12     0.16    29.61     0  02:00        0.16
  2173049501           JUNCTION     1.09     1.76    29.76     0  01:48        1.75
  2173049601           JUNCTION     1.09     1.85    30.00     0  00:16        1.76
  2173049602           JUNCTION     1.06     1.81    30.08     0  00:16        1.73
  2173049603           JUNCTION     1.01     1.81    30.17     0  00:15        1.67
  2173049701           JUNCTION     0.83     1.38    29.27     0  00:16        1.32
  2173049702           JUNCTION     0.79     1.37    29.31     0  00:16        1.28
  2173049801           JUNCTION     1.15     1.96    29.60     0  00:09        1.79
  2173049802           JUNCTION     0.46     0.68    27.32     0  01:59        0.68
  2173049803           JUNCTION     1.13     2.04    29.70     0  00:09        1.77
  2173049804           JUNCTION     0.42     0.63    27.34     0  01:59        0.63
  2173049805           JUNCTION     0.75     1.37    29.37     0  00:16        1.23
  2173049806           JUNCTION     0.45     0.66    28.03     0  01:57        0.66
  2173049807           JUNCTION     0.55     0.85    28.44     0  01:36        0.85
  2173049808           JUNCTION     0.18     0.30    27.34     0  01:59        0.30
  2173049901           JUNCTION     0.22     0.31    27.62     0  02:00        0.31
  2173049902           JUNCTION     0.21     0.28    27.94     0  02:00        0.28
  2173049903           JUNCTION     0.90     1.31    29.61     0  00:07        1.31
  2173049904           JUNCTION     0.18     0.25    27.96     0  02:00        0.25
  2173049905           JUNCTION     0.62     1.01    28.89     0  01:41        1.00
  2173050301           JUNCTION     0.13     0.18    29.14     0  02:00        0.18
  2173050301_          JUNCTION     0.13     0.18    29.02     0  02:00        0.18
  2173050302           JUNCTION     0.19     0.26    29.09     0  02:00        0.26
  2173050401           JUNCTION     0.24     0.33    29.02     0  02:00        0.33
  2173050601           JUNCTION     0.37     0.54    29.02     0  02:00        0.54
  2173051401           JUNCTION     0.27     0.38    28.91     0  02:00        0.38
  2173051402           JUNCTION     0.29     0.41    28.59     0  02:00        0.41
  2173051501           JUNCTION     0.32     0.46    28.52     0  02:00        0.46
  2173051502           JUNCTION     0.35     0.50    28.45     0  02:00        0.50
  2173052501           JUNCTION     0.37     0.53    28.35     0  02:00        0.53
  2173052502           JUNCTION     0.38     0.54    28.27     0  02:00        0.54
  2173053001           JUNCTION     0.60     0.83    26.53     0  01:59        0.83
  2173053002           JUNCTION     0.59     0.81    26.50     0  02:00        0.81
  2173053101           JUNCTION     0.56     0.77    26.46     0  02:00        0.77
  2173053201           JUNCTION     0.46     0.76    27.58     0  00:55        0.75
  2173053202           JUNCTION     0.51     0.82    27.57     0  01:54        0.81
  2173053203           JUNCTION     0.49     0.79    27.51     0  01:40        0.78
  2173053301           JUNCTION     0.50     0.78    27.43     0  01:42        0.77
  2173053401           JUNCTION     0.49     0.76    27.37     0  01:58        0.76
  2173053402           JUNCTION     0.68     0.96    27.35     0  01:57        0.96
  2173053403           JUNCTION     0.75     1.03    27.32     0  01:41        1.02
  2173054101           JUNCTION     0.56     0.77    26.44     0  02:00        0.77
  2173054201           JUNCTION     0.55     0.76    26.42     0  02:00        0.76
  2173054202           JUNCTION     0.54     0.75    26.40     0  02:00        0.75
  2173054301           JUNCTION     0.53     0.73    26.37     0  02:00        0.73
  2173054401           JUNCTION     0.52     0.72    26.35     0  01:59        0.72
  2173054505           JUNCTION     0.12     0.17    27.15     0  02:00        0.17
  2173054506           JUNCTION     0.96     1.58    27.60     0  00:07        1.19
  2173054507           JUNCTION     0.06     0.08    26.87     0  02:00        0.08
  2173054508           JUNCTION     0.15     0.22    27.22     0  02:00        0.22
  2173054509           JUNCTION     0.95     1.15    27.14     0  01:58        1.15
  2173054510           JUNCTION     0.20     0.28    27.20     0  02:00        0.28
  2173054511           JUNCTION     0.23     0.35    27.14     0  01:58        0.35
  2173054512           JUNCTION     0.87     1.46    27.60     0  00:08        1.12
  2173054513           JUNCTION     0.12     0.17    27.28     0  02:00        0.17
  2173054601           JUNCTION     0.17     0.24    27.29     0  02:00        0.24
  2173054602           JUNCTION     0.24     0.35    27.25     0  02:00        0.35
  2173054603           JUNCTION     0.26     0.37    27.24     0  02:00        0.37
  2173054604           JUNCTION     0.23     0.35    26.68     0  01:59        0.35
  2173054605           JUNCTION     0.91     1.08    27.06     0  01:58        1.08
  2173054606           JUNCTION     0.23     0.35    27.13     0  01:55        0.35
  2173054607           JUNCTION     0.23     0.35    27.12     0  01:57        0.35
  2173054608           JUNCTION     0.39     0.55    26.97     0  01:59        0.55
  2173054609           JUNCTION     0.45     0.66    26.46     0  01:59        0.66
  2173054610           JUNCTION     0.38     0.53    26.87     0  01:59        0.53
  2173054611           JUNCTION     0.11     0.15    26.93     0  02:00        0.15
  2173055401           JUNCTION     0.51     0.70    26.32     0  01:59        0.70
  2173055503           JUNCTION     0.09     0.13    26.76     0  02:00        0.13
  2173055505           JUNCTION     0.50     0.68    26.29     0  02:00        0.68
  2173055506           JUNCTION     0.48     0.66    26.26     0  01:59        0.66
  2173055507           JUNCTION     0.49     0.67    26.26     0  02:00        0.67
  2173055601           JUNCTION     0.46     0.63    26.22     0  02:00        0.63
  2173055602           JUNCTION     0.44     0.60    26.19     0  02:00        0.60
  2173055603           JUNCTION     0.42     0.57    26.16     0  02:00        0.57
  2173055604           JUNCTION     0.38     0.53    26.11     0  02:00        0.53
  2173055605           JUNCTION     0.34     0.47    26.29     0  02:00        0.47
  2173055606           JUNCTION     0.33     0.46    26.31     0  02:00        0.46
  2173056601           JUNCTION     0.32     0.45    26.31     0  02:00        0.45
  2173056602           JUNCTION     0.31     0.43    26.32     0  02:00        0.43
  2173056701           JUNCTION     0.29     0.42    26.32     0  02:00        0.42
  2173057001           JUNCTION     0.27     0.39    26.49     0  02:00        0.39
  2173057005           JUNCTION     0.46     0.67    26.99     0  01:58        0.67
  2173058001           JUNCTION     0.15     0.21    27.44     0  02:00        0.21
  2173058003           JUNCTION     0.11     0.15    27.65     0  02:00        0.15
  2173058005           JUNCTION     0.19     0.25    27.77     0  02:00        0.25
  2173058007           JUNCTION     0.16     0.23    27.77     0  02:00        0.23
  2173058101           JUNCTION     0.24     0.34    28.09     0  02:00        0.34
  2173058102           JUNCTION     0.20     0.27    28.18     0  02:00        0.27
  2173058103           JUNCTION     0.14     0.20    28.20     0  02:00        0.20
  2173058106           JUNCTION     0.22     0.32    28.12     0  02:00        0.32
  2173058203           JUNCTION     0.24     0.33    28.04     0  02:00        0.33
  2173058205           JUNCTION     0.25     0.36    28.10     0  02:00        0.36
  2173058206           JUNCTION     0.26     0.36    28.22     0  02:00        0.36
  2173058301           JUNCTION     0.60     0.87    28.76     0  00:08        0.87
  2173058303           JUNCTION     0.63     0.91    28.76     0  01:36        0.91
  2173058305           JUNCTION     0.50     0.68    28.22     0  01:21        0.68
  2173058306           JUNCTION     0.60     0.84    28.44     0  01:21        0.83
  2173058308           JUNCTION     0.65     0.92    28.55     0  01:34        0.91
  2173058401           JUNCTION     0.50     0.72    28.72     0  00:05        0.72
  2173058402           JUNCTION     0.87     1.34    28.84     0  00:05        1.28
  2173059001           JUNCTION     0.26     0.37    28.39     0  02:00        0.37
  2173059002           JUNCTION     0.16     0.22    28.43     0  02:00        0.22
  2173059003           JUNCTION     0.13     0.19    28.39     0  02:00        0.19
  2173059004           JUNCTION     0.12     0.16    28.46     0  02:00        0.16
  2173059005           JUNCTION     0.92     1.33    29.61     0  00:07        1.33
  2173059006           JUNCTION     0.14     0.19    28.49     0  02:00        0.19
  2173059007           JUNCTION     0.95     1.55    29.81     0  00:10        1.38
  2173059103           JUNCTION     0.19     0.27    28.44     0  02:00        0.27
  2173059104           JUNCTION     0.27     0.37    28.48     0  01:59        0.37
  2173059105           JUNCTION     0.53     1.09    29.22     0  00:10        0.74
  2173059201           JUNCTION     0.25     0.35    28.27     0  02:00        0.35
  2173059202           JUNCTION     0.20     0.29    28.29     0  02:00        0.29
  2173059204           JUNCTION     0.27     0.39    28.69     0  01:59        0.39
  2173059301           JUNCTION     0.69     0.98    28.67     0  01:53        0.97
  2173059401           JUNCTION     0.82     1.19    28.65     0  00:04        1.18
  2173059402           JUNCTION     0.85     1.22    28.64     0  00:05        1.22
  2173059403           JUNCTION     0.70     0.98    28.71     0  00:16        0.98
  2173059404           JUNCTION     0.70     1.00    28.74     0  00:59        1.00
  2173059405           JUNCTION     0.68     0.98    28.78     0  01:04        0.98
  2173059406           JUNCTION     0.66     0.94    28.79     0  01:54        0.94
  2173059407           JUNCTION     0.62     0.88    28.78     0  00:07        0.88
  2173059408           JUNCTION     0.63     0.92    28.84     0  01:30        0.91
  2173059501           JUNCTION     0.96     1.46    28.70     0  00:05        1.42
  2173059502           JUNCTION     0.98     1.45    28.63     0  01:51        1.44
  2173059503           JUNCTION     0.96     1.41    28.55     0  01:21        1.41
  2173059504           JUNCTION     0.90     1.29    28.39     0  00:05        1.29
  2173059505           JUNCTION     0.94     1.36    28.43     0  00:08        1.37
  2173059601           JUNCTION     1.08     1.61    28.50     0  01:42        1.60
  2174031101           JUNCTION     0.11     0.15    27.65     0  02:00        0.15
  2174031203           JUNCTION     0.10     0.14    28.74     0  02:00        0.14
  2174031306           JUNCTION     0.14     0.20    27.80     0  02:00        0.20
  2174031405           JUNCTION     0.18     0.24    27.29     0  02:00        0.24
  2174031701           JUNCTION     0.12     0.17    28.30     0  02:00        0.17
  2174031704           JUNCTION     0.17     0.24    28.23     0  02:00        0.24
  2174032201           JUNCTION     0.30     0.42    25.89     0  02:00        0.42
  2174032202           JUNCTION     0.31     0.43    25.89     0  02:00        0.43
  2174032203           JUNCTION     0.27     0.37    25.87     0  02:00        0.37
  2174032303           JUNCTION     0.29     0.40    25.89     0  02:00        0.40
  2174032304           JUNCTION     0.17     0.25    26.02     0  02:00        0.25
  2174032305           JUNCTION     0.26     0.37    25.87     0  02:00        0.37
  2174032306           JUNCTION     0.19     0.29    26.02     0  02:00        0.29
  2174032307           JUNCTION     0.31     0.44    26.03     0  02:00        0.44
  2174032601           JUNCTION     0.20     0.28    28.15     0  02:00        0.28
  2174033201           JUNCTION     0.32     0.44    25.88     0  02:00        0.44
  2174033202           JUNCTION     0.28     0.38    25.86     0  02:00        0.38
  2174033203           JUNCTION     0.32     0.43    25.86     0  02:00        0.43
  2174033204           JUNCTION     0.29     0.39    25.84     0  02:00        0.39
  2174033205           JUNCTION     0.37     0.50    26.00     0  02:00        0.50
  2174033206           JUNCTION     0.31     0.42    25.84     0  02:00        0.42
  2174033207           JUNCTION     0.28     0.38    25.82     0  02:00        0.38
  2174033301           JUNCTION     0.31     0.44    26.03     0  02:00        0.44
  2174033302           JUNCTION     0.33     0.46    26.03     0  02:00        0.46
  2174033304           JUNCTION     0.35     0.49    26.02     0  02:00        0.49
  2174033306           JUNCTION     0.37     0.50    26.02     0  02:00        0.50
  2174033308           JUNCTION     0.15     0.21    25.76     0  02:00        0.21
  2174033309           JUNCTION     0.36     0.49    25.98     0  02:00        0.49
  2174033310           JUNCTION     0.18     0.24    25.75     0  02:00        0.24
  2174040001           JUNCTION     0.47     0.82    31.28     0  00:15        0.74
  2174040102           JUNCTION     1.49     2.22    31.45     0  00:21        2.22
  2174040103           JUNCTION     1.49     2.26    32.10     0  01:02        2.25
  2174040104           JUNCTION     1.50     2.25    31.84     0  00:20        2.25
  2174040105           JUNCTION     1.55     2.34    31.76     0  00:51        2.34
  2174040106           JUNCTION     1.48     2.24    32.30     0  01:14        2.23
  2174040107           JUNCTION     1.49     2.25    32.48     0  01:30        2.24
  2174040201           JUNCTION     1.36     2.25    31.96     0  00:09        2.11
  2174040202           JUNCTION     1.30     2.11    31.92     0  00:09        2.03
  2174040203           JUNCTION     1.19     2.03    32.02     0  00:10        1.88
  2174040204           JUNCTION     1.04     1.90    32.11     0  00:10        1.67
  2174040301           JUNCTION     1.06     1.73    31.26     0  01:52        1.72
  2174040302           JUNCTION     1.02     1.77    31.70     0  01:45        1.76
  2174040303           JUNCTION     1.02     1.80    31.97     0  01:45        1.79
  2174040401           JUNCTION     0.22     0.31    29.97     0  02:00        0.31
  2174040402           JUNCTION     0.92     1.56    31.49     0  01:46        1.56
  2174040403           JUNCTION     0.18     0.25    30.09     0  02:00        0.25
  2174040404           JUNCTION     0.13     0.18    30.12     0  02:00        0.18
  2174040405           JUNCTION     0.81     1.39    31.68     0  01:54        1.38
  2174040502           JUNCTION     0.51     1.31    31.31     0  00:14        0.81
  2174040601           JUNCTION     0.56     1.16    31.10     0  00:14        0.88
  2174040602           JUNCTION     0.59     1.19    31.06     0  00:14        0.91
  2174040603           JUNCTION     0.62     1.03    30.83     0  00:14        0.94
  2174040701           JUNCTION     0.95     1.82    30.29     0  00:15        1.59
  2174040702           JUNCTION     0.86     1.77    30.37     0  00:15        1.46
  2174040703           JUNCTION     0.56     0.79    30.40     0  00:14        0.79
  2174040704           JUNCTION     0.62     0.94    30.67     0  00:14        0.92
  2174040705           JUNCTION     0.50     0.71    30.25     0  00:14        0.70
  2174040706           JUNCTION     0.59     0.85    30.52     0  00:14        0.85
  2174040901           JUNCTION     0.64     1.06    29.17     0  01:55        1.05
  2174040902           JUNCTION     0.55     0.93    29.33     0  01:58        0.93
  2174040904           JUNCTION     0.63     1.04    29.44     0  01:39        1.03
  2174040905           JUNCTION     0.29     0.41    29.08     0  02:00        0.41
  2174040906           JUNCTION     0.28     0.39    29.22     0  02:00        0.39
  2174040907           JUNCTION     0.45     0.79    29.60     0  01:57        0.78
  2174040908           JUNCTION     0.26     0.36    29.38     0  02:00        0.36
  2174041101           JUNCTION     1.46     2.22    32.66     0  00:10        2.19
  2174041102           JUNCTION     1.32     1.97    32.63     0  00:10        1.97
  2174041103           JUNCTION     1.24     1.97    32.80     0  00:10        1.93
  2174041104           JUNCTION     1.15     2.00    33.01     0  00:09        1.81
  2174041105           JUNCTION     1.04     2.14    33.33     0  00:10        1.64
  2174041201           JUNCTION     1.26     1.87    32.63     0  00:09        1.87
  2174041202           JUNCTION     1.27     1.94    32.80     0  00:09        1.91
  2174041203           JUNCTION     1.26     1.93    32.87     0  00:09        1.90
  2174041204           JUNCTION     1.03     1.72    32.85     0  00:09        1.58
  2174041205           JUNCTION     1.20     1.81    32.91     0  00:09        1.82
  2174041206           JUNCTION     1.07     1.67    32.98     0  00:09        1.65
  2174041207           JUNCTION     0.93     1.67    32.97     0  00:09        1.44
  2174041208           JUNCTION     1.04     1.60    33.06     0  00:09        1.60
  2174041301           JUNCTION     0.96     1.72    32.11     0  01:51        1.71
  2174041302           JUNCTION     0.86     1.57    32.17     0  01:57        1.56
  2174041303           JUNCTION     0.49     0.82    31.98     0  01:58        0.82
  2174041304           JUNCTION     0.77     1.45    32.17     0  01:53        1.44
  2174041305           JUNCTION     0.37     0.56    32.02     0  01:58        0.56
  2174041401           JUNCTION     0.73     1.25    31.80     0  01:55        1.24
  2174041402           JUNCTION     0.13     0.18    30.48     0  02:00        0.18
  2174041403           JUNCTION     0.65     1.10    31.88     0  01:54        1.10
  2174041404           JUNCTION     0.23     0.33    30.88     0  02:00        0.33
  2174041405           JUNCTION     0.20     0.28    31.05     0  02:00        0.28
  2174041501           JUNCTION     0.19     0.27    30.44     0  02:00        0.27
  2174041502           JUNCTION     0.23     0.33    30.38     0  02:00        0.33
  2174041503           JUNCTION     0.27     0.37    30.53     0  02:00        0.37
  2174041504           JUNCTION     0.26     0.37    30.61     0  02:00        0.37
  2174041601           JUNCTION     0.24     0.34    30.66     0  02:00        0.34
  2174041602           JUNCTION     0.19     0.27    30.72     0  02:00        0.27
  2174041603           JUNCTION     0.13     0.18    30.78     0  02:00        0.18
  2174041704           JUNCTION     0.21     0.29    29.92     0  02:00        0.29
  2174041705           JUNCTION     0.21     0.30    30.33     0  02:00        0.30
  2174041801           JUNCTION     0.24     0.34    29.49     0  02:00        0.34
  2174041803           JUNCTION     0.24     0.33    29.65     0  02:00        0.33
  2174041806           JUNCTION     0.17     0.24    30.50     0  02:00        0.24
  2174041807           JUNCTION     0.12     0.16    30.66     0  02:00        0.16
  2174041901           JUNCTION     0.23     0.32    29.58     0  02:00        0.32
  2174042201           JUNCTION     1.04     1.69    33.26     0  00:10        1.61
  2174042202           JUNCTION     0.97     2.06    33.77     0  00:10        1.53
  2174042203           JUNCTION     0.90     2.17    34.00     0  00:10        1.43
  2174042204           JUNCTION     0.28     0.39    33.08     0  01:59        0.39
  2174042301           JUNCTION     0.33     0.47    32.34     0  01:59        0.47
  2174042302           JUNCTION     0.31     0.44    32.65     0  01:59        0.44
  2174042303           JUNCTION     0.30     0.42    32.89     0  01:59        0.42
  2174042401           JUNCTION     0.17     0.23    31.12     0  02:00        0.23
  2174042402           JUNCTION     0.11     0.15    31.30     0  02:00        0.15
  2174042403           JUNCTION     0.98     1.57    33.07     0  00:11        1.54
  2174042404           JUNCTION     1.02     1.62    33.06     0  00:11        1.61
  2174042501           JUNCTION     1.07     1.73    33.09     0  00:11        1.67
  2174042502           JUNCTION     1.14     1.90    33.08     0  00:09        1.76
  2174042604           JUNCTION     1.16     1.75    32.83     0  00:09        1.75
  2174042605           JUNCTION     1.20     1.78    32.74     0  00:10        1.78
  2174042704           JUNCTION     1.19     1.77    32.68     0  00:12        1.77
  2174042901           JUNCTION     0.38     0.59    30.52     0  01:23        0.57
  2174042902           JUNCTION     0.52     0.82    30.79     0  00:42        0.72
  2174042903           JUNCTION     0.53     0.79    31.14     0  01:12        0.79
  2174042904           JUNCTION     0.60     0.93    31.52     0  01:57        0.92
  2174042905           JUNCTION     0.31     0.52    31.52     0  01:42        0.52
  2174042906           JUNCTION     0.68     1.76    32.04     0  00:12        1.07
  2174042907           JUNCTION     0.72     1.74    32.07     0  00:12        1.16
  2174043203           JUNCTION     0.08     0.11    30.76     0  02:00        0.11
  2174043301           JUNCTION     0.48     0.71    33.78     0  01:55        0.71
  2174043302           JUNCTION     0.59     0.92    34.13     0  01:59        0.91
  2174043303           JUNCTION     0.63     1.02    34.37     0  01:54        1.01
  2174043401           JUNCTION     0.64     1.04    34.49     0  01:49        1.02
  2174043402           JUNCTION     0.61     1.01    34.59     0  01:42        1.00
  2174043403           JUNCTION     0.57     0.96    34.63     0  01:29        0.95
  2174043501           JUNCTION     0.52     0.90    34.64     0  01:58        0.89
  2174043502           JUNCTION     0.46     0.81    34.65     0  01:57        0.80
  2174043701           JUNCTION     1.16     1.78    32.66     0  00:12        1.76
  2174043801           JUNCTION     1.09     1.73    32.57     0  00:12        1.70
  2174043802           JUNCTION     0.99     1.61    32.42     0  00:12        1.59
  2174043803           JUNCTION     0.88     1.60    32.38     0  00:12        1.44
  2174043901           JUNCTION     0.77     1.61    32.01     0  00:12        1.26
  2174043902           JUNCTION     0.71     1.52    32.27     0  00:12        1.20
  2174043903           JUNCTION     0.80     1.69    32.20     0  00:12        1.34
  2174043904           JUNCTION     0.79     1.72    32.24     0  00:12        1.34
  2174043905           JUNCTION     0.70     1.69    32.31     0  00:12        1.24
  2174050001           JUNCTION     0.97     1.72    29.95     0  00:10        1.41
  2174050002           JUNCTION     0.98     1.79    30.00     0  00:10        1.42
  2174050003           JUNCTION     0.53     2.29    31.13     0  00:10        0.84
  2174050004           JUNCTION     0.32     0.54    29.66     0  02:00        0.54
  2174050101           JUNCTION     0.83     1.56    29.72     0  00:08        1.19
  2174050102           JUNCTION     1.00     1.86    30.05     0  00:10        1.44
  2174050103           JUNCTION     0.97     1.90    30.14     0  00:10        1.43
  2174050104           JUNCTION     0.13     0.18    28.88     0  02:00        0.18
  2174050105           JUNCTION     0.78     1.95    30.59     0  00:08        1.22
  2174050106           JUNCTION     0.68     1.99    30.83     0  00:09        1.08
  2174050202           JUNCTION     0.24     0.33    28.79     0  02:00        0.33
  2174050203           JUNCTION     0.20     0.28    28.82     0  02:00        0.28
  2174050204           JUNCTION     0.35     0.51    29.18     0  02:00        0.51
  2174050205           JUNCTION     0.33     0.48    29.32     0  02:00        0.48
  2174050304           JUNCTION     0.17     0.24    28.68     0  02:00        0.24
  2174050305           JUNCTION     0.26     0.36    28.47     0  02:00        0.36
  2174050401           JUNCTION     0.63     0.94    28.92     0  00:08        0.93
  2174050405           JUNCTION     0.23     0.32    27.96     0  02:00        0.32
  2174050501           JUNCTION     0.61     0.97    28.97     0  00:08        0.90
  2174050502           JUNCTION     1.10     1.66    28.55     0  01:40        1.65
  2174050503           JUNCTION     1.12     1.72    28.62     0  00:08        1.69
  2174050504           JUNCTION     0.52     1.01    29.14     0  00:08        0.78
  2174050505           JUNCTION     1.12     1.75    28.65     0  00:08        1.70
  2174050506           JUNCTION     0.40     0.76    29.06     0  00:08        0.61
  2174050507           JUNCTION     1.17     2.04    28.94     0  00:07        1.77
  2174050508           JUNCTION     0.99     1.98    29.16     0  00:08        1.55
  2174050509           JUNCTION     1.11     1.88    28.89     0  00:08        1.71
  2174050510           JUNCTION     0.98     1.80    28.98     0  00:08        1.55
  2174050511           JUNCTION     0.77     1.62    29.12     0  00:08        1.23
  2174050601           JUNCTION     1.08     1.62    28.45     0  01:53        1.61
  2174050602           JUNCTION     1.06     1.58    28.31     0  01:33        1.57
  2174050603           JUNCTION     1.15     1.64    28.13     0  01:44        1.64
  2174050604           JUNCTION     1.04     1.52    28.12     0  01:48        1.52
  2174050605           JUNCTION     1.20     1.81    28.55     0  01:58        1.80
  2174050606           JUNCTION     1.28     1.85    28.34     0  01:53        1.85
  2174050607           JUNCTION     1.09     1.89    28.78     0  00:07        1.69
  2174050608           JUNCTION     1.02     1.73    28.53     0  00:07        1.55
  2174050702           JUNCTION     0.83     1.14    27.62     0  01:53        1.14
  2174051001           JUNCTION     0.19     0.27    29.69     0  00:36        0.27
  2174051002           JUNCTION     0.20     0.28    29.82     0  02:00        0.28
  2174051003           JUNCTION     0.16     0.22    29.91     0  02:00        0.22
  2174051004           JUNCTION     0.18     0.24    30.04     0  02:00        0.24
  2174051005           JUNCTION     0.14     0.20    30.24     0  02:00        0.20
  2174051101           JUNCTION     0.47     1.88    31.08     0  00:10        0.76
  2174051102           JUNCTION     0.11     0.15    30.18     0  02:00        0.15
  2174051201           JUNCTION     0.19     0.27    29.70     0  02:00        0.27
  2174051202           JUNCTION     0.17     0.24    30.02     0  02:00        0.24
  2174051203           JUNCTION     0.14     0.20    30.47     0  02:00        0.20
  2174051301           JUNCTION     0.10     0.15    28.85     0  02:00        0.15
  2174051302           JUNCTION     0.23     0.32    28.85     0  02:00        0.32
  2174051303           JUNCTION     0.20     0.28    29.23     0  02:00        0.28
  2174051304           JUNCTION     0.17     0.24    29.68     0  02:00        0.24
  2174051402           JUNCTION     0.21     0.29    28.02     0  02:00        0.29
  2174051403           JUNCTION     0.14     0.19    28.06     0  02:00        0.19
  2174051601           JUNCTION     1.02     1.97    28.95     0  00:07        1.59
  2174051602           JUNCTION     1.07     2.00    28.76     0  00:07        1.63
  2174051603           JUNCTION     1.00     1.96    28.83     0  00:07        1.54
  2174051604           JUNCTION     0.93     2.16    29.12     0  00:07        1.46
  2174051701           JUNCTION     0.91     1.67    28.62     0  00:07        1.41
  2174052001           JUNCTION     0.67     1.04    31.79     0  01:58        1.04
  2174052002           JUNCTION     0.68     1.05    31.91     0  00:22        1.05
  2174052003           JUNCTION     0.61     0.97    31.97     0  01:43        0.97
  2174052004           JUNCTION     0.62     0.98    32.12     0  00:23        0.98
  2174052101           JUNCTION     0.10     0.14    30.40     0  02:00        0.14
  2174052101_          JUNCTION     0.08     0.11    30.79     0  02:00        0.11
  2174052102           JUNCTION     0.51     0.83    31.99     0  01:52        0.83
  2174052103           JUNCTION     0.42     0.68    31.98     0  01:43        0.68
  2174052201           JUNCTION     0.14     0.19    30.23     0  02:00        0.19
  2174052202           JUNCTION     0.09     0.13    30.68     0  02:00        0.13
  2174052203           JUNCTION     0.10     0.14    30.54     0  02:00        0.14
  2174052204           JUNCTION     0.11     0.16    30.20     0  02:00        0.16
  2174052205           JUNCTION     0.07     0.10    30.34     0  02:00        0.10
  2174052301           JUNCTION     0.39     0.65    29.45     0  01:59        0.65
  2174052302           JUNCTION     0.18     0.27    29.56     0  01:59        0.27
  2174052303           JUNCTION     0.15     0.22    29.82     0  01:59        0.22
  2174052402           JUNCTION     0.30     0.43    28.40     0  01:59        0.43
  2174052403           JUNCTION     0.69     1.05    29.20     0  01:59        1.04
  2174052404           JUNCTION     0.53     0.86    29.34     0  01:52        0.86
  2174052405           JUNCTION     0.26     0.37    28.43     0  01:56        0.37
  2174052406           JUNCTION     0.72     1.14    29.43     0  01:58        1.13
  2174052407           JUNCTION     0.74     1.20    29.70     0  01:34        1.19
  2174052408           JUNCTION     0.18     0.25    28.51     0  02:00        0.25
  2174052501_          JUNCTION     0.19     0.27    28.07     0  02:00        0.27
  2174052502_          JUNCTION     0.24     0.35    28.06     0  02:00        0.35
  2174052503           JUNCTION     0.29     0.41    28.12     0  02:00        0.41
  2174052504           JUNCTION     0.30     0.43    28.19     0  02:00        0.43
  2174052505           JUNCTION     0.28     0.40    28.22     0  02:00        0.40
  2174052601           JUNCTION     0.19     0.27    28.13     0  02:00        0.27
  2174052601_          JUNCTION     0.48     0.73    28.33     0  01:31        0.73
  2174052602           JUNCTION     0.14     0.19    28.19     0  02:00        0.19
  2174053001           JUNCTION     0.60     0.98    32.20     0  01:34        0.97
  2174053001_          JUNCTION     0.12     0.17    30.95     0  02:00        0.17
  2174053002           JUNCTION     0.56     0.94    32.24     0  00:17        0.91
  2174053002_          JUNCTION     0.46     0.66    30.45     0  02:00        0.66
  2174053101           JUNCTION     0.45     0.68    30.57     0  02:00        0.68
  2174053102           JUNCTION     0.46     0.69    30.52     0  02:00        0.69
  2174053201           JUNCTION     0.10     0.14    29.84     0  02:00        0.14
  2174053202           JUNCTION     0.09     0.13    30.43     0  02:00        0.13
  2174053203           JUNCTION     0.32     0.50    30.60     0  02:00        0.50
  2174053204           JUNCTION     0.15     0.21    29.65     0  02:00        0.21
  2174053205           JUNCTION     0.09     0.14    30.19     0  02:00        0.14
  2174053206           JUNCTION     0.19     0.26    29.31     0  02:00        0.26
  2174053207           JUNCTION     0.14     0.21    29.82     0  02:00        0.21
  2174053301           JUNCTION     0.72     1.19    29.88     0  01:41        1.18
  2174053301_          JUNCTION     0.22     0.30    29.08     0  02:00        0.30
  2174053302           JUNCTION     0.67     1.12    30.01     0  01:28        1.12
  2174053303           JUNCTION     0.57     0.99    30.18     0  01:45        0.97
  2174053304           JUNCTION     0.48     0.84    30.01     0  01:56        0.83
  2174053401           JUNCTION     0.12     0.17    28.60     0  02:00        0.17
  2174053401_          JUNCTION     0.11     0.15    28.64     0  02:00        0.15
  2174053402           JUNCTION     0.49     0.87    30.30     0  01:45        0.86
  2174053402_          JUNCTION     0.16     0.22    28.37     0  02:00        0.22
  2174053403           JUNCTION     0.39     0.71    30.31     0  01:58        0.70
  2174053403_          JUNCTION     0.20     0.28    28.19     0  02:00        0.28
  2174053501           JUNCTION     0.25     0.36    28.23     0  02:00        0.36
  2174053501_          JUNCTION     0.29     0.42    28.04     0  02:00        0.42
  2174053502           JUNCTION     0.32     0.45    27.99     0  01:59        0.45
  2174053503           JUNCTION     0.37     0.54    28.20     0  02:00        0.54
  2174053504           JUNCTION     0.38     0.55    28.13     0  01:59        0.55
  2174053505           JUNCTION     0.34     0.48    27.94     0  01:59        0.48
  2174053506           JUNCTION     0.37     0.53    27.98     0  00:24        0.51
  2174053507           JUNCTION     0.30     0.44    27.87     0  00:24        0.43
  2174053601           JUNCTION     0.51     0.77    28.33     0  01:47        0.76
  2174053602           JUNCTION     0.38     0.59    28.29     0  01:58        0.59
  2174053603           JUNCTION     0.53     0.79    28.32     0  01:32        0.78
  2174053604           JUNCTION     0.43     0.66    28.29     0  01:58        0.66
  2174053605           JUNCTION     0.53     0.78    28.28     0  01:59        0.77
  2174053606           JUNCTION     0.50     0.72    28.21     0  01:59        0.72
  2171039205           OUTFALL      0.30     0.50    23.95     0  00:57        0.49
  2171039208           OUTFALL      0.43     0.64    23.99     0  00:57        0.63
  2171039210           OUTFALL      0.36     0.51    25.12     0  02:00        0.51
  2171039211           OUTFALL      0.18     0.25    25.79     0  02:00        0.25
  2172030502           OUTFALL      0.29     0.40    27.55     0  02:00        0.40
  2172031804           OUTFALL      0.25     0.36    27.26     0  02:00        0.36
  2172034807           OUTFALL      0.33     0.47    24.82     0  02:00        0.47
  2172035801           OUTFALL      0.26     0.39    24.84     0  02:00        0.39
  2172037003           OUTFALL      0.20     0.30    26.30     0  01:57        0.30
  2172037104           OUTFALL      0.23     0.33    26.62     0  01:57        0.33
  2172038705           OUTFALL      0.29     0.40    27.15     0  02:00        0.40
  2172039702           OUTFALL      0.40     0.56    26.77     0  01:54        0.56
  2172040012           OUTFALL      0.15     0.21    28.58     0  02:00        0.21
  2172040705           OUTFALL      0.29     0.40    27.45     0  01:59        0.40
  2172040801           OUTFALL      0.15     0.21    27.57     0  02:00        0.21
  2172040901           OUTFALL      0.15     0.21    27.68     0  02:00        0.21
  2172041706           OUTFALL      0.15     0.21    27.80     0  02:00        0.21
  2172041906           OUTFALL      0.20     0.28    27.05     0  01:53        0.28
  2172042603           OUTFALL      0.21     0.30    27.65     0  02:00        0.30
  2172042903           OUTFALL      0.15     0.21    28.04     0  02:00        0.21
  2172043601           OUTFALL      0.23     0.30    28.16     0  00:13        0.31
  2172044406           OUTFALL      0.29     0.40    28.55     0  02:00        0.40
  2172052104           OUTFALL      0.21     0.30    26.80     0  00:14        0.30
  2172054508           OUTFALL      0.25     0.34    26.71     0  02:00        0.34
  2172054511           OUTFALL      0.27     0.37    26.38     0  02:00        0.37
  2172055003           OUTFALL      0.20     0.29    28.30     0  01:59        0.29
  2172055602           OUTFALL      0.11     0.15    27.66     0  02:00        0.15
  2172056304           OUTFALL      0.21     0.31    28.25     0  02:00        0.31
  2172056701           OUTFALL      0.27     0.38    28.68     0  02:00        0.38
  2172057103           OUTFALL      0.15     0.21    28.74     0  02:00        0.21
  2172057401           OUTFALL      0.28     0.41    27.52     0  02:00        0.41
  2172057601_          OUTFALL      0.21     0.28    28.57     0  01:59        0.28
  2172059602           OUTFALL      0.15     0.21    29.13     0  02:00        0.21
  2173030102           OUTFALL      0.09     0.13    27.33     0  02:00        0.13
  2173032501           OUTFALL      0.12     0.16    28.13     0  02:00        0.16
  2173036601           OUTFALL      0.31     0.43    31.20     0  01:57        0.43
  2173037501           OUTFALL      0.34     0.47    29.03     0  02:00        0.47
  2173041203           OUTFALL      0.24     0.36    27.24     0  02:00        0.36
  2173042201           OUTFALL      0.19     0.27    27.82     0  02:00        0.27
  2173042202           OUTFALL      0.13     0.19    27.69     0  02:00        0.19
  2173042402           OUTFALL      0.36     0.52    26.93     0  02:00        0.52
  2173042404           OUTFALL      0.29     0.40    27.27     0  02:00        0.40
  2173042407           OUTFALL      0.29     0.40    27.40     0  02:00        0.40
  2173043001           OUTFALL      0.15     0.22    28.07     0  02:00        0.22
  2173043202           OUTFALL      0.20     0.29    27.73     0  02:00        0.29
  2173043502           OUTFALL      0.25     0.36    27.49     0  02:00        0.36
  2173043505           OUTFALL      0.31     0.44    27.71     0  02:00        0.44
  2173045601           OUTFALL      0.22     0.31    27.60     0  02:00        0.31
  2173046003           OUTFALL      0.29     0.41    28.41     0  02:00        0.41
  2173046102           OUTFALL      0.41     0.56    28.14     0  01:40        0.56
  2173046202           OUTFALL      0.22     0.31    28.04     0  02:00        0.31
  2173046704           OUTFALL      0.15     0.22    27.52     0  02:00        0.22
  2173047202           OUTFALL      0.39     0.55    28.18     0  01:10        0.55
  2173047204           OUTFALL      0.07     0.10    27.90     0  02:00        0.10
  2173048301           OUTFALL      0.36     0.50    28.49     0  02:00        0.50
  2173049504           OUTFALL      0.22     0.31    29.85     0  02:00        0.31
  2173050602           OUTFALL      0.32     0.47    28.88     0  02:00        0.47
  2173052603           OUTFALL      0.36     0.50    28.01     0  02:00        0.50
  2173054701           OUTFALL      0.30     0.46    26.24     0  01:59        0.46
  2173054702           OUTFALL      0.33     0.47    26.69     0  01:59        0.47
  2173055701           OUTFALL      0.32     0.46    26.04     0  02:00        0.46
  2173057003           OUTFALL      0.43     0.63    26.81     0  01:59        0.63
  2173057105           OUTFALL      0.22     0.31    27.90     0  02:00        0.31
  2173058004           OUTFALL      0.15     0.21    27.68     0  02:00        0.21
  2173058104           OUTFALL      0.25     0.36    28.21     0  02:00        0.36
  2173058202           OUTFALL      0.22     0.31    28.00     0  02:00        0.31
  2173058302           OUTFALL      0.22     0.31    28.12     0  02:00        0.31
  2173058304           OUTFALL      0.41     0.54    28.04     0  01:53        0.54
  2173059101           OUTFALL      0.18     0.25    28.31     0  02:00        0.25
  2174030104           OUTFALL      0.10     0.15    27.35     0  02:00        0.15
  2174031409           OUTFALL      0.18     0.24    27.18     0  02:00        0.24
  2174032603           OUTFALL      0.19     0.27    28.07     0  02:00        0.27
  2174034201           OUTFALL      0.29     0.40    25.88     0  02:00        0.40
  2174034202           OUTFALL      0.23     0.33    25.73     0  02:00        0.33
  2174034203           OUTFALL      0.21     0.30    25.71     0  02:00        0.30
  2174034301           OUTFALL      0.13     0.19    25.67     0  02:00        0.19
  2174040003           OUTFALL      0.31     0.44    30.67     0  00:26        0.44
  2174040903           OUTFALL      0.29     0.41    28.96     0  02:00        0.41
  2174043204           OUTFALL      0.08     0.11    30.41     0  02:00        0.11
  2174050201           OUTFALL      0.31     0.44    28.93     0  02:00        0.44
  2174050302           OUTFALL      0.15     0.22    28.50     0  02:00        0.22
  2174050402           OUTFALL      0.26     0.36    28.05     0  02:00        0.36
  2174050403           OUTFALL      0.22     0.31    27.90     0  02:00        0.31
  2174050701           OUTFALL      0.54     0.71    27.19     0  01:51        0.71
  2174052502           OUTFALL      0.25     0.36    28.05     0  02:00        0.36
  2174052703           OUTFALL      0.18     0.25    27.99     0  02:00        0.25
  2174053208           OUTFALL      0.14     0.21    29.50     0  02:00        0.21
  2174054001           OUTFALL      0.31     0.44    30.17     0  02:00        0.44
  2174054301           OUTFALL      0.22     0.30    28.75     0  02:00        0.30
  2171049803_OUT       OUTFALL      0.14     0.22    27.39     0  01:59        0.22
  2172038505_OUT       OUTFALL      0.24     0.35    26.45     0  02:00        0.35
  2172038509_OUT       OUTFALL      0.32     0.47    26.72     0  00:52        0.46
  2172039202_OUT       OUTFALL      0.19     0.28    27.28     0  01:55        0.28
  2172039304_OUT       OUTFALL      0.20     0.32    27.59     0  01:45        0.31
  2172043605_OUT       OUTFALL      0.25     0.37    28.04     0  01:50        0.37
  2172043606_OUT       OUTFALL      0.15     0.22    27.87     0  01:59        0.22
  2172043905_OUT       OUTFALL      0.33     0.48    26.72     0  01:58        0.48
  2172044706_OUT       OUTFALL      0.30     0.42    27.17     0  01:58        0.42
  2172045701_OUT       OUTFALL      0.18     0.27    27.81     0  02:00        0.27
  2172052105_OUT       OUTFALL      0.25     0.37    26.37     0  01:59        0.37
  2172056405_OUT       OUTFALL      0.20     0.29    27.19     0  01:59        0.29
  2172057101_OUT       OUTFALL      0.15     0.22    28.95     0  01:51        0.22
  2172057309_OUT       OUTFALL      0.28     0.40    27.65     0  01:56        0.40
  2172059301_OUT       OUTFALL      0.18     0.27    28.44     0  01:59        0.27
  2173031302_OUT       OUTFALL      0.31     0.45    27.62     0  02:00        0.45
  2173031402_OUT       OUTFALL      0.18     0.28    28.08     0  01:56        0.27
  2173033601_OUT       OUTFALL      0.20     0.31    28.84     0  01:58        0.30
  2173035301_OUT       OUTFALL      0.19     0.28    33.98     0  01:59        0.28
  2173047701_OUT       OUTFALL      0.28     0.41    27.85     0  01:56        0.41
  2173048204_OUT       OUTFALL      0.51     0.70    29.12     0  01:58        0.70
  2173059104_OUT       OUTFALL      0.26     0.37    28.48     0  01:59        0.37
  2174041502_OUT       OUTFALL      0.23     0.33    30.38     0  02:00        0.33
  2174041801_OUT       OUTFALL      0.24     0.34    29.48     0  02:00        0.34
  2174042901_OUT       OUTFALL      0.36     0.55    30.48     0  01:00        0.53
  2174052402_OUT       OUTFALL      0.30     0.43    28.40     0  01:59        0.43
  2174053507_OUT       OUTFALL      0.30     0.43    27.87     0  01:58        0.43
  
  
  *******************
  Node Inflow Summary
  *******************
  
  -------------------------------------------------------------------------------------------------
                                  Maximum  Maximum                  Lateral       Total        Flow
                                  Lateral    Total  Time of Max      Inflow      Inflow     Balance
                                   Inflow   Inflow   Occurrence      Volume      Volume       Error
  Node                 Type           CMS      CMS  days hr:min    10^6 ltr    10^6 ltr     Percent
  -------------------------------------------------------------------------------------------------
  2171039212           JUNCTION     0.075    0.150     0  02:00       0.523        1.05       0.004
  2171039213           JUNCTION     0.075    0.748     0  02:00       0.523        5.23       0.005
  2171039214           JUNCTION     0.075    3.283     0  01:43       0.523        18.5       0.110
  2171039215           JUNCTION     0.075    0.075     0  02:00       0.523       0.523       0.004
  2171039216           JUNCTION     0.075    0.075     0  02:00       0.523       0.523       0.002
  2171039217           JUNCTION     0.075    0.673     0  02:00       0.523        4.71       0.009
  2171039218           JUNCTION     0.075    0.150     0  02:00       0.523        1.05       0.002
  2171039301           JUNCTION     0.075    4.379     0  01:42       0.523        25.5       0.054
  2171049801           JUNCTION     0.075    0.075     0  02:00       0.523       0.523       0.066
  2171049802           JUNCTION     0.075    0.150     0  01:59       0.523        1.05       0.026
  2171049803           JUNCTION     0.075    0.374     0  01:58       0.523        2.62       0.001
  2171049804           JUNCTION     0.075    0.075     0  02:00       0.523       0.523       0.004
  2172030101           JUNCTION     0.075    0.224     0  02:00       0.523        1.57       0.041
  2172030103           JUNCTION     0.075    0.299     0  02:00       0.523        2.09       0.007
  2172030104           JUNCTION     0.075    0.150     0  02:00       0.523        1.05       0.010
  2172030105           JUNCTION     0.075    0.224     0  02:00       0.523        1.57       0.008
  2172030106           JUNCTION     0.075    0.075     0  02:00       0.523       0.523       0.002
  2172030107           JUNCTION     0.075    0.150     0  02:00       0.523        1.05       0.009
  2172030109           JUNCTION     0.075    0.075     0  02:00       0.523       0.523       0.002
  2172030201           JUNCTION     0.075    0.374     0  02:00       0.523        2.62       0.014
  2172030301           JUNCTION     0.075    3.716     0  01:38       0.523        22.3       0.060
  2172030302           JUNCTION     0.075    2.794     0  01:43       0.523        16.8      -0.013
  2172030303           JUNCTION     0.075    3.665     0  01:27       0.523        21.8       0.054
  2172030304           JUNCTION     0.075    2.625     0  01:51       0.523        16.2       0.028
  2172030305           JUNCTION     0.075    3.667     0  01:56       0.523        21.3       0.054
  2172030306           JUNCTION     0.075    2.593     0  01:52       0.523        15.7       0.039
  2172030402           JUNCTION     0.075    3.610     0  01:56       0.523        20.7       0.060
  2172030403           JUNCTION     0.075    2.581     0  01:51       0.523        15.2       0.033
  2172030505           JUNCTION     0.075    0.374     0  02:00       0.523        2.62       0.017
  2172030506           JUNCTION     0.075    0.299     0  02:00       0.523        2.09       0.012
  2172030601           JUNCTION     0.075    0.224     0  02:00       0.523        1.57       0.013
  2172030903           JUNCTION     0.075    0.075     0  02:00       0.523       0.523       0.004
  2172031301           JUNCTION     0.075    0.374     0  02:00       0.523        2.62       0.003
  2172031302           JUNCTION     0.075    0.299     0  02:00       0.523        2.09       0.004
  2172031401           JUNCTION     0.075    3.858     0  01:36       0.523        20.5       0.038
  2172031402           JUNCTION     0.075    3.093     0  01:51       0.523          17       0.022
  2172031403           JUNCTION     0.075    3.222     0  01:56       0.523        17.7       0.068
  2172031404           JUNCTION     0.075    2.590     0  01:55       0.523        16.2       0.039
  2172031405           JUNCTION     0.075    0.673     0  02:00       0.523        4.71       0.006
  2172031406           JUNCTION     0.075    0.598     0  02:00       0.523        4.19       0.002
  2172031407           JUNCTION     0.075    1.877     0  01:55       0.523          11       0.064
  2172031408           JUNCTION     0.075    0.524     0  02:00       0.523        3.66       0.003
  2172031409           JUNCTION     0.075    0.449     0  02:00       0.523        3.14       0.003
  2172031503           JUNCTION     0.075    3.344     0  00:58       0.523        17.2       0.093
  2172031505           JUNCTION     0.075    2.999     0  01:56       0.523        16.6       0.098
  2172031506           JUNCTION     0.075    1.774     0  01:46       0.523        10.5       0.047
  2172031601           JUNCTION     0.075    0.075     0  02:00       0.523       0.523       0.004
  2172031602           JUNCTION     0.075    0.150     0  02:00       0.523        1.05       0.014
  2172031604           JUNCTION     0.075    0.075     0  02:00       0.523       0.523       0.002
  2172031605           JUNCTION     0.075    0.150     0  02:00       0.523        1.05       0.008
  2172031801           JUNCTION     0.075    0.224     0  02:00       0.523        1.57       0.004
  2172031802           JUNCTION     0.075    0.299     0  02:00       0.523        2.09       0.011
  2172031901           JUNCTION     0.075    0.075     0  02:00       0.523       0.523       0.002
  2172031902           JUNCTION     0.075    0.150     0  02:00       0.523        1.05       0.004
  2172032301           JUNCTION     0.075    0.224     0  02:00       0.523        1.57       0.005
  2172032302           JUNCTION     0.075    0.150     0  02:00       0.523        1.05       0.004
  2172032303           JUNCTION     0.075    0.075     0  02:00       0.523       0.523       0.002
  2172032501           JUNCTION     0.075    2.894     0  01:53       0.523        16.1       0.042
  2172032502           JUNCTION     0.075    1.678     0  01:54       0.523        9.97       0.038
  2172032503           JUNCTION     0.075    2.664     0  01:20       0.523        15.6       0.012
  2172032504           JUNCTION     0.075    1.599     0  01:46       0.523        9.45       0.028
  2172032601           JUNCTION     0.075    2.685     0  01:57       0.523        15.1       0.013
  2172032602           JUNCTION     0.075    1.565     0  01:46       0.523        8.92       0.022
  2172032603           JUNCTION     0.075    2.574     0  01:38       0.523        14.6       0.015
  2172032604           JUNCTION     0.075    1.510     0  01:06       0.523         8.4       0.029
  2172032605           JUNCTION     0.075    2.489     0  01:54       0.523          14       0.007
  2172032606           JUNCTION     0.075    1.466     0  01:06       0.523        7.88       0.015
  2172032701           JUNCTION     0.075    0.224     0  02:00       0.523        1.57       0.007
  2172032702           JUNCTION     0.075    0.299     0  02:00       0.523        2.09       0.007
  2172032703           JUNCTION     0.075    0.150     0  02:00       0.523        1.05       0.014
  2172032704           JUNCTION     0.075    0.374     0  02:00       0.523        2.62       0.005
  2172032705           JUNCTION     0.075    0.900     0  01:59       0.523        6.28       0.001
  2172032706           JUNCTION     0.075    0.305     0  01:59       0.523        2.09       0.002
  2172032707           JUNCTION     0.075    0.973     0  01:59       0.523         6.8       0.003
  2172032708           JUNCTION     0.075    0.225     0  01:59       0.523        1.57       0.007
  2172032709           JUNCTION     0.075    1.047     0  01:59       0.523        7.32       0.004
  2172032710           JUNCTION     0.075    0.150     0  01:59       0.523        1.05       0.009
  2172032803           JUNCTION     0.075    0.075     0  02:00       0.523       0.523       0.000
  2172033601           JUNCTION     0.075    2.442     0  00:57       0.523        13.5       0.009
  2172033602           JUNCTION     0.075    1.368     0  01:06       0.523        7.36       0.016
  2172033603           JUNCTION     0.075    2.453     0  01:57       0.523        13.1       0.011
  2172033604           JUNCTION     0.075    1.823     0  01:45       0.523        8.41       0.038
  2172033701           JUNCTION     0.075    1.122     0  01:59       0.523        7.85       0.006
  2172033702           JUNCTION     0.075    0.764     0  00:57       0.523        3.14       0.039
  2172033703           JUNCTION     0.075    1.247     0  01:56       0.523        7.82       0.078
  2172033704           JUNCTION     0.075    0.534     0  00:56       0.523        2.61       0.033
  2172033705           JUNCTION     0.075    1.150     0  01:48       0.523         7.3       0.044
  2172033801           JUNCTION     0.075    0.075     0  02:00       0.523       0.523       0.002
  2172034701           JUNCTION     0.075    0.481     0  01:56       0.523        2.09       0.069
  2172034702           JUNCTION     0.075    1.095     0  01:48       0.523        6.78       0.033
  2172034801           JUNCTION     0.075    0.376     0  01:08       0.523        1.57       0.051
  2172034802           JUNCTION     0.075    1.011     0  01:48       0.523        6.26       0.004
  2172034803           JUNCTION     0.075    0.248     0  01:08       0.523        1.05       0.066
  2172034804           JUNCTION     0.075    0.208     0  01:48       0.523        1.05       0.123
  2172034805           JUNCTION     0.075    0.122     0  01:07       0.523       0.525       0.033
  2172034806           JUNCTION     0.075    0.075     0  02:00       0.523       0.523       0.043
  2172035701           JUNCTION     0.075    0.673     0  02:00       0.523         4.7       0.244
  2172035901           JUNCTION     0.075    2.468     0  02:00       0.523        17.5       0.059
  2172035902           JUNCTION     0.075    1.870     0  02:00       0.523        12.8       0.046
  2172035903           JUNCTION     0.075    2.393     0  02:00       0.523        16.9       0.023
  2172035904           JUNCTION     0.075    1.795     0  02:00       0.523        12.3       0.024
  2172035905           JUNCTION     0.075    2.318     0  02:00       0.523        16.4       0.026
  2172035906           JUNCTION     0.075    1.720     0  02:00       0.523        11.7       0.019
  2172036601           JUNCTION     0.075    0.598     0  02:00       0.523        4.18       0.059
  2172036602           JUNCTION     0.075    0.524     0  02:00       0.523        3.66       0.042
  2172036603           JUNCTION     0.075    0.449     0  02:00       0.523        3.14       0.021
  2172037001           JUNCTION     0.075    0.075     0  02:00       0.523       0.523      -0.026
  2172037202           JUNCTION     0.075    0.150     0  02:00       0.523        1.05       0.089
  2172037204           JUNCTION     0.075    0.224     0  02:00       0.523        1.57       0.053
  2172037501           JUNCTION     0.075    0.374     0  02:00       0.523        2.61       0.029
  2172037502           JUNCTION     0.075    0.299     0  02:00       0.523        2.09       0.029
  2172037503           JUNCTION     0.075    0.224     0  02:00       0.523        1.57       0.026
  2172037701           JUNCTION     0.075    0.075     0  02:00       0.523       0.523       0.002
  2172038101           JUNCTION     0.075    1.810     0  01:57       0.523        12.6       0.009
  2172038102           JUNCTION     0.075    1.735     0  01:57       0.523        12.1       0.009
  2172038103           JUNCTION     0.075    1.661     0  01:57       0.523        11.6       0.014
  2172038104           JUNCTION     0.075    0.075     0  02:00       0.523       0.523      -0.002
  2172038201           JUNCTION     0.075    1.905     0  01:50       0.523        13.2       0.012
  2172038202           JUNCTION     0.075    1.680     0  01:56       0.523        11.6       0.026
  2172038203           JUNCTION     0.075    0.150     0  02:00       0.523        1.05       0.164
  2172038302           JUNCTION     0.075    0.299     0  02:00       0.523        2.09       0.028
  2172038303           JUNCTION     0.075    0.374     0  02:00       0.523        2.61       0.010
  2172038306           JUNCTION     0.075    1.605     0  01:56       0.523        11.1       0.014
  2172038308           JUNCTION     0.075    1.531     0  01:55       0.523        10.6       0.021
  2172038403           JUNCTION     0.075    0.449     0  02:00       0.523        3.14       0.008
  2172038404           JUNCTION     0.075    0.524     0  02:00       0.523        3.66       0.010
  2172038406           JUNCTION     0.075    0.598     0  02:00       0.523        4.18       0.011
  2172038407           JUNCTION     0.075    0.673     0  02:00       0.523        4.71       0.016
  2172038501           JUNCTION     0.075    0.150     0  02:00       0.523        1.05       0.027
  2172038502           JUNCTION     0.075    0.075     0  02:00       0.523       0.523       0.018
  2172038503           JUNCTION     0.075    0.224     0  02:00       0.523        1.57       0.018
  2172038505           JUNCTION     0.075    0.972     0  02:00       0.523         6.8       0.001
  2172038506           JUNCTION     0.075    0.150     0  02:00       0.523        1.05       0.045
  2172038509           JUNCTION     0.075    1.715     0  00:52       0.523        11.3       0.094
  2172038512           JUNCTION     0.075    1.329     0  01:43       0.523        9.66      -0.297
  2172038513           JUNCTION     0.075    1.240     0  01:43       0.523        9.14       0.033
  2172038514           JUNCTION     0.075    0.150     0  02:00       0.523        1.05       0.057
  2172038602           JUNCTION     0.075    0.075     0  02:00       0.523       0.523       0.011
  2172038701           JUNCTION     0.075    0.150     0  02:00       0.523        1.05       0.009
  2172038702           JUNCTION     0.075    0.224     0  02:00       0.523        1.57       0.010
  2172038703           JUNCTION     0.075    0.299     0  02:00       0.523        2.09       0.008
  2172038704           JUNCTION     0.075    0.374     0  02:00       0.523        2.62       0.005
  2172039101           JUNCTION     0.075    0.224     0  02:00       0.523        1.57       0.008
  2172039102           JUNCTION     0.075    0.150     0  02:00       0.523        1.05       0.015
  2172039104           JUNCTION     0.075    0.075     0  02:00       0.523       0.523       0.001
  2172039202           JUNCTION     0.075    0.641     0  01:55       0.523        4.59       0.001
  2172039203           JUNCTION     0.075    0.150     0  01:58       0.523        1.05       0.006
  2172039204           JUNCTION     0.075    0.342     0  01:49       0.523         2.5       0.017
  2172039205           JUNCTION     0.075    0.075     0  02:00       0.523       0.523       0.004
  2172039206           JUNCTION     0.075    0.267     0  01:34       0.523        1.98       0.019
  2172039302           JUNCTION     0.075    1.457     0  01:55       0.523        10.1       0.023
  2172039303           JUNCTION     0.075    0.224     0  01:58       0.523        1.57       0.007
  2172039304           JUNCTION     0.075    0.801     0  01:39       0.523        5.23      -0.078
  2172039305           JUNCTION     0.075    1.394     0  01:55       0.523        9.54       0.025
  2172039306           JUNCTION     0.075    0.300     0  01:57       0.523        2.09       0.006
  2172039307           JUNCTION     0.075    0.384     0  01:50       0.523        2.61      -0.176
  2172039308           JUNCTION     0.075    0.309     0  01:42       0.523        2.09       0.047
  2172039309           JUNCTION     0.075    0.234     0  01:42       0.523        1.57       0.066
  2172039310           JUNCTION     0.075    0.160     0  01:42       0.523        1.05       0.042
  2172039311           JUNCTION     0.075    0.075     0  02:00       0.523       0.523       0.015
  2172039401           JUNCTION     0.075    0.075     0  02:00       0.523       0.523       0.001
  2172039402           JUNCTION     0.075    0.152     0  01:45       0.523        1.05       0.017
  2172039403           JUNCTION     0.075    0.228     0  01:45       0.523        1.57       0.014
  2172039404           JUNCTION     0.075    0.303     0  01:45       0.523        2.09       0.013
  2172039405           JUNCTION     0.075    1.408     0  01:54       0.523        9.02       0.012
  2172039407           JUNCTION     0.075    1.242     0  01:41       0.523         8.5       0.007
  2172039501           JUNCTION     0.075    1.163     0  01:46       0.523        8.62       0.009
  2172039502           JUNCTION     0.075    1.088     0  01:46       0.523        8.09       0.011
  2172039503           JUNCTION     0.075    1.014     0  01:46       0.523        7.57       0.006
  2172039504           JUNCTION     0.075    0.075     0  02:00       0.523       0.523       0.004
  2172039506           JUNCTION     0.075    0.939     0  01:28       0.523        7.05       0.004
  2172039507           JUNCTION     0.075    0.378     0  01:45       0.523        2.62       0.012
  2172039508           JUNCTION     0.075    1.118     0  01:45       0.523        8.24       0.009
  2172039703           JUNCTION     0.075    0.823     0  01:55       0.523        5.75       0.004
  2172039704           JUNCTION     0.075    0.748     0  01:53       0.523        5.23       0.004
  2172039705           JUNCTION     0.075    0.673     0  01:54       0.523        4.71       0.003
  2172039706           JUNCTION     0.075    0.599     0  01:59       0.523        4.19       0.004
  2172040701           JUNCTION     0.075    0.150     0  02:00       0.523        1.05       0.022
  2172040702           JUNCTION     0.075    0.075     0  02:00       0.523       0.523       0.001
  2172040802           JUNCTION     0.075    0.075     0  02:00       0.523       0.523       0.009
  2172041709           JUNCTION     0.075    0.075     0  02:00       0.523       0.523       0.008
  2172041802           JUNCTION     0.075    0.374     0  01:58       0.523        2.62       0.005
  2172041902           JUNCTION     0.075    0.299     0  01:59       0.523        2.09       0.031
  2172041903           JUNCTION     0.075    0.075     0  02:00       0.523       0.523      -0.002
  2172041905           JUNCTION     0.075    0.150     0  01:59       0.523        1.05       0.011
  2172041907           JUNCTION     0.075    0.150     0  01:57       0.523        1.05       0.013
  2172042301_          JUNCTION     0.075    0.153     0  01:59       0.523        1.04      -0.019
  2172042302_          JUNCTION     0.075    0.075     0  02:00       0.523       0.523       0.016
  2172042401_          JUNCTION     0.075    0.131     0  00:08       0.523       0.589       0.100
  2172042402           JUNCTION     0.075    0.116     0  02:06       0.523        0.59       0.009
  2172042403           JUNCTION     0.075    0.150     0  02:03       0.523        1.08       0.058
  2172042604           JUNCTION     0.075    0.224     0  02:00       0.523        1.57       0.005
  2172042605           JUNCTION     0.075    0.150     0  02:00       0.523        1.05       0.004
  2172042701           JUNCTION     0.075    0.075     0  02:00       0.523       0.523       0.002
  2172042702           JUNCTION     0.075    0.075     0  02:00       0.523       0.523       0.003
  2172042802           JUNCTION     0.075    0.075     0  02:00       0.523       0.523       0.013
  2172042901           JUNCTION     0.075    0.075     0  02:00       0.523       0.523       0.008
  2172042902           JUNCTION     0.075    0.075     0  02:00       0.523       0.523       0.055
  2172043301           JUNCTION     0.075    0.075     0  02:00       0.523       0.523       0.002
  2172043401           JUNCTION     0.075    0.150     0  02:00       0.523        1.05       0.013
  2172043401_          JUNCTION     0.075    0.188     0  02:03       0.523         1.1       0.019
  2172043501           JUNCTION     0.075    0.226     0  02:03       0.523        1.62       0.013
  2172043502           JUNCTION     0.075    0.150     0  01:59       0.523        1.05       0.108
  2172043503           JUNCTION     0.075    0.272     0  00:12       0.523        1.91       0.015
  2172043504           JUNCTION     0.075    0.329     0  00:22       0.523        2.43       0.016
  2172043505           JUNCTION     0.075    0.398     0  01:35       0.523        2.95       0.022
  2172043506           JUNCTION     0.075    0.472     0  01:35       0.523        3.47       0.021
  2172043507           JUNCTION     0.075    0.224     0  01:59       0.523        1.57       0.045
  2172043508           JUNCTION     0.075    0.547     0  01:35       0.523        3.99       0.046
  2172043602           JUNCTION     0.075    0.209     0  02:00       0.523         1.5       0.006
  2172043603           JUNCTION     0.075    0.150     0  01:59       0.523        1.05       0.006
  2172043604           JUNCTION     0.075    0.624     0  01:30       0.523        4.51       0.083
  2172043605           JUNCTION     0.075    1.037     0  01:51       0.523        7.12      -0.093
  2172043606           JUNCTION     0.075    0.393     0  02:00       0.523        2.84       0.003
  2172043607           JUNCTION     0.075    0.302     0  01:51       0.523        2.09       0.014
  2172043701           JUNCTION     0.075    0.144     0  00:35       0.523       0.961       0.033
  2172043702           JUNCTION     0.075    0.216     0  00:35       0.523        1.48       0.022
  2172043703           JUNCTION     0.075    0.504     0  00:39       0.523        3.58       0.018
  2172043704           JUNCTION     0.075    0.150     0  01:32       0.523        1.05       0.003
  2172043705           JUNCTION     0.075    0.075     0  02:00       0.523       0.523       0.001
  2172043706           JUNCTION     0.075    0.075     0  02:00       0.523       0.523       0.002
  2172043801           JUNCTION     0.075    0.075     0  02:00       0.523       0.523       0.015
  2172043802           JUNCTION     0.075    0.579     0  01:45       0.523         4.1       0.006
  2172043803           JUNCTION     0.075    0.653     0  01:43       0.523        4.62       0.006
  2172043804           JUNCTION     0.075    0.728     0  01:43       0.523        5.14       0.007
  2172043904           JUNCTION     0.075    0.075     0  02:00       0.523       0.523       0.009
  2172043905           JUNCTION     0.075    1.775     0  01:58       0.523        12.5       0.003
  2172043906           JUNCTION     0.075    0.952     0  01:56       0.523        6.71       0.003
  2172043907           JUNCTION     0.075    0.803     0  01:56       0.523        5.67       0.001
  2172044002           JUNCTION     0.075    0.150     0  02:00       0.523        1.05       0.018
  2172044103           JUNCTION     0.075    0.075     0  02:00       0.523       0.523       0.011
  2172044401           JUNCTION     0.075    0.224     0  02:00       0.523        1.57       0.008
  2172044402           JUNCTION     0.075    0.299     0  02:00       0.523        2.09       0.007
  2172044403           JUNCTION     0.075    0.374     0  02:00       0.523        2.62       0.007
  2172044601           JUNCTION     0.075    0.168     0  01:57       0.523        1.27       0.010
  2172044602           JUNCTION     0.075    0.113     0  02:00       0.523        0.85       0.007
  2172044603           JUNCTION     0.075    0.150     0  02:00       0.523        1.05       0.006
  2172044604           JUNCTION     0.075    0.075     0  02:00       0.523       0.523       0.019
  2172044605           JUNCTION     0.075    0.121     0  02:00       0.523       0.872       0.006
  2172044606           JUNCTION     0.075    0.075     0  02:00       0.523       0.523       0.017
  2172044607           JUNCTION     0.075    0.075     0  02:00       0.523       0.523      -0.001
  2172044701           JUNCTION     0.075    0.139     0  01:59       0.523         0.9      -0.003
  2172044702           JUNCTION     0.075    0.087     0  02:05       0.523       0.557       0.011
  2172044703           JUNCTION     0.075    0.075     0  02:00       0.523       0.523       0.007
  2172044704           JUNCTION     0.075    0.167     0  02:03       0.523        1.23       0.003
  2172044705           JUNCTION     0.075    0.235     0  01:52       0.523        1.75       0.007
  2172044706           JUNCTION     0.075    1.359     0  01:58       0.523        9.83       0.000
  2172044707           JUNCTION     0.075    0.150     0  02:00       0.523        1.05       0.032
  2172044902           JUNCTION     0.075    0.150     0  01:59       0.523        1.05       0.035
  2172044903           JUNCTION     0.075    0.075     0  02:00       0.523       0.523      -0.011
  2172044905           JUNCTION     0.075    0.598     0  01:59       0.523        4.18       0.018
  2172044909           JUNCTION     0.075    0.524     0  01:59       0.523        3.66       0.005
  2172044910           JUNCTION     0.075    0.374     0  02:00       0.523        2.62       0.003
  2172045001           JUNCTION     0.075    0.224     0  02:00       0.523        1.57       0.019
  2172045002           JUNCTION     0.075    0.299     0  02:00       0.523        2.09       0.018
  2172045003           JUNCTION     0.075    0.374     0  02:00       0.523        2.62       0.017
  2172045701           JUNCTION     0.075    0.615     0  02:00       0.523        4.24       0.000
  2172045702           JUNCTION     0.075    1.049     0  01:54       0.523        7.55       0.004
  2172045704           JUNCTION     0.075    0.390     0  01:59       0.523        2.67       0.012
  2172045801           JUNCTION     0.075    0.075     0  02:00       0.523       0.523       0.057
  2172045802           JUNCTION     0.075    0.075     0  02:00       0.523       0.523       0.009
  2172045803           JUNCTION     0.075    0.974     0  01:49       0.523        7.03       0.006
  2172045804           JUNCTION     0.075    0.825     0  01:54       0.523        5.99       0.005
  2172045805           JUNCTION     0.075    0.750     0  01:50       0.523        5.46       0.009
  2172045806           JUNCTION     0.075    0.316     0  01:59       0.523        2.15       0.009
  2172045807           JUNCTION     0.075    0.308     0  00:11       0.523        2.27       0.002
  2172045808           JUNCTION     0.075    0.370     0  01:49       0.523        2.67       0.005
  2172045809           JUNCTION     0.075    0.179     0  00:14       0.523        1.27       0.009
  2172045810           JUNCTION     0.075    0.295     0  01:58       0.523        2.15       0.006
  2172045902           JUNCTION     0.075    0.299     0  01:59       0.523        2.09       0.020
  2172045904           JUNCTION     0.075    0.224     0  01:59       0.523        1.57       0.006
  2172045905           JUNCTION     0.075    0.150     0  01:59       0.523        1.05       0.011
  2172046001           JUNCTION     0.075    0.449     0  02:00       0.523        3.14       0.037
  2172046002           JUNCTION     0.075    2.593     0  02:00       0.523        18.3       0.029
  2172046003           JUNCTION     0.075    1.646     0  02:00       0.523        11.2       0.046
  2172046004           JUNCTION     0.075    2.070     0  02:00       0.523        14.6       0.065
  2172046005           JUNCTION     0.075    1.221     0  02:00       0.523        8.35       0.088
  2172046801_          JUNCTION     0.075    0.299     0  01:59       0.523        2.09       0.007
  2172046802_          JUNCTION     0.075    0.221     0  00:22       0.523        1.63       0.010
  2172046803_          JUNCTION     0.075    0.156     0  00:10       0.523         1.1       0.004
  2172046804           JUNCTION     0.075    0.224     0  02:00       0.523        1.57       0.006
  2172046805           JUNCTION     0.075    0.125     0  02:00       0.523       0.898       0.009
  2172046806           JUNCTION     0.075    0.075     0  02:00       0.523       0.523       0.001
  2172046901           JUNCTION     0.075    0.139     0  02:00       0.523       0.991       0.022
  2172046902           JUNCTION     0.075    0.075     0  02:00       0.523       0.523       0.002
  2172046903           JUNCTION     0.075    0.075     0  02:00       0.523       0.523       0.002
  2172046904           JUNCTION     0.075    0.150     0  02:00       0.523        1.05       0.002
  2172046905           JUNCTION     0.075    0.075     0  02:00       0.523       0.523       0.016
  2172047001           JUNCTION     0.075    1.146     0  02:00       0.523        7.83       0.026
  2172047101           JUNCTION     0.075    1.995     0  02:00       0.523        14.1       0.040
  2172047102           JUNCTION     0.075    1.920     0  01:59       0.523        13.6       0.031
  2172047103           JUNCTION     0.075    1.072     0  02:00       0.523        7.31       0.034
  2172047104           JUNCTION     0.075    2.842     0  02:00       0.523        19.8       0.016
  2172047202           JUNCTION     0.075    0.075     0  02:00       0.523       0.523       0.015
  2172047204           JUNCTION     0.075    0.150     0  02:00       0.523        1.05       0.023
  2172047403           JUNCTION     0.075    0.075     0  02:00       0.523       0.523       0.021
  2172048101           JUNCTION     0.075    0.972     0  02:00       0.523         6.8       0.050
  2172048201           JUNCTION     0.075    0.224     0  01:59       0.523        1.57       0.096
  2172048202           JUNCTION     0.075    2.767     0  01:59       0.523        19.3       0.025
  2172048203           JUNCTION     0.075    1.496     0  02:00       0.523        10.4       0.034
  2172048304           JUNCTION     0.075    0.075     0  02:00       0.523       0.523       0.035
  2172048305           JUNCTION     0.075    0.691     0  02:01       0.523        4.71       0.000
  2172048306           JUNCTION     0.075    1.421     0  02:00       0.523        9.93       0.028
  2172048307           JUNCTION     0.075    1.019     0  00:22       0.523        5.23       0.008
  2172048401           JUNCTION     0.075    0.153     0  02:01       0.523        1.05       0.035
  2172048403           JUNCTION     0.075    0.260     0  02:01       0.523        1.57       0.060
  2172048405           JUNCTION     0.075    0.374     0  02:00       0.523        2.62       0.013
  2172048407           JUNCTION     0.075    0.075     0  02:00       0.523       0.523       0.032
  2172048408           JUNCTION     0.075    0.299     0  02:00       0.523        2.09       0.010
  2172049003           JUNCTION     0.075    0.898     0  02:00       0.523        6.27       0.013
  2172049301           JUNCTION     0.075    1.271     0  02:00       0.523        8.89       0.037
  2172049302           JUNCTION     0.075    0.868     0  00:25       0.523        5.75       0.013
  2172049303           JUNCTION     0.075    1.197     0  02:00       0.523        8.37       0.038
  2172049304           JUNCTION     0.075    0.317     0  00:32       0.523         2.1       0.027
  2172049401           JUNCTION     0.075    0.150     0  02:00       0.523        1.05       0.017
  2172049402           JUNCTION     0.075    0.257     0  00:32       0.523        1.57       0.027
  2172049403           JUNCTION     0.075    0.168     0  00:24       0.523        1.05       0.032
  2172049502           JUNCTION     0.075    0.075     0  02:00       0.523       0.523       0.008
  2172051102           JUNCTION     0.075    0.075     0  02:00       0.523       0.523       0.003
  2172051103           JUNCTION     0.075    0.150     0  01:59       0.523        1.05       0.008
  2172052101           JUNCTION     0.075    0.209     0  00:28       0.523         1.5       0.006
  2172052102           JUNCTION     0.075    0.284     0  01:59       0.523        2.02       0.007
  2172052103           JUNCTION     0.075    0.358     0  01:59       0.523        2.54       0.001
  2172052105           JUNCTION     0.075    1.047     0  01:58       0.523        7.32       0.000
  2172052106           JUNCTION     0.075    0.449     0  01:59       0.523        3.14       0.004
  2172052107           JUNCTION     0.075    0.374     0  01:57       0.523        2.62       0.003
  2172052108           JUNCTION     0.075    0.524     0  01:56       0.523        3.66       0.001
  2172052109           JUNCTION     0.075    0.299     0  01:59       0.523        2.09       0.003
  2172052110           JUNCTION     0.075    0.449     0  01:56       0.523        3.14       0.004
  2172052111           JUNCTION     0.075    0.225     0  01:55       0.523        1.57       0.003
  2172052112           JUNCTION     0.075    0.374     0  01:59       0.523        2.62       0.003
  2172052114           JUNCTION     0.075    0.299     0  01:55       0.523        2.09       0.009
  2172052201           JUNCTION     0.075    0.150     0  02:00       0.523        1.05       0.004
  2172052202           JUNCTION     0.075    0.075     0  02:00       0.523       0.523       0.002
  2172053201           JUNCTION     0.075    0.225     0  01:59       0.523        1.57       0.012
  2172053203           JUNCTION     0.075    0.150     0  01:40       0.523        1.05       0.003
  2172053204           JUNCTION     0.075    0.075     0  02:00       0.523       0.523       0.001
  2172053503           JUNCTION     0.075    0.107     0  00:10       0.523       0.723       0.043
  2172053602           JUNCTION     0.075    0.075     0  02:00       0.523       0.523      -0.003
  2172054407           JUNCTION     0.075    0.075     0  02:00       0.523       0.523       0.012
  2172054409           JUNCTION     0.075    0.075     0  02:00       0.523       0.523       0.003
  2172054410           JUNCTION     0.075    0.150     0  02:00       0.523        1.05       0.011
  2172054501           JUNCTION     0.075    0.170     0  01:59       0.523        1.25       0.037
  2172054502           JUNCTION     0.075    0.319     0  01:59       0.523        2.29       0.021
  2172054503           JUNCTION     0.075    0.224     0  02:00       0.523        1.57       0.003
  2172054504           JUNCTION     0.075    0.378     0  02:00       0.523        2.69       0.008
  2172054506           JUNCTION     0.075    0.315     0  02:00       0.523        2.22       0.016
  2172055101           JUNCTION     0.075    0.224     0  01:59       0.523        1.57       0.007
  2172055701_          JUNCTION     0.075    0.075     0  02:00       0.523       0.523       0.008
  2172056101           JUNCTION     0.075    0.150     0  01:59       0.523        1.05       0.023
  2172056102           JUNCTION     0.075    0.075     0  02:00       0.523       0.523       0.002
  2172056302           JUNCTION     0.075    0.075     0  02:00       0.523       0.523       0.003
  2172056305           JUNCTION     0.075    0.090     0  00:08       0.523       0.568       0.010
  2172056306           JUNCTION     0.075    0.224     0  02:00       0.523        1.57       0.006
  2172056403           JUNCTION     0.075    0.150     0  01:59       0.523        1.05       0.008
  2172056404           JUNCTION     0.075    0.224     0  01:58       0.523        1.57       0.006
  2172056405           JUNCTION     0.075    0.707     0  01:59       0.523           5       0.002
  2172056406           JUNCTION     0.075    0.095     0  01:59       0.523       0.626       0.002
  2172056501           JUNCTION     0.075    0.408     0  01:57       0.523        2.91       0.010
  2172056502           JUNCTION     0.075    0.333     0  01:53       0.523        2.39       0.006
  2172056503           JUNCTION     0.075    0.258     0  01:55       0.523        1.86       0.007
  2172056601           JUNCTION     0.075    0.075     0  02:00       0.523       0.523       0.004
  2172056601_          JUNCTION     0.075    0.183     0  00:57       0.523        1.34       0.006
  2172056602           JUNCTION     0.075    0.299     0  01:59       0.523        2.09       0.004
  2172056602_          JUNCTION     0.075    0.121     0  00:14       0.523       0.818       0.011
  2172056603           JUNCTION     0.075    0.150     0  01:59       0.523        1.05       0.025
  2172056603_          JUNCTION     0.075    0.075     0  02:00       0.523       0.523       0.002
  2172057001           JUNCTION     0.075    0.125     0  01:59       0.523       0.823       0.001
  2172057002           JUNCTION     0.075    0.075     0  02:00       0.523       0.552       0.012
  2172057003           JUNCTION     0.075    0.109     0  00:06       0.523       0.776       0.008
  2172057004           JUNCTION     0.075    0.174     0  01:41       0.523         1.3       0.009
  2172057005           JUNCTION     0.075    0.075     0  02:00       0.523       0.523       0.007
  2172057101           JUNCTION     0.075    0.395     0  01:55       0.523        2.85       0.000
  2172057105           JUNCTION     0.075    0.146     0  01:58       0.523        1.03       0.021
  2172057301           JUNCTION     0.075    0.136     0  00:08       0.523       0.988       0.007
  2172057302           JUNCTION     0.075    0.150     0  01:59       0.523        1.05       0.010
  2172057305           JUNCTION     0.075    0.205     0  01:58       0.523        1.51       0.010
  2172057306           JUNCTION     0.075    0.075     0  02:00       0.523       0.523      -0.003
  2172057307           JUNCTION     0.075    0.279     0  01:58       0.523        2.03       0.021
  2172057309           JUNCTION     0.075    1.233     0  01:53       0.523        8.89      -0.005
  2172057402           JUNCTION     0.075    0.374     0  02:00       0.523        2.62       0.008
  2172057403           JUNCTION     0.075    0.299     0  02:00       0.523        2.09       0.007
  2172057404           JUNCTION     0.075    0.224     0  02:00       0.523        1.57       0.010
  2172057406           JUNCTION     0.075    0.879     0  01:53       0.523        6.33       0.006
  2172057501           JUNCTION     0.075    0.150     0  02:00       0.523        1.05       0.008
  2172057502           JUNCTION     0.075    0.075     0  02:00       0.523       0.523       0.009
  2172057601           JUNCTION     0.075    0.075     0  02:00       0.523       0.523       0.011
  2172057602           JUNCTION     0.075    0.150     0  01:59       0.523        1.05       0.008
  2172057603           JUNCTION     0.075    0.075     0  02:00       0.523       0.523       0.006
  2172058102           JUNCTION     0.075    0.075     0  02:00       0.523       0.523       0.031
  2172058401           JUNCTION     0.075    0.804     0  01:50       0.523        5.81       0.007
  2172058402           JUNCTION     0.075    0.729     0  01:53       0.523        5.29       0.005
  2172058403           JUNCTION     0.075    0.655     0  01:51       0.523        4.76       0.004
  2172058501           JUNCTION     0.075    0.580     0  01:51       0.523        4.24       0.005
  2172058502           JUNCTION     0.075    0.505     0  01:33       0.523        3.72       0.009
  2172058503           JUNCTION     0.075    0.435     0  02:02       0.523        3.19       0.007
  2172058602           JUNCTION     0.075    0.384     0  02:02       0.523        2.67       0.003
  2172058603           JUNCTION     0.075    0.225     0  01:55       0.523        1.57       0.003
  2172058604           JUNCTION     0.075    0.150     0  01:54       0.523        1.05       0.003
  2172058605           JUNCTION     0.075    0.075     0  02:00       0.523       0.523       0.000
  2172058606           JUNCTION     0.075    0.224     0  01:50       0.523        1.57       0.020
  2172058607           JUNCTION     0.075    0.075     0  02:00       0.523       0.523       0.001
  2172058608           JUNCTION     0.075    0.075     0  02:00       0.523       0.523       0.004
  2172059301           JUNCTION     0.075    0.602     0  01:59       0.523        4.18       0.001
  2172059302           JUNCTION     0.075    0.224     0  01:59       0.523        1.57       0.007
  2172059303           JUNCTION     0.075    0.150     0  02:00       0.523        1.05       0.007
  2172059402           JUNCTION     0.075    0.299     0  01:59       0.523        2.09       0.013
  2172059404           JUNCTION     0.075    0.224     0  01:59       0.523        1.57       0.008
  2172059405           JUNCTION     0.075    0.151     0  02:00       0.523        1.05       0.007
  2172059406           JUNCTION     0.075    0.075     0  02:00       0.523       0.523       0.002
  2172059501           JUNCTION     0.075    0.075     0  02:00       0.523       0.523       0.008
  2172059502           JUNCTION     0.075    0.150     0  01:53       0.523        1.05       0.006
  2172059503           JUNCTION     0.075    0.224     0  01:59       0.523        1.57       0.005
  2172059504           JUNCTION     0.075    0.299     0  02:00       0.523        2.09       0.026
  2172059604           JUNCTION     0.075    0.374     0  02:00       0.523        2.62       0.004
  2172059703           JUNCTION     0.075    0.075     0  02:00       0.523       0.523       0.004
  2173030105           JUNCTION     0.075    0.075     0  02:00       0.523       0.523       0.003
  2173030301           JUNCTION     0.075    0.204     0  00:09       0.523        1.45       0.019
  2173030302           JUNCTION     0.075    0.152     0  02:02       0.523       0.929       0.016
  2173030303           JUNCTION     0.075    0.101     0  02:02       0.523       0.573       0.018
  2173030304           JUNCTION     0.075    0.107     0  01:57       0.523        0.69      -0.004
  2173030403           JUNCTION     0.075    0.236     0  01:32       0.523        1.57       0.137
  2173030405           JUNCTION     0.075    0.311     0  01:32       0.523        2.09       0.092
  2173030501           JUNCTION     0.075    0.722     0  00:11       0.523        5.09       0.007
  2173030502           JUNCTION     0.075    0.345     0  01:32       0.523        2.24       0.018
  2173030503           JUNCTION     0.075    0.667     0  00:11       0.523        4.56       0.008
  2173030504           JUNCTION     0.075    1.161     0  01:48       0.523        7.97       0.010
  2173030505           JUNCTION     0.075    1.093     0  01:47       0.523        7.45       0.002
  2173030506           JUNCTION     0.075    0.681     0  02:00       0.523        4.71       0.010
  2173030507           JUNCTION     0.075    0.161     0  01:31       0.523        1.05       0.067
  2173030601           JUNCTION     0.075    0.612     0  00:11       0.523        4.04       0.007
  2173030602           JUNCTION     0.075    0.557     0  00:11       0.523        4.04       0.007
  2173030603           JUNCTION     0.075    0.502     0  00:11       0.523        3.62       0.006
  2173030604           JUNCTION     0.075    0.447     0  00:11       0.523         3.1       0.007
  2173030605           JUNCTION     0.075    0.608     0  02:01       0.523        4.18       0.019
  2173030606           JUNCTION     0.075    0.531     0  02:01       0.523        3.66       0.012
  2173030607           JUNCTION     0.075    0.394     0  02:03       0.523        2.57       0.011
  2173030608           JUNCTION     0.075    0.350     0  02:03       0.523        2.05       0.008
  2173030701           JUNCTION     0.075    0.524     0  01:59       0.523        3.66       0.005
  2173030702           JUNCTION     0.075    0.075     0  02:00       0.523       0.523       0.011
  2173030703           JUNCTION     0.075    0.585     0  00:21       0.523        3.14      -0.006
  2173030704           JUNCTION     0.075    0.150     0  01:28       0.523        1.05       0.008
  2173030705           JUNCTION     0.075    0.231     0  02:00       0.523        1.57       0.009
  2173030706           JUNCTION     0.075    0.160     0  02:00       0.523        1.05       0.013
  2173030801           JUNCTION     0.075    0.075     0  02:00       0.523       0.523      -0.002
  2173030901           JUNCTION     0.075    0.673     0  02:00       0.523        4.71       0.035
  2173030902           JUNCTION     0.075    0.598     0  02:00       0.523        4.19       0.010
  2173031302           JUNCTION     0.075    1.580     0  02:00       0.523          11       0.000
  2173031304           JUNCTION     0.075    0.309     0  02:00       0.523        2.15       0.010
  2173031305           JUNCTION     0.075    1.197     0  02:00       0.523        8.37       0.003
  2173031306           JUNCTION     0.075    0.234     0  02:00       0.523        1.63       0.012
  2173031307           JUNCTION     0.075    0.159     0  02:00       0.523        1.11       0.016
  2173031308           JUNCTION     0.075    1.122     0  02:00       0.523        7.85       0.004
  2173031401           JUNCTION     0.075    0.387     0  01:36       0.523        2.61       0.049
  2173031402           JUNCTION     0.075    0.634     0  01:47       0.523        4.18       0.004
  2173031403           JUNCTION     0.075    0.150     0  01:48       0.523        1.05       0.013
  2173031404           JUNCTION     0.075    0.084     0  02:00       0.523       0.585       0.003
  2173031501           JUNCTION     0.075    0.075     0  02:00       0.523       0.523       0.010
  2173031505           JUNCTION     0.075    0.075     0  02:00       0.523       0.523       0.003
  2173031601           JUNCTION     0.075    0.451     0  01:52       0.523        3.14       0.022
  2173031701           JUNCTION     0.075    0.340     0  02:00       0.523        2.53       0.028
  2173031702           JUNCTION     0.075    0.374     0  02:00       0.523        2.72      -0.016
  2173031703           JUNCTION     0.075    0.377     0  01:47       0.523        2.62       0.005
  2173031704           JUNCTION     0.075    0.303     0  01:47       0.523        2.09       0.010
  2173031705           JUNCTION     0.075    0.374     0  01:56       0.523        2.61       0.009
  2173031706           JUNCTION     0.075    0.299     0  01:58       0.523        2.09       0.003
  2173031707           JUNCTION     0.075    0.227     0  01:35       0.523        1.57       0.025
  2173031708           JUNCTION     0.075    0.152     0  01:35       0.523        1.05       0.018
  2173031801           JUNCTION     0.075    0.075     0  02:00       0.523       0.523       0.002
  2173031802           JUNCTION     0.075    0.150     0  02:00       0.523        1.05       0.008
  2173031803           JUNCTION     0.075    0.150     0  02:00       0.523        1.05       0.008
  2173031804           JUNCTION     0.075    0.225     0  01:55       0.523        1.57       0.002
  2173031805           JUNCTION     0.075    0.207     0  00:10       0.523        1.05      -0.008
  2173031806           JUNCTION     0.075    0.075     0  02:00       0.523       0.523       0.001
  2173031807           JUNCTION     0.075    0.168     0  00:10       0.523       0.526      -0.001
  2173031901           JUNCTION     0.075    0.524     0  02:00       0.523        3.66       0.005
  2173031902           JUNCTION     0.075    0.449     0  02:00       0.523        3.14       0.005
  2173031903           JUNCTION     0.075    0.374     0  02:00       0.523        2.62       0.002
  2173032201           JUNCTION     0.075    1.047     0  02:00       0.523        7.32       0.006
  2173032202           JUNCTION     0.075    0.972     0  02:00       0.523         6.8       0.007
  2173032205           JUNCTION     0.075    0.898     0  02:00       0.523        6.28       0.002
  2173032206           JUNCTION     0.075    0.374     0  02:00       0.523        2.62       0.008
  2173032207           JUNCTION     0.075    0.449     0  02:00       0.523        3.14       0.004
  2173032401           JUNCTION     0.075    0.075     0  02:00       0.523       0.523       0.025
  2173032801_          JUNCTION     0.075    0.075     0  02:00       0.523       0.523      -0.000
  2173033201           JUNCTION     0.075    0.374     0  02:00       0.523        2.62       0.007
  2173033202           JUNCTION     0.075    0.299     0  02:00       0.523        2.09       0.002
  2173033204           JUNCTION     0.075    0.224     0  02:00       0.523        1.57       0.003
  2173033207           JUNCTION     0.075    0.150     0  02:00       0.523        1.05       0.004
  2173033301           JUNCTION     0.075    0.299     0  02:00       0.523        2.09       0.011
  2173033302           JUNCTION     0.075    0.224     0  02:00       0.523        1.57       0.010
  2173033303           JUNCTION     0.075    0.150     0  02:00       0.523        1.05       0.010
  2173033402           JUNCTION     0.075    0.075     0  02:00       0.523       0.523       0.002
  2173033404           JUNCTION     0.075    0.075     0  02:00       0.523       0.523       0.005
  2173033501           JUNCTION     0.075    0.150     0  02:00       0.523        1.05       0.010
  2173033601           JUNCTION     0.075    0.785     0  01:58       0.523        5.23       0.000
  2173033602           JUNCTION     0.075    0.150     0  02:00       0.523        1.05       0.010
  2173033603           JUNCTION     0.075    0.075     0  02:00       0.523       0.523       0.005
  2173033604           JUNCTION     0.075    0.526     0  01:59       0.523        3.66       0.009
  2173033605           JUNCTION     0.075    0.449     0  01:59       0.523        3.14       0.009
  2173034201           JUNCTION     0.075    0.075     0  02:00       0.523       0.523       0.004
  2173034202           JUNCTION     0.075    0.075     0  02:00       0.523       0.523       0.001
  2173034203           JUNCTION     0.075    0.150     0  01:46       0.523        1.05       0.006
  2173034204           JUNCTION     0.075    0.224     0  01:49       0.523        1.57       0.005
  2173034205           JUNCTION     0.075    0.299     0  01:55       0.523        2.09       0.006
  2173034302           JUNCTION     0.075    0.374     0  01:57       0.523        2.62       0.005
  2173034303           JUNCTION     0.075    0.449     0  01:49       0.523        3.14       0.007
  2173034501           JUNCTION     0.075    0.224     0  02:00       0.523        1.57       0.011
  2173034502           JUNCTION     0.075    0.299     0  01:59       0.523        2.09       0.005
  2173034503           JUNCTION     0.075    0.374     0  01:59       0.523        2.62       0.006
  2173035301           JUNCTION     0.075    0.673     0  01:59       0.523        4.71       0.001
  2173035401           JUNCTION     0.075    0.150     0  02:00       0.523        1.05       0.015
  2173035401_          JUNCTION     0.075    0.075     0  02:00       0.523       0.523       0.002
  2173035402           JUNCTION     0.075    0.075     0  02:00       0.523       0.523       0.002
  2173035501           JUNCTION     0.075    0.150     0  02:00       0.523        1.05       0.005
  2173035502           JUNCTION     0.075    0.224     0  02:00       0.523        1.57       0.004
  2173036501           JUNCTION     0.075    0.299     0  02:00       0.523        2.09       0.004
  2173036502           JUNCTION     0.075    0.449     0  02:00       0.523        3.14       0.001
  2173036503           JUNCTION     0.075    0.524     0  02:00       0.523        3.66       0.007
  2173036601_          JUNCTION     0.075    0.374     0  02:00       0.523        2.62       0.003
  2173036602           JUNCTION     0.075    0.449     0  01:57       0.523        3.14       0.004
  2173036603           JUNCTION     0.075    0.374     0  01:57       0.523        2.62       0.008
  2173036604           JUNCTION     0.075    0.299     0  01:57       0.523        2.09       0.009
  2173036701           JUNCTION     0.075    0.224     0  01:57       0.523        1.57       0.013
  2173036702           JUNCTION     0.075    0.150     0  01:58       0.523        1.05       0.014
  2173036703           JUNCTION     0.075    0.075     0  02:00       0.523       0.523       0.000
  2173037801           JUNCTION     0.075    0.075     0  02:00       0.523       0.523       0.002
  2173037802           JUNCTION     0.075    0.150     0  02:00       0.523        1.05       0.009
  2173037901           JUNCTION     0.075    0.524     0  02:00       0.523        3.66       0.014
  2173038801           JUNCTION     0.075    0.224     0  02:00       0.523        1.57       0.008
  2173038901           JUNCTION     0.075    0.449     0  02:00       0.523        3.14       0.002
  2173038902           JUNCTION     0.075    0.299     0  02:00       0.523        2.09       0.005
  2173038903           JUNCTION     0.075    0.374     0  02:00       0.523        2.62       0.009
  2173038904           JUNCTION     0.075    0.075     0  02:00       0.523       0.523       0.010
  2173038905           JUNCTION     0.075    0.160     0  02:00       0.523        1.05       0.013
  2173039901           JUNCTION     0.075    0.227     0  02:00       0.523        1.57       0.012
  2173040001           JUNCTION     0.075    0.823     0  02:00       0.523        5.75       0.046
  2173040002           JUNCTION     0.075    0.748     0  02:00       0.523        5.23      -0.011
  2173040101           JUNCTION     0.075    0.374     0  02:00       0.523        2.61       0.015
  2173040102           JUNCTION     0.075    0.449     0  02:00       0.523        3.14       0.023
  2173040501           JUNCTION     0.075    0.075     0  02:00       0.523       0.524       0.016
  2173041101           JUNCTION     0.075    0.299     0  02:00       0.523        2.09       0.024
  2173041102           JUNCTION     0.075    0.224     0  02:00       0.523        1.57       0.027
  2173041103           JUNCTION     0.075    0.075     0  02:00       0.523       0.523       0.003
  2173041104           JUNCTION     0.075    0.150     0  02:00       0.523        1.05       0.027
  2173041105           JUNCTION     0.075    0.150     0  02:00       0.523        1.05       0.049
  2173041201           JUNCTION     0.075    0.524     0  02:00       0.523        3.66       0.029
  2173041202           JUNCTION     0.075    0.598     0  02:00       0.523        4.18       0.033
  2173041401           JUNCTION     0.075    0.224     0  01:58       0.523        1.57       0.490
  2173041501           JUNCTION     0.075    0.302     0  00:14       0.523        2.09       0.749
  2173041502           JUNCTION     0.075    0.495     0  00:15       0.523        2.64       1.308
  2173041601           JUNCTION     0.075    0.534     0  00:14       0.523        3.26       1.106
  2173042001           JUNCTION     0.075    0.075     0  02:00       0.523       0.523      -0.001
  2173042101           JUNCTION     0.075    0.075     0  02:00       0.523       0.523       0.014
  2173042302           JUNCTION     0.075    2.812     0  01:59       0.523        19.8       0.036
  2173042401           JUNCTION     0.075    0.150     0  01:58       0.523        1.05       0.066
  2173042403           JUNCTION     0.075    0.075     0  02:00       0.523       0.523       0.031
  2173042406           JUNCTION     0.075    0.374     0  02:00       0.523        2.62       0.012
  2173042601           JUNCTION     0.075    0.690     0  00:15       0.523        3.92       0.917
  2173042701           JUNCTION     0.075    3.433     0  01:57       0.523        24.5       0.163
  2173042801           JUNCTION     0.075    3.508     0  01:58       0.523        24.7       0.163
  2173042802           JUNCTION     0.075    3.582     0  01:58       0.523        25.2       0.156
  2173043003           JUNCTION     0.075    0.150     0  02:00       0.523        1.05       0.026
  2173043005           JUNCTION     0.075    0.075     0  02:00       0.523       0.523       0.016
  2173043203           JUNCTION     0.075    2.587     0  01:58       0.523        18.3       0.025
  2173043301           JUNCTION     0.075    2.737     0  01:59       0.523        19.3       0.033
  2173043302           JUNCTION     0.075    0.224     0  02:00       0.523        1.57       0.008
  2173043303           JUNCTION     0.075    2.662     0  01:59       0.523        18.8       0.032
  2173043304           JUNCTION     0.075    0.150     0  02:00       0.523        1.05       0.013
  2173043305           JUNCTION     0.075    0.075     0  02:00       0.523       0.523       0.003
  2173043401           JUNCTION     0.075    0.299     0  02:00       0.523        2.09       0.011
  2173043402           JUNCTION     0.075    0.374     0  02:00       0.523        2.62       0.012
  2173043403           JUNCTION     0.075    0.299     0  02:00       0.523        2.09       0.011
  2173043404           JUNCTION     0.075    0.224     0  02:00       0.523        1.57       0.010
  2173043405           JUNCTION     0.075    0.224     0  02:00       0.523        1.57       0.014
  2173043406           JUNCTION     0.075    0.150     0  02:00       0.523        1.05       0.007
  2173043504           JUNCTION     0.075    0.299     0  02:00       0.523        2.09       0.014
  2173043506           JUNCTION     0.075    0.449     0  02:00       0.523        3.14       0.007
  2173043601           JUNCTION     0.075    2.836     0  01:54       0.523        20.2       0.113
  2173043901           JUNCTION     0.075    3.657     0  01:59       0.523        25.7       0.147
  2173043902           JUNCTION     0.075    3.732     0  01:59       0.523        26.2       0.113
  2173044101           JUNCTION     0.075    0.075     0  02:00       0.523       0.523       0.016
  2173044102           JUNCTION     0.075    0.150     0  02:00       0.523        1.05       0.029
  2173044103           JUNCTION     0.075    0.224     0  02:00       0.523        1.57       0.048
  2173044106           JUNCTION     0.075    0.374     0  02:00       0.523        2.61       0.042
  2173044201           JUNCTION     0.075    0.299     0  02:00       0.523        2.09       0.021
  2173044202           JUNCTION     0.075    1.839     0  01:53       0.523        13.1       0.024
  2173044203           JUNCTION     0.075    1.765     0  01:54       0.523        12.6       0.014
  2173044204           JUNCTION     0.075    0.793     0  01:53       0.523        5.76       0.007
  2173044301           JUNCTION     0.075    2.512     0  01:58       0.523        17.8       0.018
  2173044302           JUNCTION     0.075    0.598     0  01:59       0.523        4.18       0.005
  2173044303           JUNCTION     0.075    0.524     0  01:59       0.523        3.66       0.009
  2173044304           JUNCTION     0.075    0.075     0  02:00       0.523       0.523       0.038
  2173044305           JUNCTION     0.075    0.449     0  01:59       0.523        3.14       0.006
  2173044306           JUNCTION     0.075    0.308     0  02:01       0.523        2.09       0.003
  2173044401           JUNCTION     0.075    0.075     0  02:00       0.523       0.523       0.002
  2173044402           JUNCTION     0.075    0.150     0  02:00       0.523        1.05       0.013
  2173044403           JUNCTION     0.075    0.075     0  02:00       0.523       0.523       0.001
  2173044404           JUNCTION     0.075    0.075     0  02:00       0.523       0.523       0.018
  2173044405           JUNCTION     0.075    0.224     0  01:59       0.523        1.57       0.003
  2173044406           JUNCTION     0.075    0.150     0  02:00       0.523        1.05       0.013
  2173044502           JUNCTION     0.075    0.374     0  02:00       0.523        2.62       0.011
  2173044504           JUNCTION     0.075    0.299     0  02:00       0.523        2.09       0.008
  2173044505           JUNCTION     0.075    2.611     0  01:57       0.523        18.7       0.019
  2173044506           JUNCTION     0.075    0.224     0  02:00       0.523        1.57       0.010
  2173044507           JUNCTION     0.075    2.537     0  01:54       0.523        18.2       0.023
  2173044601           JUNCTION     0.075    2.761     0  01:54       0.523        19.7       0.019
  2173044602           JUNCTION     0.075    2.686     0  01:42       0.523        19.2       0.009
  2173045101           JUNCTION     0.075    0.449     0  01:56       0.523        3.14       0.038
  2173045102           JUNCTION     0.075    0.299     0  01:57       0.523        2.09       0.034
  2173045103           JUNCTION     0.075    0.224     0  01:57       0.523        1.57       0.021
  2173045104           JUNCTION     0.075    0.150     0  01:57       0.523        1.05       0.021
  2173045105           JUNCTION     0.075    0.075     0  02:00       0.523       0.523       0.011
  2173045201           JUNCTION     0.075    0.898     0  02:00       0.523        6.27       0.001
  2173045202           JUNCTION     0.075    0.823     0  01:59       0.523        5.75       0.007
  2173045203           JUNCTION     0.075    0.718     0  01:53       0.523        5.23       0.007
  2173045204           JUNCTION     0.075    0.748     0  01:59       0.523        5.23       0.020
  2173045205           JUNCTION     0.075    0.643     0  01:53       0.523        4.71       0.008
  2173045210           JUNCTION     0.075    0.224     0  02:00       0.523        1.57       0.086
  2173045301           JUNCTION     0.075    0.568     0  00:55       0.523        4.19       0.007
  2173045302           JUNCTION     0.075    0.507     0  00:12       0.523        3.67       0.007
  2173045303           JUNCTION     0.075    0.451     0  00:12       0.523        3.14       0.006
  2173045304           JUNCTION     0.075    0.394     0  00:12       0.523        2.62       0.006
  2173045305           JUNCTION     0.075    0.337     0  00:12       0.523         2.1       0.007
  2173045306           JUNCTION     0.075    0.281     0  00:12       0.523        1.57       0.009
  2173045401           JUNCTION     0.075    0.075     0  02:00       0.523       0.523       0.002
  2173045402           JUNCTION     0.075    0.075     0  02:00       0.523       0.523       0.002
  2173045501           JUNCTION     0.075    2.462     0  01:54       0.523        17.6       0.021
  2173045502           JUNCTION     0.075    2.387     0  01:32       0.523        17.1       0.023
  2173045503           JUNCTION     0.075    2.312     0  01:54       0.523        16.6       0.022
  2173045504           JUNCTION     0.075    0.374     0  01:48       0.523        2.62       0.029
  2173045505           JUNCTION     0.075    0.299     0  01:57       0.523        2.09       0.012
  2173045603           JUNCTION     0.075    0.224     0  02:00       0.523        1.57       0.010
  2173045604           JUNCTION     0.075    0.150     0  02:00       0.523        1.05       0.013
  2173045901           JUNCTION     0.075    0.299     0  02:00       0.523        2.09       1.248
  2173046104           JUNCTION     0.075    0.854     0  01:40       0.523        6.21       0.006
  2173046106           JUNCTION     0.075    0.780     0  01:40       0.523        5.68       0.013
  2173046203           JUNCTION     0.075    0.224     0  02:00       0.523        1.57       0.016
  2173046301           JUNCTION     0.075    0.150     0  02:00       0.523        1.05       0.054
  2173046401           JUNCTION     0.075    1.877     0  00:21       0.523        13.5       0.020
  2173046402           JUNCTION     0.075    0.299     0  01:59       0.523        2.09       0.004
  2173046403           JUNCTION     0.075    0.225     0  01:59       0.523        1.57       0.004
  2173046404           JUNCTION     0.075    0.150     0  01:59       0.523        1.05       0.004
  2173046405           JUNCTION     0.075    0.075     0  02:00       0.523       0.523      -0.006
  2173046406           JUNCTION     0.075    1.802     0  00:22       0.523        12.9       0.014
  2173046409           JUNCTION     0.075    1.734     0  00:21       0.523        12.4       0.006
  2173046410           JUNCTION     0.075    0.075     0  02:00       0.523       0.523      -0.005
  2173046412           JUNCTION     0.075    0.374     0  01:56       0.523        2.62       0.101
  2173046413           JUNCTION     0.075    1.375     0  00:20       0.523        9.28      -0.006
  2173046414           JUNCTION     0.075    1.307     0  00:20       0.523        8.76       0.035
  2173046501           JUNCTION     0.075    0.225     0  01:57       0.523        1.57       0.012
  2173046601           JUNCTION     0.075    0.075     0  02:00       0.523       0.523       0.002
  2173046602           JUNCTION     0.075    0.150     0  01:58       0.523        1.05       0.023
  2173046603           JUNCTION     0.075    0.075     0  02:00       0.523       0.523      -0.006
  2173046707           JUNCTION     0.075    0.150     0  02:00       0.523        1.05       0.016
  2173046709           JUNCTION     0.075    0.075     0  02:00       0.523       0.523       0.011
  2173046901           JUNCTION     0.075    0.224     0  02:00       0.523        1.57       0.002
  2173046902           JUNCTION     0.075    0.150     0  02:00       0.523        1.05       0.061
  2173047001           JUNCTION     0.075    0.388     0  01:57       0.523        2.62       0.005
  2173047002           JUNCTION     0.075    0.598     0  02:00       0.523        4.18       0.004
  2173047003           JUNCTION     0.075    0.313     0  01:57       0.523        2.09       0.008
  2173047004           JUNCTION     0.075    0.310     0  01:56       0.523        1.57      -0.089
  2173047005           JUNCTION     0.075    0.150     0  02:00       0.523        1.05       0.028
  2173047101           JUNCTION     0.075    0.431     0  00:15       0.523        2.74       0.012
  2173047102           JUNCTION     0.075    0.449     0  01:57       0.523        3.14       0.011
  2173047103           JUNCTION     0.075    0.754     0  01:10       0.523        5.23       0.005
  2173047104           JUNCTION     0.075    0.374     0  01:57       0.523        2.62       0.010
  2173047105           JUNCTION     0.075    0.678     0  01:10       0.523        4.71       0.004
  2173047301           JUNCTION     0.075    0.150     0  02:00       0.523        1.05       0.031
  2173047302           JUNCTION     0.075    0.075     0  02:00       0.523       0.523       0.004
  2173047402           JUNCTION     0.075    1.240     0  00:20       0.523        8.24       0.012
  2173047501           JUNCTION     0.075    0.300     0  01:50       0.523        2.09       0.017
  2173047502           JUNCTION     0.075    0.225     0  01:57       0.523        1.57       0.017
  2173047503           JUNCTION     0.075    1.174     0  00:20       0.523        7.71       0.014
  2173047504           JUNCTION     0.075    0.150     0  01:59       0.523        1.05       0.020
  2173047505           JUNCTION     0.075    1.109     0  00:20       0.523        7.19       0.011
  2173047506           JUNCTION     0.075    1.044     0  00:19       0.523        6.67       0.011
  2173047601           JUNCTION     0.075    0.639     0  01:52       0.523        4.57       0.019
  2173047602           JUNCTION     0.075    0.075     0  02:00       0.523       0.523      -0.009
  2173047603           JUNCTION     0.075    0.564     0  01:56       0.523        4.06       0.032
  2173047604           JUNCTION     0.075    0.978     0  00:20       0.523        6.15       0.015
  2173047701           JUNCTION     0.075    1.237     0  02:00       0.523        8.76       0.001
  2173047702           JUNCTION     0.075    0.449     0  01:59       0.523        3.14       0.008
  2173047703           JUNCTION     0.075    0.713     0  01:45       0.523         5.1       0.014
  2173047704           JUNCTION     0.075    0.374     0  01:59       0.523        2.62       0.012
  2173047801           JUNCTION     0.075    0.075     0  02:00       0.523       0.523       0.001
  2173047802           JUNCTION     0.075    0.150     0  02:00       0.523        1.05       0.011
  2173047803           JUNCTION     0.075    0.224     0  02:00       0.523        1.57       0.011
  2173047804           JUNCTION     0.075    0.299     0  02:00       0.523        2.09       0.015
  2173047805           JUNCTION     0.075    0.224     0  01:59       0.523        1.57       0.015
  2173047902           JUNCTION     0.075    0.299     0  02:00       0.523        2.09       0.009
  2173047903           JUNCTION     0.075    0.374     0  02:00       0.523        2.62       0.043
  2173047904           JUNCTION     0.075    2.273     0  01:58       0.523        15.9       0.015
  2173048001           JUNCTION     0.075    0.075     0  02:00       0.523       0.523      -0.006
  2173048002           JUNCTION     0.075    0.150     0  01:59       0.523        1.05       0.006
  2173048003           JUNCTION     0.075    0.075     0  02:00       0.523       0.523       0.002
  2173048004           JUNCTION     0.075    0.225     0  01:58       0.523        1.57       0.007
  2173048005           JUNCTION     0.075    0.099     0  01:00       0.523       0.527       0.060
  2173048006           JUNCTION     0.075    0.250     0  01:00       0.523        1.05      -0.111
  2173048007           JUNCTION     0.075    0.248     0  02:00       0.523        1.57       0.025
  2173048008           JUNCTION     0.075    0.323     0  02:01       0.523        2.09       0.010
  2173048101           JUNCTION     0.075    0.299     0  01:58       0.523        2.09       0.008
  2173048102           JUNCTION     0.075    0.603     0  01:51       0.523        4.19       0.005
  2173048103           JUNCTION     0.075    0.528     0  01:12       0.523        3.66       0.006
  2173048104           JUNCTION     0.075    0.454     0  01:09       0.523        3.14       0.005
  2173048106           JUNCTION     0.075    0.385     0  02:00       0.523        2.62       0.000
  2173048201           JUNCTION     0.075    0.075     0  02:00       0.523       0.523       0.012
  2173048204           JUNCTION     0.075    3.741     0  01:53       0.523        26.9      -0.000
  2173048303           JUNCTION     0.075    0.598     0  02:00       0.523        4.18       0.006
  2173048305           JUNCTION     0.075    0.524     0  02:00       0.523        3.66       0.007
  2173048403           JUNCTION     0.075    0.450     0  02:00       0.523        3.14       0.007
  2173048503           JUNCTION     0.075    0.524     0  01:57       0.523        3.66       0.008
  2173048601           JUNCTION     0.075    0.988     0  00:20       0.523        6.89      -0.022
  2173048602           JUNCTION     0.075    0.449     0  01:54       0.523        3.14       0.017
  2173048603           JUNCTION     0.075    0.449     0  01:55       0.523        3.14       0.055
  2173048604           JUNCTION     0.075    0.598     0  01:55       0.523        4.18       0.050
  2173048701           JUNCTION     0.075    0.374     0  01:54       0.523        2.61       0.018
  2173048702           JUNCTION     0.075    0.374     0  01:52       0.523        2.61       0.009
  2173048703           JUNCTION     0.075    0.299     0  01:49       0.523        2.09       0.024
  2173048704           JUNCTION     0.075    0.299     0  01:56       0.523        2.09       0.013
  2173048705           JUNCTION     0.075    0.225     0  01:54       0.523        1.57       0.018
  2173048801           JUNCTION     0.075    0.150     0  01:59       0.523        1.05       0.013
  2173048802           JUNCTION     0.075    0.075     0  02:00       0.523       0.523       0.001
  2173048803           JUNCTION     0.075    1.122     0  01:57       0.523        7.84       0.016
  2173048901           JUNCTION     0.075    1.674     0  01:58       0.523        11.7       0.016
  2173048902           JUNCTION     0.075    1.599     0  01:58       0.523        11.2       0.024
  2173048903           JUNCTION     0.075    1.525     0  01:57       0.523        10.7       0.022
  2173048904           JUNCTION     0.075    0.328     0  02:00       0.523        2.28       0.011
  2173049001           JUNCTION     0.075    0.299     0  01:58       0.523        2.09       0.011
  2173049002           JUNCTION     0.075    0.374     0  01:59       0.523        2.62       0.010
  2173049201           JUNCTION     0.075    1.572     0  01:58       0.523        11.7       0.008
  2173049202           JUNCTION     0.075    1.498     0  01:56       0.523        11.2       0.001
  2173049203           JUNCTION     0.075    1.280     0  00:21       0.523        9.62       0.007
  2173049204           JUNCTION     0.075    0.150     0  01:59       0.523        1.05       0.084
  2173049205           JUNCTION     0.075    1.213     0  00:21       0.523         9.1       0.003
  2173049206           JUNCTION     0.075    0.075     0  02:00       0.523       0.523       0.004
  2173049207           JUNCTION     0.075    0.075     0  02:00       0.523       0.523       0.077
  2173049301           JUNCTION     0.075    2.095     0  01:59       0.523        14.6       0.007
  2173049302           JUNCTION     0.075    2.020     0  01:58       0.523        14.1       0.005
  2173049303           JUNCTION     0.075    1.945     0  01:59       0.523        13.6       0.005
  2173049304           JUNCTION     0.075    1.870     0  01:59       0.523        13.1       0.004
  2173049401           JUNCTION     0.075    0.374     0  02:00       0.523        2.62       0.007
  2173049402           JUNCTION     0.075    0.299     0  02:00       0.523        2.09       0.009
  2173049403           JUNCTION     0.075    0.224     0  02:00       0.523        1.57       0.005
  2173049404           JUNCTION     0.075    0.150     0  02:00       0.523        1.05       0.006
  2173049405           JUNCTION     0.075    0.075     0  02:00       0.523       0.523       0.003
  2173049501           JUNCTION     0.075    0.449     0  01:56       0.523        3.14       0.010
  2173049601           JUNCTION     0.075    0.374     0  01:56       0.523        2.62       0.009
  2173049602           JUNCTION     0.075    0.299     0  01:58       0.523        2.09       0.007
  2173049603           JUNCTION     0.075    0.225     0  01:50       0.523        1.57       0.008
  2173049701           JUNCTION     0.075    0.225     0  01:59       0.523        1.57       0.013
  2173049702           JUNCTION     0.075    0.150     0  01:56       0.523        1.05       0.013
  2173049801           JUNCTION     0.075    0.150     0  01:57       0.523        1.05       0.018
  2173049802           JUNCTION     0.075    1.047     0  01:57       0.523        7.32       0.016
  2173049803           JUNCTION     0.075    0.075     0  02:00       0.523       0.523       0.001
  2173049804           JUNCTION     0.075    0.972     0  01:57       0.523         6.8       0.015
  2173049805           JUNCTION     0.075    0.106     0  00:16       0.523       0.523      -0.005
  2173049806           JUNCTION     0.075    0.823     0  01:57       0.523        5.75       0.003
  2173049807           JUNCTION     0.075    0.748     0  01:57       0.523        5.23       0.005
  2173049808           JUNCTION     0.075    0.075     0  02:00       0.523       0.523       0.010
  2173049901           JUNCTION     0.075    0.253     0  02:00       0.523        1.76       0.004
  2173049902           JUNCTION     0.075    0.150     0  02:00       0.523        1.05       0.037
  2173049903           JUNCTION     0.075    0.083     0  00:07       0.523       0.523      -0.007
  2173049904           JUNCTION     0.075    0.075     0  02:00       0.523       0.523      -0.001
  2173049905           JUNCTION     0.075    0.673     0  01:57       0.523        4.71       0.005
  2173050301           JUNCTION     0.075    0.075     0  02:00       0.523       0.523       0.002
  2173050301_          JUNCTION     0.075    0.075     0  02:00       0.523       0.523       0.003
  2173050302           JUNCTION     0.075    0.150     0  02:00       0.523        1.05       0.010
  2173050401           JUNCTION     0.075    0.224     0  02:00       0.523        1.57       0.008
  2173050601           JUNCTION     0.075    0.449     0  02:00       0.523        3.14       0.008
  2173051401           JUNCTION     0.075    0.299     0  02:00       0.523        2.09       0.015
  2173051402           JUNCTION     0.075    0.374     0  02:00       0.523        2.62       0.004
  2173051501           JUNCTION     0.075    0.449     0  02:00       0.523        3.14       0.008
  2173051502           JUNCTION     0.075    0.524     0  02:00       0.523        3.66       0.008
  2173052501           JUNCTION     0.075    0.598     0  02:00       0.523        4.18       0.007
  2173052502           JUNCTION     0.075    0.673     0  02:00       0.523        4.71       0.009
  2173053001           JUNCTION     0.075    3.807     0  01:59       0.523        26.7       0.111
  2173053002           JUNCTION     0.075    3.882     0  02:00       0.523        27.2       0.149
  2173053101           JUNCTION     0.075    4.256     0  02:00       0.523        29.7       0.100
  2173053201           JUNCTION     0.075    0.075     0  02:00       0.523       0.523       0.015
  2173053202           JUNCTION     0.075    0.150     0  01:59       0.523        1.05       0.023
  2173053203           JUNCTION     0.075    0.224     0  01:56       0.523        1.57       0.041
  2173053301           JUNCTION     0.075    0.299     0  01:57       0.523        2.09       0.045
  2173053401           JUNCTION     0.075    0.374     0  01:55       0.523        2.61       0.015
  2173053402           JUNCTION     0.075    0.449     0  02:00       0.523        3.14       0.185
  2173053403           JUNCTION     0.075    0.524     0  01:58       0.523        3.66       0.237
  2173054101           JUNCTION     0.075    4.330     0  02:00       0.523        30.2       0.193
  2173054201           JUNCTION     0.075    4.405     0  02:00       0.523        30.7       0.217
  2173054202           JUNCTION     0.075    4.480     0  01:58       0.523        31.2       0.243
  2173054301           JUNCTION     0.075    4.554     0  01:58       0.523        31.6       0.217
  2173054401           JUNCTION     0.075    4.629     0  01:58       0.523        32.1       0.196
  2173054505           JUNCTION     0.075    0.075     0  02:00       0.523       0.523       0.008
  2173054506           JUNCTION     0.075    0.674     0  01:58       0.523        4.71       0.315
  2173054507           JUNCTION     0.075    0.224     0  02:00       0.523        1.57       0.022
  2173054508           JUNCTION     0.075    0.075     0  02:00       0.523       0.523       0.003
  2173054509           JUNCTION     0.075    0.908     0  01:58       0.523        6.37       0.199
  2173054510           JUNCTION     0.075    0.150     0  02:00       0.523        1.05       0.004
  2173054511           JUNCTION     0.075    0.224     0  02:00       0.523        1.57       0.014
  2173054512           JUNCTION     0.075    0.599     0  01:58       0.523        4.18       0.297
  2173054513           JUNCTION     0.075    0.075     0  02:00       0.523       0.523       0.003
  2173054601           JUNCTION     0.075    0.131     0  02:00       0.523       0.928       0.003
  2173054602           JUNCTION     0.075    0.206     0  02:00       0.523        1.45       0.002
  2173054603           JUNCTION     0.075    0.280     0  02:00       0.523        1.97       0.002
  2173054604           JUNCTION     0.075    0.815     0  01:58       0.523        5.45       0.004
  2173054605           JUNCTION     0.075    1.216     0  01:58       0.523        8.44       0.067
  2173054606           JUNCTION     0.075    0.159     0  01:57       0.523        1.06       0.004
  2173054607           JUNCTION     0.075    0.233     0  01:58       0.523        1.58       0.009
  2173054608           JUNCTION     0.075    0.830     0  01:58       0.523           6       0.016
  2173054609           JUNCTION     0.075    0.890     0  01:59       0.523        5.97       0.031
  2173054610           JUNCTION     0.075    0.905     0  01:59       0.523        6.52       0.017
  2173054611           JUNCTION     0.075    0.150     0  02:00       0.523        1.05       0.028
  2173055401           JUNCTION     0.075    4.704     0  01:59       0.523        32.7       0.192
  2173055503           JUNCTION     0.075    0.299     0  02:00       0.523        2.09       0.046
  2173055505           JUNCTION     0.075    4.779     0  01:59       0.523        33.2       0.149
  2173055506           JUNCTION     0.075    4.854     0  01:59       0.523        33.6       0.073
  2173055507           JUNCTION     0.075    5.302     0  01:59       0.523        36.6       0.046
  2173055601           JUNCTION     0.075    5.676     0  02:00       0.523        39.2       0.081
  2173055602           JUNCTION     0.075    5.751     0  02:00       0.523        39.6       0.050
  2173055603           JUNCTION     0.075    5.826     0  02:00       0.523        40.1       0.050
  2173055604           JUNCTION     0.075    5.901     0  02:00       0.523        40.7       0.056
  2173055605           JUNCTION     0.075    0.374     0  02:00       0.523        2.62       0.306
  2173055606           JUNCTION     0.075    0.299     0  02:00       0.523        2.09       0.023
  2173056601           JUNCTION     0.075    0.224     0  02:00       0.523        1.57       0.021
  2173056602           JUNCTION     0.075    0.150     0  02:00       0.523        1.05       0.019
  2173056701           JUNCTION     0.075    0.075     0  02:00       0.523       0.523       0.002
  2173057001           JUNCTION     0.075    0.075     0  02:00       0.523       0.523       0.004
  2173057005           JUNCTION     0.075    2.347     0  01:58       0.523        16.4       0.019
  2173058001           JUNCTION     0.075    0.150     0  02:00       0.523        1.05       0.010
  2173058003           JUNCTION     0.075    0.075     0  02:00       0.523       0.523       0.001
  2173058005           JUNCTION     0.075    0.121     0  02:00       0.523       0.854       0.019
  2173058007           JUNCTION     0.075    0.075     0  02:00       0.523       0.523       0.017
  2173058101           JUNCTION     0.075    0.224     0  02:00       0.523        1.57       0.015
  2173058102           JUNCTION     0.075    0.150     0  02:00       0.523        1.05       0.010
  2173058103           JUNCTION     0.075    0.075     0  02:00       0.523       0.523       0.001
  2173058106           JUNCTION     0.075    0.075     0  02:00       0.523       0.523       0.004
  2173058203           JUNCTION     0.075    0.224     0  02:00       0.523        1.57       0.008
  2173058205           JUNCTION     0.075    0.150     0  02:00       0.523        1.05       0.029
  2173058206           JUNCTION     0.075    0.224     0  02:00       0.523        1.57       0.015
  2173058301           JUNCTION     0.075    0.075     0  02:00       0.523       0.551       0.018
  2173058303           JUNCTION     0.075    0.112     0  00:06       0.523       0.778       0.078
  2173058305           JUNCTION     0.075    0.727     0  01:53       0.523        5.45       0.004
  2173058306           JUNCTION     0.075    0.652     0  01:54       0.523        4.93       0.005
  2173058308           JUNCTION     0.075    0.479     0  00:24       0.523        3.63       0.011
  2173058401           JUNCTION     0.075    0.103     0  02:00       0.523        0.71       0.002
  2173058402           JUNCTION     0.075    0.075     0  02:00       0.523       0.523       0.003
  2173059001           JUNCTION     0.075    0.299     0  02:00       0.523        2.09       0.013
  2173059002           JUNCTION     0.075    0.150     0  02:00       0.523        1.05       0.002
  2173059003           JUNCTION     0.075    0.075     0  02:00       0.523       0.523      -0.000
  2173059004           JUNCTION     0.075    0.075     0  02:00       0.523       0.523       0.002
  2173059005           JUNCTION     0.075    0.277     0  01:54       0.523        1.76       0.009
  2173059006           JUNCTION     0.075    0.075     0  02:00       0.523       0.523       0.003
  2173059007           JUNCTION     0.075    0.160     0  00:10       0.523       0.884       0.037
  2173059103           JUNCTION     0.075    0.150     0  02:00       0.523        1.05       0.014
  2173059104           JUNCTION     0.075    1.067     0  01:58       0.523        7.73       0.003
  2173059105           JUNCTION     0.075    0.693     0  01:59       0.523        5.11       0.014
  2173059201           JUNCTION     0.075    0.150     0  02:00       0.523        1.05       0.026
  2173059202           JUNCTION     0.075    0.075     0  02:00       0.523       0.523       0.001
  2173059204           JUNCTION     0.075    0.299     0  02:00       0.523        2.09       0.006
  2173059301           JUNCTION     0.075    0.413     0  00:10       0.523        3.11       0.010
  2173059401           JUNCTION     0.075    0.150     0  01:59       0.523        1.05       0.008
  2173059402           JUNCTION     0.075    0.114     0  00:06       0.523       0.689       0.047
  2173059403           JUNCTION     0.075    0.369     0  02:03       0.523        2.75       0.007
  2173059404           JUNCTION     0.075    0.332     0  02:03       0.523        2.23       0.012
  2173059405           JUNCTION     0.075    0.295     0  02:03       0.523         1.7       0.020
  2173059406           JUNCTION     0.075    0.260     0  02:04       0.523        1.18       0.025
  2173059407           JUNCTION     0.075    0.449     0  01:56       0.523        3.14       0.005
  2173059408           JUNCTION     0.075    0.374     0  01:37       0.523        2.62       0.008
  2173059501           JUNCTION     0.075    0.153     0  00:07       0.523       0.697       0.000
  2173059502           JUNCTION     0.075    0.195     0  00:07       0.523        1.22       0.020
  2173059503           JUNCTION     0.075    0.236     0  00:07       0.523        1.74       0.013
  2173059504           JUNCTION     0.075    0.424     0  01:48       0.523        2.99       0.008
  2173059505           JUNCTION     0.075    0.320     0  00:07       0.523         1.6       0.042
  2173059601           JUNCTION     0.075    0.474     0  01:35       0.523        3.37      -0.002
  2174031101           JUNCTION     0.075    0.075     0  02:00       0.523       0.523       0.004
  2174031203           JUNCTION     0.075    0.075     0  02:00       0.523       0.523      -0.002
  2174031306           JUNCTION     0.075    0.150     0  02:00       0.523        1.05       0.037
  2174031405           JUNCTION     0.075    0.224     0  02:00       0.523        1.57       0.008
  2174031701           JUNCTION     0.075    0.075     0  02:00       0.523       0.523      -0.000
  2174031704           JUNCTION     0.075    0.150     0  02:00       0.523        1.05       0.018
  2174032201           JUNCTION     0.075    0.150     0  02:00       0.523        1.05       0.008
  2174032202           JUNCTION     0.075    0.224     0  02:00       0.523        1.57       0.011
  2174032203           JUNCTION     0.075    0.150     0  02:00       0.523        1.05       0.007
  2174032303           JUNCTION     0.075    0.075     0  02:00       0.523       0.523       0.002
  2174032304           JUNCTION     0.075    0.075     0  02:00       0.523       0.523       0.001
  2174032305           JUNCTION     0.075    0.075     0  02:00       0.523       0.523       0.004
  2174032306           JUNCTION     0.075    0.150     0  02:00       0.523        1.05       0.000
  2174032307           JUNCTION     0.075    0.224     0  02:00       0.523        1.57       0.007
  2174032601           JUNCTION     0.075    0.224     0  02:00       0.523        1.57       0.009
  2174033201           JUNCTION     0.075    0.299     0  02:00       0.523        2.09       0.051
  2174033202           JUNCTION     0.075    0.224     0  02:00       0.523        1.57       0.040
  2174033203           JUNCTION     0.075    0.374     0  02:00       0.523        2.61       0.033
  2174033204           JUNCTION     0.075    0.299     0  02:00       0.523        2.09       0.033
  2174033205           JUNCTION     0.075    0.598     0  02:00       0.523        4.18       0.012
  2174033206           JUNCTION     0.075    0.449     0  02:00       0.523        3.14       0.031
  2174033207           JUNCTION     0.075    0.374     0  02:00       0.523        2.61       0.032
  2174033301           JUNCTION     0.075    0.299     0  02:00       0.523        2.09       0.002
  2174033302           JUNCTION     0.075    0.374     0  02:00       0.523        2.62       0.002
  2174033304           JUNCTION     0.075    0.449     0  02:00       0.523        3.14       0.006
  2174033306           JUNCTION     0.075    0.524     0  02:00       0.523        3.66       0.009
  2174033308           JUNCTION     0.075    0.075     0  02:00       0.523       0.523      -0.003
  2174033309           JUNCTION     0.075    0.673     0  02:00       0.523        4.71       0.016
  2174033310           JUNCTION     0.075    0.150     0  02:00       0.523        1.05       0.030
  2174040001           JUNCTION     0.075    0.449     0  01:59       0.523        3.14       0.009
  2174040102           JUNCTION     0.075    1.089     0  01:49       0.523        8.25       0.009
  2174040103           JUNCTION     0.075    0.751     0  00:10       0.523        4.95       0.005
  2174040104           JUNCTION     0.075    0.804     0  00:10       0.523        5.48      -0.004
  2174040105           JUNCTION     0.075    1.015     0  00:21       0.523        7.73       0.004
  2174040106           JUNCTION     0.075    0.699     0  00:10       0.523        4.43       0.013
  2174040107           JUNCTION     0.075    0.646     0  00:10       0.523        3.91       0.009
  2174040201           JUNCTION     0.075    0.299     0  01:59       0.523        2.09       0.034
  2174040202           JUNCTION     0.075    0.225     0  01:54       0.523        1.58      -0.005
  2174040203           JUNCTION     0.075    0.240     0  00:09       0.523        1.05       0.022
  2174040204           JUNCTION     0.075    0.259     0  00:10       0.523       0.527      -0.061
  2174040301           JUNCTION     0.075    1.795     0  01:59       0.523        12.5      -0.004
  2174040302           JUNCTION     0.075    0.374     0  01:53       0.523        2.62       0.064
  2174040303           JUNCTION     0.075    0.299     0  01:57       0.523        2.09       0.012
  2174040401           JUNCTION     0.075    0.224     0  02:00       0.523        1.57       0.009
  2174040402           JUNCTION     0.075    1.370     0  02:01       0.523        9.41       0.006
  2174040403           JUNCTION     0.075    0.150     0  02:00       0.523        1.05       0.008
  2174040404           JUNCTION     0.075    0.075     0  02:00       0.523       0.523       0.001
  2174040405           JUNCTION     0.075    1.307     0  02:01       0.523        8.89       0.005
  2174040502           JUNCTION     0.075    0.075     0  02:00       0.523       0.523      -0.004
  2174040601           JUNCTION     0.075    0.150     0  01:57       0.523        1.05       0.012
  2174040602           JUNCTION     0.075    0.224     0  01:59       0.523        1.57       0.012
  2174040603           JUNCTION     0.075    0.299     0  01:58       0.523        2.09       0.014
  2174040701           JUNCTION     0.075    0.150     0  01:42       0.523        1.05       0.011
  2174040702           JUNCTION     0.075    0.075     0  02:00       0.523       0.523      -0.004
  2174040703           JUNCTION     0.075    0.452     0  02:00       0.523        3.27       0.010
  2174040704           JUNCTION     0.075    0.374     0  01:58       0.523        2.62       0.011
  2174040705           JUNCTION     0.075    0.483     0  02:00       0.523        3.54       0.027
  2174040706           JUNCTION     0.075    0.449     0  01:59       0.523        3.14       0.010
  2174040901           JUNCTION     0.075    0.599     0  01:53       0.523        4.18       0.004
  2174040902           JUNCTION     0.075    0.524     0  02:00       0.523        3.66       0.004
  2174040904           JUNCTION     0.075    0.456     0  02:01       0.523        3.14       0.015
  2174040905           JUNCTION     0.075    0.598     0  02:00       0.523        4.18       0.004
  2174040906           JUNCTION     0.075    0.524     0  02:00       0.523        3.66       0.006
  2174040907           JUNCTION     0.075    0.392     0  02:01       0.523        2.62       0.007
  2174040908           JUNCTION     0.075    0.449     0  02:00       0.523        3.14       0.007
  2174041101           JUNCTION     0.075    0.597     0  02:03       0.523        3.39      -0.002
  2174041102           JUNCTION     0.075    0.478     0  00:10       0.523        1.37       0.020
  2174041103           JUNCTION     0.075    0.224     0  01:51       0.523        1.57       0.046
  2174041104           JUNCTION     0.075    0.150     0  01:59       0.523        1.05       0.013
  2174041105           JUNCTION     0.075    0.177     0  00:10       0.523       0.525       0.005
  2174041201           JUNCTION     0.075    0.643     0  01:59       0.523        4.66      -0.002
  2174041202           JUNCTION     0.075    0.418     0  01:54       0.523        3.09       0.006
  2174041203           JUNCTION     0.075    0.344     0  00:14       0.523        2.56       0.009
  2174041204           JUNCTION     0.075    0.150     0  01:53       0.523        1.05       0.016
  2174041205           JUNCTION     0.075    0.335     0  01:58       0.523        2.44      -0.010
  2174041206           JUNCTION     0.075    0.260     0  01:59       0.523        1.92       0.034
  2174041207           JUNCTION     0.075    0.083     0  00:09       0.523       0.524       0.020
  2174041208           JUNCTION     0.075    0.299     0  01:59       0.523        2.09       0.009
  2174041301           JUNCTION     0.075    0.224     0  01:56       0.523        1.57       0.012
  2174041302           JUNCTION     0.075    0.150     0  01:34       0.523        1.05       0.011
  2174041303           JUNCTION     0.075    1.047     0  01:59       0.523        7.32       0.006
  2174041304           JUNCTION     0.075    0.075     0  02:00       0.523       0.523       0.007
  2174041305           JUNCTION     0.075    0.972     0  01:59       0.523         6.8       0.006
  2174041401           JUNCTION     0.075    1.246     0  02:01       0.523        8.37       0.003
  2174041402           JUNCTION     0.075    0.075     0  02:00       0.523       0.523       0.002
  2174041403           JUNCTION     0.075    1.178     0  02:01       0.523        7.84       0.004
  2174041404           JUNCTION     0.075    0.299     0  02:00       0.523        2.09       0.007
  2174041405           JUNCTION     0.075    0.224     0  02:00       0.523        1.57       0.004
  2174041501           JUNCTION     0.075    0.150     0  02:00       0.523        1.05       0.011
  2174041502           JUNCTION     0.075    0.898     0  02:00       0.523        6.28       0.002
  2174041503           JUNCTION     0.075    0.299     0  02:00       0.523        2.09       0.011
  2174041504           JUNCTION     0.075    0.374     0  02:00       0.523        2.62       0.007
  2174041601           JUNCTION     0.075    0.224     0  02:00       0.523        1.57       0.011
  2174041602           JUNCTION     0.075    0.150     0  02:00       0.523        1.05       0.012
  2174041603           JUNCTION     0.075    0.075     0  02:00       0.523       0.523       0.002
  2174041704           JUNCTION     0.075    0.299     0  02:00       0.523        2.09       0.004
  2174041705           JUNCTION     0.075    0.224     0  02:00       0.523        1.57       0.009
  2174041801           JUNCTION     0.075    0.932     0  02:00       0.523        6.67       0.002
  2174041803           JUNCTION     0.075    0.374     0  02:00       0.523        2.62       0.009
  2174041806           JUNCTION     0.075    0.150     0  02:00       0.523        1.05       0.012
  2174041807           JUNCTION     0.075    0.075     0  02:00       0.523       0.523       0.002
  2174041901           JUNCTION     0.075    0.374     0  02:00       0.523        2.62       0.009
  2174042201           JUNCTION     0.075    0.224     0  01:59       0.523        1.57       0.011
  2174042202           JUNCTION     0.075    0.251     0  00:10       0.523        1.05       0.004
  2174042203           JUNCTION     0.075    0.285     0  00:10       0.523       0.525      -0.017
  2174042204           JUNCTION     0.075    0.673     0  01:55       0.523        4.71       0.002
  2174042301           JUNCTION     0.075    0.898     0  01:59       0.523        6.28       0.006
  2174042302           JUNCTION     0.075    0.823     0  02:00       0.523        5.75       0.005
  2174042303           JUNCTION     0.075    0.748     0  01:59       0.523        5.23       0.004
  2174042401           JUNCTION     0.075    0.150     0  02:00       0.523        1.05       0.007
  2174042402           JUNCTION     0.075    0.075     0  02:00       0.523       0.523       0.003
  2174042403           JUNCTION     0.075    0.155     0  00:11       0.523       0.525      -0.014
  2174042404           JUNCTION     0.075    0.180     0  00:11       0.523        1.05       0.001
  2174042501           JUNCTION     0.075    0.225     0  01:59       0.523        1.57       0.002
  2174042502           JUNCTION     0.075    0.299     0  01:56       0.523        2.09       0.019
  2174042604           JUNCTION     0.075    0.374     0  01:56       0.523        2.61       0.010
  2174042605           JUNCTION     0.075    0.355     0  02:00       0.523        2.59       0.024
  2174042704           JUNCTION     0.075    0.380     0  00:12       0.523         2.2       0.034
  2174042901           JUNCTION     0.075    2.253     0  01:53       0.523        14.4      -0.092
  2174042902           JUNCTION     0.075    1.189     0  01:43       0.523        8.46      -0.072
  2174042903           JUNCTION     0.075    0.754     0  01:38       0.523        5.41       0.008
  2174042904           JUNCTION     0.075    0.679     0  01:38       0.523        4.88       0.003
  2174042905           JUNCTION     0.075    0.075     0  02:00       0.523       0.523       0.041
  2174042906           JUNCTION     0.075    1.109     0  01:42       0.523        7.94       0.005
  2174042907           JUNCTION     0.075    1.033     0  01:52       0.523        7.41       0.007
  2174043203           JUNCTION     0.075    0.075     0  02:00       0.523       0.523       0.002
  2174043301           JUNCTION     0.075    0.598     0  01:54       0.523        4.18       0.014
  2174043302           JUNCTION     0.075    0.524     0  01:59       0.523        3.66       0.011
  2174043303           JUNCTION     0.075    0.449     0  01:59       0.523        3.14       0.009
  2174043401           JUNCTION     0.075    0.374     0  01:56       0.523        2.62       0.011
  2174043402           JUNCTION     0.075    0.299     0  01:54       0.523        2.09       0.009
  2174043403           JUNCTION     0.075    0.225     0  01:51       0.523        1.57       0.006
  2174043501           JUNCTION     0.075    0.150     0  01:48       0.523        1.05       0.009
  2174043502           JUNCTION     0.075    0.075     0  02:00       0.523       0.523       0.002
  2174043701           JUNCTION     0.075    0.436     0  00:12       0.523        2.71       0.027
  2174043801           JUNCTION     0.075    0.493     0  00:12       0.523        3.23       0.026
  2174043802           JUNCTION     0.075    0.550     0  00:12       0.523        3.75       0.020
  2174043803           JUNCTION     0.075    0.606     0  00:12       0.523        4.28       0.017
  2174043901           JUNCTION     0.075    0.957     0  01:52       0.523        6.89       0.010
  2174043902           JUNCTION     0.075    0.663     0  00:12       0.523         4.8       0.011
  2174043903           JUNCTION     0.075    0.879     0  01:52       0.523        6.37       0.003
  2174043904           JUNCTION     0.075    0.151     0  01:40       0.523        1.05       0.031
  2174043905           JUNCTION     0.075    0.075     0  02:00       0.523       0.523      -0.011
  2174050001           JUNCTION     0.075    0.213     0  00:10       0.523        0.68       0.057
  2174050002           JUNCTION     0.075    0.266     0  00:10       0.523       0.928       0.054
  2174050003           JUNCTION     0.075    0.075     0  02:00       0.523       0.524      -0.023
  2174050004           JUNCTION     0.075    0.299     0  02:00       0.523        2.09       0.007
  2174050101           JUNCTION     0.075    0.621     0  00:10       0.523        4.59       0.023
  2174050102           JUNCTION     0.075    0.563     0  00:10       0.523        4.07       0.024
  2174050103           JUNCTION     0.075    0.374     0  01:51       0.523        2.62      -0.013
  2174050104           JUNCTION     0.075    0.075     0  02:00       0.523       0.523       0.003
  2174050105           JUNCTION     0.075    0.225     0  01:45       0.523        1.57       0.043
  2174050106           JUNCTION     0.075    0.150     0  01:52       0.523        1.05       0.006
  2174050202           JUNCTION     0.075    0.224     0  02:00       0.523        1.57       0.006
  2174050203           JUNCTION     0.075    0.150     0  02:00       0.523        1.05       0.010
  2174050204           JUNCTION     0.075    0.449     0  02:00       0.523        3.14       0.009
  2174050205           JUNCTION     0.075    0.374     0  02:00       0.523        2.62       0.010
  2174050304           JUNCTION     0.075    0.150     0  02:00       0.523        1.05       0.016
  2174050305           JUNCTION     0.075    0.449     0  02:00       0.523        3.14       0.005
  2174050401           JUNCTION     0.075    0.300     0  01:59       0.523        2.09       0.007
  2174050405           JUNCTION     0.075    0.224     0  02:00       0.523        1.57       0.006
  2174050501           JUNCTION     0.075    0.075     0  02:00       0.523       0.523       0.000
  2174050502           JUNCTION     0.075    0.399     0  01:48       0.523        2.57       0.006
  2174050503           JUNCTION     0.075    0.324     0  01:47       0.523        2.08       0.006
  2174050504           JUNCTION     0.075    0.150     0  02:00       0.523        1.05      -0.009
  2174050505           JUNCTION     0.075    0.449     0  01:56       0.523        3.19       0.009
  2174050506           JUNCTION     0.075    0.106     0  00:08       0.523       0.524      -0.004
  2174050507           JUNCTION     0.075    0.374     0  01:52       0.523        2.62       0.007
  2174050508           JUNCTION     0.075    0.179     0  00:08       0.523       0.525      -0.026
  2174050509           JUNCTION     0.075    0.299     0  01:54       0.523         2.1       0.005
  2174050510           JUNCTION     0.075    0.228     0  00:08       0.523        1.05      -0.007
  2174050511           JUNCTION     0.075    0.301     0  00:08       0.523       0.526      -0.020
  2174050601           JUNCTION     0.075    0.426     0  00:11       0.523        3.04       0.010
  2174050602           JUNCTION     0.075    0.483     0  00:13       0.523        3.56       0.038
  2174050603           JUNCTION     0.075    1.490     0  01:57       0.523          11       0.008
  2174050604           JUNCTION     0.075    0.075     0  02:00       0.523       0.523       0.017
  2174050605           JUNCTION     0.075    0.425     0  01:50       0.523        3.22       0.014
  2174050606           JUNCTION     0.075    0.873     0  01:59       0.523        6.36       0.014
  2174050607           JUNCTION     0.075    0.150     0  01:59       0.523        1.05       0.001
  2174050608           JUNCTION     0.075    0.150     0  01:59       0.523        1.05       0.042
  2174050702           JUNCTION     0.075    1.564     0  01:51       0.523        11.5       0.009
  2174051001           JUNCTION     0.075    0.224     0  02:00       0.523        1.57       0.008
  2174051002           JUNCTION     0.075    0.299     0  02:00       0.523        2.09       0.010
  2174051003           JUNCTION     0.075    0.150     0  02:00       0.523        1.05       0.010
  2174051004           JUNCTION     0.075    0.224     0  02:00       0.523        1.57       0.009
  2174051005           JUNCTION     0.075    0.150     0  02:00       0.523        1.05       0.009
  2174051101           JUNCTION     0.075    0.075     0  02:00       0.523       0.523      -0.004
  2174051102           JUNCTION     0.075    0.075     0  02:00       0.523       0.523       0.002
  2174051201           JUNCTION     0.075    0.299     0  02:00       0.523        2.09       0.005
  2174051202           JUNCTION     0.075    0.224     0  02:00       0.523        1.57       0.008
  2174051203           JUNCTION     0.075    0.150     0  02:00       0.523        1.05       0.002
  2174051301           JUNCTION     0.075    0.075     0  02:00       0.523       0.523       0.012
  2174051302           JUNCTION     0.075    0.374     0  02:00       0.523        2.62       0.006
  2174051303           JUNCTION     0.075    0.299     0  02:00       0.523        2.09       0.007
  2174051304           JUNCTION     0.075    0.224     0  02:00       0.523        1.57       0.009
  2174051402           JUNCTION     0.075    0.150     0  02:00       0.523        1.05       0.016
  2174051403           JUNCTION     0.075    0.075     0  02:00       0.523       0.523       0.003
  2174051601           JUNCTION     0.075    0.075     0  02:00       0.523       0.524       0.003
  2174051602           JUNCTION     0.075    0.225     0  01:50       0.523        1.57       0.045
  2174051603           JUNCTION     0.075    0.150     0  01:47       0.523        1.05       0.009
  2174051604           JUNCTION     0.075    0.112     0  00:07       0.523       0.524      -0.005
  2174051701           JUNCTION     0.075    0.075     0  02:00       0.523       0.524      -0.005
  2174052001           JUNCTION     0.075    0.540     0  00:23       0.523        3.84       0.007
  2174052002           JUNCTION     0.075    0.504     0  01:59       0.523        3.56      -0.011
  2174052003           JUNCTION     0.075    0.224     0  01:59       0.523        1.57       0.008
  2174052004           JUNCTION     0.075    0.224     0  01:53       0.523        1.57       0.048
  2174052101           JUNCTION     0.075    0.075     0  02:00       0.523       0.523       0.000
  2174052101_          JUNCTION     0.075    0.075     0  02:00       0.523       0.523       0.040
  2174052102           JUNCTION     0.075    0.150     0  01:59       0.523        1.05       0.011
  2174052103           JUNCTION     0.075    0.075     0  02:00       0.523       0.523      -0.004
  2174052201           JUNCTION     0.075    0.150     0  02:00       0.523        1.05       0.007
  2174052202           JUNCTION     0.075    0.075     0  02:00       0.523       0.523       0.009
  2174052203           JUNCTION     0.075    0.075     0  02:00       0.523       0.523       0.001
  2174052204           JUNCTION     0.075    0.150     0  02:00       0.523        1.05       0.010
  2174052205           JUNCTION     0.075    0.075     0  02:00       0.523       0.523       0.004
  2174052301           JUNCTION     0.075    0.376     0  02:00       0.523        2.62       0.009
  2174052302           JUNCTION     0.075    0.299     0  02:00       0.523        2.09       0.010
  2174052303           JUNCTION     0.075    0.224     0  02:00       0.523        1.57       0.010
  2174052402           JUNCTION     0.075    1.421     0  01:59       0.523        9.94       0.001
  2174052403           JUNCTION     0.075    1.122     0  01:58       0.523        7.85       0.003
  2174052404           JUNCTION     0.075    0.449     0  02:00       0.523        3.14       0.010
  2174052405           JUNCTION     0.075    0.224     0  02:00       0.523        1.57       0.008
  2174052406           JUNCTION     0.075    0.598     0  01:56       0.523        4.18       0.006
  2174052407           JUNCTION     0.075    0.524     0  01:59       0.523        3.66       0.006
  2174052408           JUNCTION     0.075    0.150     0  02:00       0.523        1.05       0.012
  2174052501_          JUNCTION     0.075    0.075     0  02:00       0.523       0.523       0.001
  2174052502_          JUNCTION     0.075    0.150     0  02:00       0.523        1.05       0.014
  2174052503           JUNCTION     0.075    0.299     0  02:00       0.523        2.09       0.009
  2174052504           JUNCTION     0.075    0.224     0  02:00       0.523        1.57       0.017
  2174052505           JUNCTION     0.075    0.150     0  02:00       0.523        1.05       0.016
  2174052601           JUNCTION     0.075    0.150     0  02:00       0.523        1.05       0.016
  2174052601_          JUNCTION     0.075    0.075     0  02:00       0.523       0.523       0.004
  2174052602           JUNCTION     0.075    0.075     0  02:00       0.523       0.523       0.003
  2174053001           JUNCTION     0.075    0.150     0  01:59       0.523        1.05      -0.014
  2174053001_          JUNCTION     0.075    0.075     0  02:00       0.523       0.523       0.012
  2174053002           JUNCTION     0.075    0.075     0  02:00       0.523       0.523       0.029
  2174053002_          JUNCTION     0.075    0.449     0  02:00       0.523        3.14       0.015
  2174053101           JUNCTION     0.075    0.224     0  02:00       0.523        1.57       0.001
  2174053102           JUNCTION     0.075    0.299     0  02:00       0.523        2.09       0.014
  2174053201           JUNCTION     0.075    0.075     0  02:00       0.523       0.523       0.001
  2174053202           JUNCTION     0.075    0.075     0  02:00       0.523       0.523       0.007
  2174053203           JUNCTION     0.075    0.075     0  02:00       0.523       0.523      -0.023
  2174053204           JUNCTION     0.075    0.150     0  02:00       0.523        1.05       0.008
  2174053205           JUNCTION     0.075    0.150     0  02:00       0.523        1.05       0.009
  2174053206           JUNCTION     0.075    0.224     0  02:00       0.523        1.57       0.008
  2174053207           JUNCTION     0.075    0.224     0  02:00       0.523        1.57       0.011
  2174053301           JUNCTION     0.075    0.449     0  01:58       0.523        3.14       0.007
  2174053301_          JUNCTION     0.075    0.299     0  02:00       0.523        2.09       0.006
  2174053302           JUNCTION     0.075    0.374     0  01:58       0.523        2.62      -0.010
  2174053303           JUNCTION     0.075    0.224     0  01:53       0.523        1.57       0.030
  2174053304           JUNCTION     0.075    0.075     0  02:00       0.523       0.523       0.032
  2174053401           JUNCTION     0.075    0.075     0  02:00       0.523       0.523       0.001
  2174053401_          JUNCTION     0.075    0.075     0  02:00       0.523       0.523       0.003
  2174053402           JUNCTION     0.075    0.150     0  01:35       0.523        1.05       0.009
  2174053402_          JUNCTION     0.075    0.150     0  02:00       0.523        1.05       0.009
  2174053403           JUNCTION     0.075    0.075     0  02:00       0.523       0.523       0.000
  2174053403_          JUNCTION     0.075    0.224     0  02:00       0.523        1.57       0.006
  2174053501           JUNCTION     0.075    0.075     0  02:00       0.523       0.523       0.002
  2174053501_          JUNCTION     0.075    0.224     0  02:00       0.523        1.57       0.012
  2174053502           JUNCTION     0.075    0.299     0  02:00       0.523        2.09       0.012
  2174053503           JUNCTION     0.075    0.299     0  01:59       0.523        2.09       0.009
  2174053504           JUNCTION     0.075    0.374     0  02:00       0.523        2.62       0.013
  2174053505           JUNCTION     0.075    0.449     0  02:00       0.523        3.14       0.008
  2174053506           JUNCTION     0.075    0.599     0  01:58       0.523        4.18       0.004
  2174053507           JUNCTION     0.075    1.421     0  01:58       0.523        9.94       0.002
  2174053601           JUNCTION     0.075    0.150     0  01:54       0.523        1.05       0.019
  2174053602           JUNCTION     0.075    0.075     0  02:00       0.523       0.523       0.002
  2174053603           JUNCTION     0.075    0.225     0  01:54       0.523        1.57       0.013
  2174053604           JUNCTION     0.075    0.153     0  02:00       0.523        1.05       0.010
  2174053605           JUNCTION     0.075    0.449     0  01:59       0.523        3.14       0.014
  2174053606           JUNCTION     0.075    0.524     0  02:00       0.523        3.66       0.009
  2171039205           OUTFALL      0.000    2.620     0  00:57           0        15.8       0.000
  2171039208           OUTFALL      0.000    3.824     0  00:57           0        25.3       0.000
  2171039210           OUTFALL      0.000    0.748     0  02:00           0        5.23       0.000
  2171039211           OUTFALL      0.000    0.150     0  02:00           0        1.05       0.000
  2172030502           OUTFALL      0.000    0.374     0  02:00           0        2.61       0.000
  2172031804           OUTFALL      0.000    0.299     0  02:00           0        2.09       0.000
  2172034807           OUTFALL      0.000    2.468     0  02:00           0        17.5       0.000
  2172035801           OUTFALL      0.000    1.870     0  02:00           0        12.8       0.000
  2172037003           OUTFALL      0.000    0.318     0  01:57           0        2.14       0.000
  2172037104           OUTFALL      0.000    1.810     0  01:57           0        12.6       0.000
  2172038705           OUTFALL      0.000    0.374     0  02:00           0        2.62       0.000
  2172039702           OUTFALL      0.000    0.823     0  01:54           0        5.75       0.000
  2172040012           OUTFALL      0.000    0.075     0  02:00           0       0.523       0.000
  2172040705           OUTFALL      0.000    0.374     0  01:59           0        2.62       0.000
  2172040801           OUTFALL      0.000    0.075     0  02:00           0       0.523       0.000
  2172040901           OUTFALL      0.000    0.075     0  02:00           0       0.523       0.000
  2172041706           OUTFALL      0.000    0.075     0  02:00           0       0.523       0.000
  2172041906           OUTFALL      0.000    0.150     0  01:53           0        1.05       0.000
  2172042603           OUTFALL      0.000    0.224     0  02:00           0        1.57       0.000
  2172042903           OUTFALL      0.000    0.075     0  02:00           0       0.523       0.000
  2172043601           OUTFALL      0.000    0.209     0  02:00           0         1.5       0.000
  2172044406           OUTFALL      0.000    0.374     0  02:00           0        2.62       0.000
  2172052104           OUTFALL      0.000    0.358     0  01:59           0        2.54       0.000
  2172054508           OUTFALL      0.000    0.315     0  02:00           0        2.22       0.000
  2172054511           OUTFALL      0.000    0.378     0  02:00           0        2.69       0.000
  2172055003           OUTFALL      0.000    0.224     0  01:59           0        1.57       0.000
  2172055602           OUTFALL      0.000    0.075     0  02:00           0       0.523       0.000
  2172056304           OUTFALL      0.000    0.224     0  02:00           0        1.57       0.000
  2172056701           OUTFALL      0.000    0.299     0  02:00           0        2.09       0.000
  2172057103           OUTFALL      0.000    0.075     0  02:00           0       0.523       0.000
  2172057401           OUTFALL      0.000    0.374     0  02:00           0        2.62       0.000
  2172057601_          OUTFALL      0.000    0.150     0  01:59           0        1.05       0.000
  2172059602           OUTFALL      0.000    0.075     0  02:00           0       0.523       0.000
  2173030102           OUTFALL      0.000    0.075     0  02:00           0       0.523       0.000
  2173032501           OUTFALL      0.000    0.065     0  02:00           0       0.461       0.000
  2173036601           OUTFALL      0.000    0.449     0  01:57           0        3.14       0.000
  2173037501           OUTFALL      0.000    0.524     0  02:00           0        3.66       0.000
  2173041203           OUTFALL      0.000    0.598     0  02:00           0        4.18       0.000
  2173042201           OUTFALL      0.000    0.150     0  02:00           0        1.05       0.000
  2173042202           OUTFALL      0.000    0.075     0  02:00           0       0.523       0.000
  2173042402           OUTFALL      0.000    2.812     0  02:00           0        19.8       0.000
  2173042404           OUTFALL      0.000    0.374     0  02:00           0        2.62       0.000
  2173042407           OUTFALL      0.000    0.374     0  02:00           0        2.62       0.000
  2173043001           OUTFALL      0.000    0.150     0  02:00           0        1.05       0.000
  2173043202           OUTFALL      0.000    0.299     0  02:00           0        2.09       0.000
  2173043502           OUTFALL      0.000    0.299     0  02:00           0        2.09       0.000
  2173043505           OUTFALL      0.000    0.449     0  02:00           0        3.14       0.000
  2173045601           OUTFALL      0.000    0.224     0  02:00           0        1.57       0.000
  2173046003           OUTFALL      0.000    0.598     0  02:00           0        4.18       0.000
  2173046102           OUTFALL      0.000    0.854     0  01:40           0        6.21       0.000
  2173046202           OUTFALL      0.000    0.224     0  02:00           0        1.57       0.000
  2173046704           OUTFALL      0.000    0.150     0  02:00           0        1.05       0.000
  2173047202           OUTFALL      0.000    0.755     0  01:10           0        5.23       0.000
  2173047204           OUTFALL      0.000    0.075     0  02:00           0       0.523       0.000
  2173048301           OUTFALL      0.000    0.598     0  02:00           0        4.18       0.000
  2173049504           OUTFALL      0.000    0.224     0  02:00           0        1.57       0.000
  2173050602           OUTFALL      0.000    0.449     0  02:00           0        3.14       0.000
  2173052603           OUTFALL      0.000    0.673     0  02:00           0        4.71       0.000
  2173054701           OUTFALL      0.000    0.890     0  01:59           0        5.97       0.000
  2173054702           OUTFALL      0.000    0.905     0  01:59           0        6.52       0.000
  2173055701           OUTFALL      0.000    5.901     0  02:00           0        40.6       0.000
  2173057003           OUTFALL      0.000    2.347     0  01:59           0        16.4       0.000
  2173057105           OUTFALL      0.000    0.224     0  02:00           0        1.57       0.000
  2173058004           OUTFALL      0.000    0.121     0  02:00           0       0.854       0.000
  2173058104           OUTFALL      0.000    0.299     0  02:00           0        2.09       0.000
  2173058202           OUTFALL      0.000    0.224     0  02:00           0        1.57       0.000
  2173058302           OUTFALL      0.000    0.224     0  02:00           0        1.57       0.000
  2173058304           OUTFALL      0.000    0.727     0  01:53           0        5.45       0.000
  2173059101           OUTFALL      0.000    0.150     0  02:00           0        1.05       0.000
  2174030104           OUTFALL      0.000    0.075     0  02:00           0       0.523       0.000
  2174031409           OUTFALL      0.000    0.224     0  02:00           0        1.57       0.000
  2174032603           OUTFALL      0.000    0.224     0  02:00           0        1.57       0.000
  2174034201           OUTFALL      0.000    0.673     0  02:00           0        4.71       0.000
  2174034202           OUTFALL      0.000    0.449     0  02:00           0        3.14       0.000
  2174034203           OUTFALL      0.000    0.374     0  02:00           0        2.61       0.000
  2174034301           OUTFALL      0.000    0.150     0  02:00           0        1.05       0.000
  2174040003           OUTFALL      0.000    0.449     0  01:56           0        3.14       0.000
  2174040903           OUTFALL      0.000    0.598     0  02:00           0        4.18       0.000
  2174043204           OUTFALL      0.000    0.075     0  02:00           0       0.523       0.000
  2174050201           OUTFALL      0.000    0.449     0  02:00           0        3.14       0.000
  2174050302           OUTFALL      0.000    0.150     0  02:00           0        1.05       0.000
  2174050402           OUTFALL      0.000    0.449     0  02:00           0        3.14       0.000
  2174050403           OUTFALL      0.000    0.224     0  02:00           0        1.57       0.000
  2174050701           OUTFALL      0.000    1.564     0  01:51           0        11.5       0.000
  2174052502           OUTFALL      0.000    0.299     0  02:00           0        2.09       0.000
  2174052703           OUTFALL      0.000    0.150     0  02:00           0        1.05       0.000
  2174053208           OUTFALL      0.000    0.224     0  02:00           0        1.57       0.000
  2174054001           OUTFALL      0.000    0.449     0  02:00           0        3.14       0.000
  2174054301           OUTFALL      0.000    0.299     0  02:00           0        2.09       0.000
  2171049803_OUT       OUTFALL      0.000    0.374     0  01:59           0        2.62       0.000
  2172038505_OUT       OUTFALL      0.000    0.972     0  02:00           0         6.8       0.000
  2172038509_OUT       OUTFALL      0.000    1.752     0  00:52           0        11.2       0.000
  2172039202_OUT       OUTFALL      0.000    0.641     0  01:55           0        4.59       0.000
  2172039304_OUT       OUTFALL      0.000    0.846     0  01:45           0        5.23       0.000
  2172043605_OUT       OUTFALL      0.000    1.077     0  01:50           0        7.13       0.000
  2172043606_OUT       OUTFALL      0.000    0.393     0  01:59           0        2.84       0.000
  2172043905_OUT       OUTFALL      0.000    1.775     0  01:58           0        12.5       0.000
  2172044706_OUT       OUTFALL      0.000    1.359     0  01:58           0        9.83       0.000
  2172045701_OUT       OUTFALL      0.000    0.615     0  02:00           0        4.24       0.000
  2172052105_OUT       OUTFALL      0.000    1.047     0  01:59           0        7.32       0.000
  2172056405_OUT       OUTFALL      0.000    0.707     0  01:59           0           5       0.000
  2172057101_OUT       OUTFALL      0.000    0.395     0  01:51           0        2.85       0.000
  2172057309_OUT       OUTFALL      0.000    1.233     0  01:56           0        8.89       0.000
  2172059301_OUT       OUTFALL      0.000    0.600     0  01:59           0        4.18       0.000
  2173031302_OUT       OUTFALL      0.000    1.580     0  02:00           0          11       0.000
  2173031402_OUT       OUTFALL      0.000    0.641     0  01:56           0        4.18       0.000
  2173033601_OUT       OUTFALL      0.000    0.780     0  01:58           0        5.23       0.000
  2173035301_OUT       OUTFALL      0.000    0.673     0  01:59           0        4.71       0.000
  2173047701_OUT       OUTFALL      0.000    1.237     0  01:56           0        8.76       0.000
  2173048204_OUT       OUTFALL      0.000    3.741     0  01:58           0        26.9       0.000
  2173059104_OUT       OUTFALL      0.000    1.067     0  01:59           0        7.72       0.000
  2174041502_OUT       OUTFALL      0.000    0.898     0  02:00           0        6.28       0.000
  2174041801_OUT       OUTFALL      0.000    0.932     0  02:00           0        6.67       0.000
  2174042901_OUT       OUTFALL      0.000    2.320     0  01:00           0        14.4       0.000
  2174052402_OUT       OUTFALL      0.000    1.421     0  01:59           0        9.94       0.000
  2174053507_OUT       OUTFALL      0.000    1.421     0  01:58           0        9.94       0.000
  
  
  **********************
  Node Surcharge Summary
  **********************
  
  Surcharging occurs when water rises above the top of the highest conduit.
  ---------------------------------------------------------------------
                                               Max. Height   Min. Depth
                                   Hours       Above Crown    Below Rim
  Node                 Type      Surcharged         Meters       Meters
  ---------------------------------------------------------------------
  2171049801           JUNCTION        1.99          1.082        0.000
  2171049802           JUNCTION        1.93          0.173        0.961
  2171049804           JUNCTION        1.85          0.172        1.120
  2172038512           JUNCTION        0.11          0.856        0.115
  2172038513           JUNCTION        1.65          0.671        0.534
  2172039204           JUNCTION        1.92          0.806        0.330
  2172039206           JUNCTION        1.94          0.841        0.000
  2172039307           JUNCTION        0.19          0.595        0.000
  2172039308           JUNCTION        1.67          0.507        0.000
  2172039309           JUNCTION        1.67          0.568        0.011
  2172039310           JUNCTION        1.53          0.594        0.051
  2172039311           JUNCTION        0.23          0.555        0.000
  2172039401           JUNCTION        1.66          0.312        0.105
  2172039402           JUNCTION        1.72          0.335        0.018
  2172039403           JUNCTION        1.80          0.343        0.169
  2172039404           JUNCTION        1.82          0.334        0.266
  2172039501           JUNCTION        1.83          0.599        0.221
  2172039502           JUNCTION        1.87          0.604        0.198
  2172039503           JUNCTION        1.88          0.527        0.008
  2172039506           JUNCTION        1.87          0.477        0.141
  2172039507           JUNCTION        1.84          0.368        0.272
  2172039508           JUNCTION        1.84          0.379        0.300
  2172039703           JUNCTION        1.84          0.291        0.872
  2172039704           JUNCTION        1.91          0.527        0.746
  2172039705           JUNCTION        1.85          0.537        0.596
  2172039706           JUNCTION        1.82          0.667        0.363
  2172040802           JUNCTION        1.75          0.061        1.282
  2172041709           JUNCTION        1.63          0.028        1.747
  2172041902           JUNCTION        1.88          0.776        0.000
  2172041903           JUNCTION        1.87          0.875        0.012
  2172041905           JUNCTION        1.88          0.827        0.006
  2172041907           JUNCTION        1.96          0.357        1.875
  2172042301_          JUNCTION        1.92          0.608        0.000
  2172042302_          JUNCTION        1.75          0.383        1.395
  2172042401_          JUNCTION        1.93          0.793        0.000
  2172042402           JUNCTION        1.96          0.901        0.000
  2172042403           JUNCTION        1.96          0.897        0.000
  2172042702           JUNCTION        1.91          1.028        0.000
  2172042802           JUNCTION        1.94          1.007        0.000
  2172042901           JUNCTION        1.97          0.508        1.947
  2172042902           JUNCTION        1.89          1.382        0.000
  2172043401_          JUNCTION        2.03          1.148        0.007
  2172043501           JUNCTION        2.02          1.105        0.000
  2172043502           JUNCTION        1.80          1.069        0.507
  2172043503           JUNCTION        2.01          1.124        0.000
  2172043504           JUNCTION        2.03          1.227        0.000
  2172043505           JUNCTION        2.04          1.314        0.000
  2172043506           JUNCTION        2.05          1.418        0.000
  2172043508           JUNCTION        1.87          1.343        0.000
  2172043602           JUNCTION        1.96          0.799        0.269
  2172043603           JUNCTION        1.93          0.996        0.000
  2172043604           JUNCTION        0.49          1.515        0.000
  2172043701           JUNCTION        1.93          1.092        0.106
  2172043702           JUNCTION        1.93          1.056        0.086
  2172043703           JUNCTION        1.78          0.754        0.254
  2172043704           JUNCTION        1.84          0.866        0.313
  2172043705           JUNCTION        1.78          0.790        0.447
  2172043706           JUNCTION        1.90          1.013        0.000
  2172043801           JUNCTION        1.76          0.812        0.307
  2172043802           JUNCTION        1.73          0.568        0.513
  2172043803           JUNCTION        1.81          0.790        0.610
  2172043804           JUNCTION        1.81          0.540        0.866
  2172043907           JUNCTION        1.80          0.312        1.542
  2172044601           JUNCTION        2.10          1.053        0.214
  2172044602           JUNCTION        2.09          1.211        0.000
  2172044605           JUNCTION        2.07          1.155        0.000
  2172044607           JUNCTION        2.04          1.120        0.000
  2172044701           JUNCTION        1.92          0.509        0.000
  2172044702           JUNCTION        1.95          0.844        0.000
  2172044703           JUNCTION        1.98          1.109        0.150
  2172044704           JUNCTION        2.02          1.274        0.173
  2172044705           JUNCTION        2.04          0.820        1.140
  2172044902           JUNCTION        1.97          0.435        1.351
  2172044903           JUNCTION        1.97          0.546        1.456
  2172044905           JUNCTION        1.87          0.324        1.918
  2172045801           JUNCTION        1.86          0.592        1.185
  2172045803           JUNCTION        1.88          0.397        1.643
  2172045804           JUNCTION        1.90          0.412        1.447
  2172045805           JUNCTION        1.88          0.484        1.246
  2172045807           JUNCTION        1.61          0.103        1.312
  2172045808           JUNCTION        1.63          0.118        1.188
  2172045809           JUNCTION        1.94          0.950        0.295
  2172045810           JUNCTION        1.65          0.138        1.163
  2172045905           JUNCTION        1.72          0.309        0.887
  2172046801_          JUNCTION        1.52          0.069        1.081
  2172046802_          JUNCTION        2.02          0.953        0.325
  2172046803_          JUNCTION        2.00          1.252        0.047
  2172046804           JUNCTION        1.18          0.038        0.778
  2172046805           JUNCTION        1.97          1.142        0.000
  2172046806           JUNCTION        1.93          0.894        0.000
  2172046901           JUNCTION        2.00          1.227        0.000
  2172046902           JUNCTION        1.23          0.044        0.670
  2172046903           JUNCTION        1.94          1.217        0.000
  2172046905           JUNCTION        1.58          0.050        0.222
  2172048203           JUNCTION        1.18          0.010        1.786
  2172048306           JUNCTION        1.52          0.078        1.777
  2172048307           JUNCTION        1.46          0.144        1.896
  2172049301           JUNCTION        1.64          0.195        1.754
  2172049302           JUNCTION        1.62          0.627        1.284
  2172049303           JUNCTION        1.69          0.268        1.562
  2172049304           JUNCTION        1.57          0.122        1.926
  2172049402           JUNCTION        1.48          0.085        1.814
  2172049403           JUNCTION        1.38          0.046        1.936
  2172051102           JUNCTION        1.90          1.854        0.000
  2172051103           JUNCTION        1.94          1.854        0.000
  2172052101           JUNCTION        1.99          1.552        0.690
  2172052102           JUNCTION        1.90          0.551        1.922
  2172052103           JUNCTION        1.71          0.250        2.345
  2172052106           JUNCTION        1.86          0.218        2.795
  2172052107           JUNCTION        1.86          0.377        2.487
  2172052109           JUNCTION        1.82          0.418        2.224
  2172052110           JUNCTION        1.81          0.349        1.607
  2172052111           JUNCTION        1.77          0.373        2.231
  2172052112           JUNCTION        1.81          0.463        1.373
  2172052114           JUNCTION        1.89          0.641        1.164
  2172052201           JUNCTION        1.68          0.279        2.062
  2172052202           JUNCTION        1.44          0.100        1.952
  2172053201           JUNCTION        1.91          0.766        0.900
  2172053203           JUNCTION        1.87          0.713        0.764
  2172053204           JUNCTION        1.75          0.425        0.755
  2172053503           JUNCTION        2.09          1.721        0.119
  2172053602           JUNCTION        2.03          1.561        0.000
  2172054501           JUNCTION        2.08          1.396        0.399
  2172056101           JUNCTION        1.95          0.789        0.574
  2172056102           JUNCTION        1.93          0.922        0.298
  2172056302           JUNCTION        1.73          0.571        0.638
  2172056305           JUNCTION        1.97          1.050        0.000
  2172056403           JUNCTION        1.86          1.046        0.631
  2172056404           JUNCTION        1.92          0.491        1.659
  2172056406           JUNCTION        1.94          0.581        0.000
  2172056503           JUNCTION        2.03          1.220        0.813
  2172056601           JUNCTION        1.31          0.027        1.332
  2172056601_          JUNCTION        2.02          1.723        0.292
  2172056602           JUNCTION        1.34          0.020        1.474
  2172056602_          JUNCTION        1.99          1.850        0.126
  2172056603           JUNCTION        1.99          0.806        0.870
  2172056603_          JUNCTION        1.96          1.642        0.000
  2172057001           JUNCTION        2.02          0.377        0.000
  2172057002           JUNCTION        2.04          0.503        0.100
  2172057003           JUNCTION        2.06          0.559        0.138
  2172057004           JUNCTION        2.05          0.495        0.296
  2172057005           JUNCTION        1.94          0.681        0.000
  2172057105           JUNCTION        1.95          0.470        0.432
  2172057301           JUNCTION        2.00          1.234        0.112
  2172057302           JUNCTION        1.93          0.527        0.976
  2172057305           JUNCTION        2.02          0.905        0.870
  2172057306           JUNCTION        1.60          0.156        1.174
  2172057406           JUNCTION        1.83          0.140        2.174
  2172057601           JUNCTION        2.00          0.844        1.005
  2172057602           JUNCTION        1.91          0.179        1.727
  2172057603           JUNCTION        1.91          0.292        1.769
  2172058102           JUNCTION        1.89          1.004        0.681
  2172058401           JUNCTION        1.89          0.740        1.325
  2172058402           JUNCTION        1.92          0.837        1.245
  2172058403           JUNCTION        1.93          0.962        0.975
  2172058501           JUNCTION        1.91          0.991        0.908
  2172058502           JUNCTION        1.89          1.530        0.000
  2172058503           JUNCTION        1.88          0.986        0.226
  2172058602           JUNCTION        1.93          1.076        0.237
  2172058603           JUNCTION        1.90          1.057        0.003
  2172058604           JUNCTION        1.87          0.991        0.000
  2172058605           JUNCTION        1.77          0.351        0.194
  2172058606           JUNCTION        2.01          1.071        0.000
  2172058607           JUNCTION        1.98          1.189        0.000
  2172058608           JUNCTION        2.00          1.194        0.451
  2172059402           JUNCTION        1.80          0.266        1.311
  2172059404           JUNCTION        1.81          0.356        1.116
  2172059405           JUNCTION        1.30          0.046        1.078
  2172059501           JUNCTION        1.89          0.385        0.347
  2172059502           JUNCTION        1.92          0.330        0.692
  2172059504           JUNCTION        0.59          0.006        0.979
  2173030301           JUNCTION        1.95          0.685        0.013
  2173030302           JUNCTION        1.94          0.621        0.000
  2173030303           JUNCTION        1.93          0.600        0.098
  2173030304           JUNCTION        1.92          0.490        0.000
  2173030403           JUNCTION        1.55          0.693        0.412
  2173030405           JUNCTION        1.65          0.971        0.068
  2173030501           JUNCTION        1.95          0.661        0.320
  2173030502           JUNCTION        1.84          0.315        0.892
  2173030503           JUNCTION        1.98          0.787        0.157
  2173030507           JUNCTION        1.31          0.426        0.738
  2173030601           JUNCTION        2.00          0.837        0.067
  2173030602           JUNCTION        2.00          0.832        0.000
  2173030603           JUNCTION        2.00          0.900        0.000
  2173030604           JUNCTION        2.00          0.936        0.124
  2173030607           JUNCTION        2.00          0.997        0.005
  2173030608           JUNCTION        1.99          0.942        0.000
  2173030701           JUNCTION        1.74          0.904        0.109
  2173030702           JUNCTION        1.48          0.167        0.469
  2173030703           JUNCTION        1.65          0.931        0.000
  2173030704           JUNCTION        1.51          0.237        0.637
  2173030705           JUNCTION        1.53          0.271        0.626
  2173030706           JUNCTION        1.50          0.230        0.609
  2173031401           JUNCTION        0.47          1.054        0.000
  2173031701           JUNCTION        1.97          0.840        0.000
  2173031702           JUNCTION        1.95          0.767        0.000
  2173031705           JUNCTION        1.93          0.750        0.000
  2173031706           JUNCTION        1.91          0.760        0.000
  2173031804           JUNCTION        1.90          0.974        0.000
  2173031805           JUNCTION        1.89          0.734        0.000
  2173031807           JUNCTION        1.89          0.668        0.000
  2173034202           JUNCTION        1.78          0.757        1.471
  2173034203           JUNCTION        1.80          0.936        1.655
  2173034204           JUNCTION        1.84          1.024        1.896
  2173034205           JUNCTION        1.87          1.039        2.378
  2173034302           JUNCTION        1.89          0.911        2.694
  2173034303           JUNCTION        1.88          0.611        2.866
  2173036503           JUNCTION        1.47          0.030        2.104
  2173036602           JUNCTION        1.88          0.137        1.098
  2173036603           JUNCTION        1.91          0.698        0.239
  2173036604           JUNCTION        1.91          0.940        0.000
  2173036701           JUNCTION        1.92          1.196        0.000
  2173036702           JUNCTION        1.91          1.245        0.000
  2173036703           JUNCTION        1.90          1.403        0.000
  2173038905           JUNCTION        1.48          0.182        1.258
  2173039901           JUNCTION        1.63          0.334        1.170
  2173040501           JUNCTION        1.44          0.066        2.100
  2173043601           JUNCTION        1.63          0.145        0.999
  2173044102           JUNCTION        0.36          0.001        1.014
  2173044204           JUNCTION        1.90          0.599        0.463
  2173044302           JUNCTION        1.39          0.015        0.900
  2173044303           JUNCTION        1.70          0.100        0.644
  2173044304           JUNCTION        1.75          0.207        0.571
  2173044305           JUNCTION        1.80          0.249        0.743
  2173044306           JUNCTION        1.48          0.082        0.392
  2173044505           JUNCTION        1.71          0.351        0.760
  2173044507           JUNCTION        1.72          0.389        0.603
  2173044601           JUNCTION        1.68          0.279        1.060
  2173044602           JUNCTION        1.70          0.331        0.865
  2173045203           JUNCTION        1.92          0.689        0.294
  2173045205           JUNCTION        1.94          0.687        0.349
  2173045301           JUNCTION        1.94          0.826        0.209
  2173045302           JUNCTION        1.95          0.891        0.148
  2173045303           JUNCTION        1.94          0.936        0.034
  2173045304           JUNCTION        1.94          0.948        0.033
  2173045305           JUNCTION        1.94          0.941        0.040
  2173045306           JUNCTION        1.93          0.911        0.000
  2173045501           JUNCTION        1.74          0.418        1.112
  2173045502           JUNCTION        1.75          0.446        0.644
  2173045503           JUNCTION        1.77          0.470        0.899
  2173045504           JUNCTION        1.76          0.483        0.759
  2173045505           JUNCTION        1.74          0.482        0.381
  2173046104           JUNCTION        1.90          0.506        0.281
  2173046106           JUNCTION        1.91          0.795        0.035
  2173046401           JUNCTION        1.74          0.431        0.634
  2173046402           JUNCTION        1.92          0.861        0.000
  2173046403           JUNCTION        1.91          0.893        0.000
  2173046404           JUNCTION        1.91          0.858        0.000
  2173046405           JUNCTION        1.91          0.812        0.000
  2173046406           JUNCTION        1.71          0.454        0.534
  2173046409           JUNCTION        1.70          0.451        0.918
  2173046412           JUNCTION        1.71          0.827        0.496
  2173046413           JUNCTION        1.68          0.417        0.728
  2173046414           JUNCTION        1.70          0.477        0.510
  2173046501           JUNCTION        1.71          0.581        0.233
  2173046602           JUNCTION        1.68          0.628        0.024
  2173046603           JUNCTION        1.65          0.543        0.000
  2173047001           JUNCTION        1.83          0.926        0.000
  2173047003           JUNCTION        1.76          0.961        0.077
  2173047101           JUNCTION        1.90          0.606        0.000
  2173047102           JUNCTION        1.89          0.585        0.000
  2173047103           JUNCTION        1.78          0.389        0.360
  2173047104           JUNCTION        1.87          0.816        0.047
  2173047105           JUNCTION        1.79          0.574        0.334
  2173047402           JUNCTION        1.75          0.540        0.355
  2173047501           JUNCTION        1.71          0.976        0.351
  2173047502           JUNCTION        1.69          1.192        0.051
  2173047503           JUNCTION        1.77          0.602        0.303
  2173047504           JUNCTION        1.68          1.166        0.000
  2173047505           JUNCTION        1.79          0.650        0.194
  2173047506           JUNCTION        1.80          0.664        0.201
  2173047601           JUNCTION        1.93          0.657        0.226
  2173047602           JUNCTION        1.67          1.016        0.000
  2173047603           JUNCTION        1.98          0.944        0.306
  2173047604           JUNCTION        1.81          0.657        0.204
  2173047703           JUNCTION        1.80          0.292        0.435
  2173048001           JUNCTION        1.81          1.176        0.000
  2173048002           JUNCTION        1.82          1.232        0.000
  2173048004           JUNCTION        1.83          1.340        0.000
  2173048006           JUNCTION        0.12          0.796        0.204
  2173048007           JUNCTION        1.38          0.623        0.112
  2173048008           JUNCTION        1.52          0.723        0.811
  2173048101           JUNCTION        1.85          0.946        0.000
  2173048102           JUNCTION        1.77          0.703        0.118
  2173048103           JUNCTION        1.72          0.772        0.125
  2173048104           JUNCTION        1.67          0.726        0.322
  2173048106           JUNCTION        1.51          0.658        0.150
  2173048303           JUNCTION        1.32          0.028        1.104
  2173048305           JUNCTION        1.39          0.079        1.044
  2173048403           JUNCTION        1.30          0.063        0.979
  2173048503           JUNCTION        1.92          1.091        0.114
  2173048601           JUNCTION        1.81          0.653        0.320
  2173048602           JUNCTION        1.98          1.002        0.000
  2173048603           JUNCTION        1.80          0.663        0.102
  2173048604           JUNCTION        1.93          0.927        0.000
  2173048701           JUNCTION        1.98          1.093        0.165
  2173048702           JUNCTION        1.79          0.652        0.029
  2173048703           JUNCTION        1.97          1.167        0.148
  2173048704           JUNCTION        1.77          0.632        0.044
  2173048705           JUNCTION        1.96          1.241        0.000
  2173049001           JUNCTION        1.76          0.453        1.015
  2173049002           JUNCTION        1.80          0.444        0.937
  2173049201           JUNCTION        1.94          0.497        0.804
  2173049202           JUNCTION        1.98          0.893        0.189
  2173049203           JUNCTION        1.99          1.147        0.040
  2173049204           JUNCTION        1.92          1.467        0.000
  2173049205           JUNCTION        2.00          1.357        0.086
  2173049206           JUNCTION        1.90          1.693        0.000
  2173049207           JUNCTION        1.95          1.196        0.021
  2173049301           JUNCTION        1.69          0.168        0.617
  2173049302           JUNCTION        1.72          0.360        0.239
  2173049303           JUNCTION        1.75          0.589        0.219
  2173049304           JUNCTION        1.76          0.723        0.060
  2173049501           JUNCTION        1.89          1.163        0.218
  2173049601           JUNCTION        1.85          1.246        0.145
  2173049602           JUNCTION        1.82          1.211        0.000
  2173049603           JUNCTION        1.80          1.207        0.000
  2173049701           JUNCTION        1.76          0.630        0.054
  2173049702           JUNCTION        1.76          0.616        0.000
  2173049801           JUNCTION        1.95          1.357        0.092
  2173049803           JUNCTION        1.94          1.444        0.000
  2173049805           JUNCTION        1.75          0.623        0.000
  2173049806           JUNCTION        1.67          0.056        1.557
  2173049807           JUNCTION        1.76          0.255        1.013
  2173049903           JUNCTION        1.96          0.714        0.000
  2173049905           JUNCTION        1.76          0.410        0.728
  2173053201           JUNCTION        1.81          0.307        0.221
  2173053202           JUNCTION        1.86          0.366        0.234
  2173053203           JUNCTION        1.71          0.186        0.294
  2173053301           JUNCTION        1.74          0.180        0.368
  2173053401           JUNCTION        1.22          0.015        0.433
  2173053402           JUNCTION        1.83          0.215        0.448
  2173053403           JUNCTION        1.89          0.276        0.483
  2173054506           JUNCTION        2.08          0.833        0.000
  2173054512           JUNCTION        1.98          0.709        0.000
  2173058301           JUNCTION        2.06          0.566        0.000
  2173058303           JUNCTION        2.07          0.611        0.054
  2173058305           JUNCTION        1.92          0.077        0.883
  2173058306           JUNCTION        1.95          0.236        0.286
  2173058308           JUNCTION        1.97          0.316        0.251
  2173058401           JUNCTION        2.02          0.422        0.000
  2173058402           JUNCTION        2.04          1.039        0.000
  2173059005           JUNCTION        1.97          0.731        0.000
  2173059007           JUNCTION        1.97          0.953        0.000
  2173059105           JUNCTION        1.89          0.492        0.913
  2173059301           JUNCTION        1.98          0.378        0.226
  2173059401           JUNCTION        2.05          0.885        0.000
  2173059402           JUNCTION        2.05          0.920        0.000
  2173059403           JUNCTION        1.98          0.384        0.000
  2173059404           JUNCTION        1.98          0.397        0.059
  2173059405           JUNCTION        1.98          0.378        0.161
  2173059406           JUNCTION        1.97          0.342        0.056
  2173059407           JUNCTION        1.96          0.281        0.000
  2173059408           JUNCTION        1.95          0.316        0.212
  2173059501           JUNCTION        2.02          1.014        0.000
  2173059502           JUNCTION        2.03          0.996        0.025
  2173059503           JUNCTION        2.04          0.960        0.014
  2173059504           JUNCTION        2.03          0.839        0.000
  2173059505           JUNCTION        2.02          0.915        0.000
  2173059601           JUNCTION        1.98          1.011        0.326
  2174040001           JUNCTION        1.81          0.369        1.171
  2174040102           JUNCTION        2.00          1.473        0.000
  2174040103           JUNCTION        1.97          1.583        0.149
  2174040104           JUNCTION        1.99          1.579        0.000
  2174040105           JUNCTION        1.99          1.593        0.095
  2174040106           JUNCTION        1.99          1.639        0.233
  2174040107           JUNCTION        2.01          1.648        0.046
  2174040201           JUNCTION        1.96          1.650        0.000
  2174040202           JUNCTION        1.93          1.506        0.000
  2174040203           JUNCTION        1.91          1.429        0.000
  2174040204           JUNCTION        1.89          1.297        0.000
  2174040301           JUNCTION        1.76          0.828        0.227
  2174040302           JUNCTION        1.89          1.319        0.043
  2174040303           JUNCTION        1.85          1.348        0.250
  2174040402           JUNCTION        1.69          0.664        0.118
  2174040405           JUNCTION        1.61          0.490        0.420
  2174040502           JUNCTION        1.78          0.706        0.000
  2174040601           JUNCTION        1.80          0.564        0.000
  2174040602           JUNCTION        1.81          0.586        0.000
  2174040603           JUNCTION        1.83          0.433        0.000
  2174040701           JUNCTION        1.78          1.218        0.000
  2174040702           JUNCTION        1.77          1.167        0.000
  2174040703           JUNCTION        1.84          0.191        0.000
  2174040704           JUNCTION        1.85          0.339        0.000
  2174040705           JUNCTION        1.81          0.106        0.348
  2174040706           JUNCTION        1.85          0.254        0.000
  2174040901           JUNCTION        1.74          0.460        0.772
  2174040902           JUNCTION        1.63          0.333        0.862
  2174040904           JUNCTION        1.67          0.439        0.740
  2174040907           JUNCTION        1.45          0.191        1.101
  2174041101           JUNCTION        2.01          1.560        0.100
  2174041102           JUNCTION        2.00          1.369        0.000
  2174041103           JUNCTION        1.97          1.522        0.075
  2174041104           JUNCTION        1.93          1.550        0.000
  2174041105           JUNCTION        1.91          1.692        0.000
  2174041201           JUNCTION        1.99          1.215        0.000
  2174041202           JUNCTION        1.99          1.335        0.000
  2174041203           JUNCTION        1.98          1.333        0.035
  2174041204           JUNCTION        1.95          1.266        0.013
  2174041205           JUNCTION        1.95          1.215        0.000
  2174041206           JUNCTION        1.95          1.223        0.000
  2174041207           JUNCTION        1.92          1.222        0.000
  2174041208           JUNCTION        1.93          1.148        0.000
  2174041301           JUNCTION        1.79          1.274        0.586
  2174041302           JUNCTION        1.73          1.121        0.672
  2174041304           JUNCTION        1.71          0.998        1.201
  2174041401           JUNCTION        1.52          0.347        0.561
  2174041403           JUNCTION        1.40          0.203        0.630
  2174042201           JUNCTION        1.92          1.243        0.000
  2174042202           JUNCTION        1.90          1.606        0.000
  2174042203           JUNCTION        1.89          1.722        0.000
  2174042403           JUNCTION        1.87          0.971        0.000
  2174042404           JUNCTION        1.88          1.022        0.000
  2174042501           JUNCTION        1.89          1.134        0.000
  2174042502           JUNCTION        1.92          1.301        0.000
  2174042604           JUNCTION        1.95          1.154        0.000
  2174042605           JUNCTION        1.99          1.177        0.000
  2174042704           JUNCTION        1.99          1.166        0.000
  2174042902           JUNCTION        0.01          0.066        1.032
  2174042903           JUNCTION        1.76          0.194        0.579
  2174042904           JUNCTION        1.77          0.328        0.279
  2174042905           JUNCTION        1.67          0.072        0.476
  2174042906           JUNCTION        1.84          1.006        0.000
  2174042907           JUNCTION        1.85          0.995        0.062
  2174043301           JUNCTION        1.66          0.108        1.605
  2174043302           JUNCTION        1.76          0.315        1.617
  2174043303           JUNCTION        1.77          0.415        1.382
  2174043401           JUNCTION        1.74          0.439        1.138
  2174043402           JUNCTION        1.69          0.408        0.908
  2174043403           JUNCTION        1.66          0.356        0.669
  2174043501           JUNCTION        1.63          0.297        0.606
  2174043502           JUNCTION        1.59          0.212        0.423
  2174043701           JUNCTION        1.99          1.183        0.257
  2174043801           JUNCTION        1.97          1.129        0.055
  2174043802           JUNCTION        1.94          1.011        0.000
  2174043803           JUNCTION        1.91          1.000        0.032
  2174043901           JUNCTION        1.85          0.857        0.353
  2174043902           JUNCTION        1.86          0.918        0.177
  2174043903           JUNCTION        1.84          0.857        0.637
  2174043904           JUNCTION        1.85          0.973        0.612
  2174043905           JUNCTION        1.84          0.939        0.267
  2174050001           JUNCTION        1.98          1.120        0.083
  2174050002           JUNCTION        1.98          1.188        0.078
  2174050003           JUNCTION        1.88          1.691        0.000
  2174050101           JUNCTION        1.96          0.960        0.475
  2174050102           JUNCTION        1.98          1.263        0.252
  2174050103           JUNCTION        1.97          1.299        0.387
  2174050105           JUNCTION        1.94          1.498        0.000
  2174050106           JUNCTION        1.91          1.537        0.000
  2174050401           JUNCTION        1.95          0.342        0.000
  2174050501           JUNCTION        1.94          0.365        0.185
  2174050502           JUNCTION        1.98          1.060        0.148
  2174050503           JUNCTION        1.98          1.125        0.201
  2174050504           JUNCTION        1.93          0.413        0.000
  2174050505           JUNCTION        1.98          1.153        0.182
  2174050506           JUNCTION        1.35          0.159        0.000
  2174050507           JUNCTION        1.98          1.438        0.000
  2174050508           JUNCTION        1.94          1.383        0.000
  2174050509           JUNCTION        1.95          1.235        0.000
  2174050510           JUNCTION        1.94          1.205        0.000
  2174050511           JUNCTION        1.92          1.023        0.000
  2174050601           JUNCTION        1.99          1.016        0.289
  2174050602           JUNCTION        2.01          0.980        0.463
  2174050603           JUNCTION        2.02          0.890        0.398
  2174050604           JUNCTION        2.02          0.874        0.111
  2174050605           JUNCTION        2.02          1.211        0.269
  2174050606           JUNCTION        2.04          1.104        0.379
  2174050607           JUNCTION        1.97          1.290        0.282
  2174050608           JUNCTION        1.97          1.126        0.016
  2174050702           JUNCTION        1.96          0.387        1.515
  2174051101           JUNCTION        1.86          1.433        0.000
  2174051601           JUNCTION        1.95          1.369        0.006
  2174051602           JUNCTION        1.98          1.398        0.000
  2174051603           JUNCTION        1.95          1.356        0.000
  2174051604           JUNCTION        1.94          1.556        0.000
  2174051701           JUNCTION        1.94          1.074        0.000
  2174052001           JUNCTION        1.79          0.440        0.106
  2174052002           JUNCTION        1.78          0.454        0.000
  2174052003           JUNCTION        1.74          0.373        0.252
  2174052004           JUNCTION        1.78          0.530        0.000
  2174052102           JUNCTION        1.70          0.233        0.379
  2174052103           JUNCTION        1.67          0.085        0.350
  2174052301           JUNCTION        1.48          0.108        1.130
  2174052403           JUNCTION        1.93          0.446        0.667
  2174052404           JUNCTION        1.79          0.324        0.796
  2174052406           JUNCTION        1.91          0.540        0.628
  2174052407           JUNCTION        1.87          0.601        0.490
  2174052601_          JUNCTION        1.74          0.130        0.430
  2174053001           JUNCTION        1.77          0.528        0.045
  2174053002           JUNCTION        1.75          0.495        0.227
  2174053102           JUNCTION        1.62          0.086        1.406
  2174053203           JUNCTION        1.48          0.053        1.217
  2174053301           JUNCTION        1.83          0.587        0.694
  2174053302           JUNCTION        1.63          0.327        0.840
  2174053303           JUNCTION        1.73          0.535        0.512
  2174053304           JUNCTION        1.58          0.242        1.134
  2174053402           JUNCTION        1.63          0.416        0.269
  2174053403           JUNCTION        1.56          0.262        0.116
  2174053601           JUNCTION        1.78          0.171        0.447
  2174053603           JUNCTION        1.81          0.188        0.153
  2174053604           JUNCTION        1.55          0.059        0.189
  2174053605           JUNCTION        1.82          0.180        0.198
  2174053606           JUNCTION        1.79          0.119        0.273
  
  
  *********************
  Node Flooding Summary
  *********************
  
  Flooding refers to all water that overflows a node, whether it ponds or not.
  --------------------------------------------------------------------------
                                                             Total   Maximum
                                 Maximum   Time of Max       Flood    Ponded
                        Hours       Rate    Occurrence      Volume     Depth
  Node                 Flooded       CMS   days hr:min    10^6 ltr    Meters
  --------------------------------------------------------------------------
  2171049801              0.01     0.002      0  00:05       0.000     0.000
  2172039206              0.01     0.001      0  00:08       0.000     0.000
  2172039307              0.02     0.117      0  00:49       0.006     0.000
  2172039308              0.01     0.022      0  01:56       0.000     0.000
  2172039311              0.01     0.014      0  01:23       0.000     0.000
  2172041902              0.01     0.005      0  00:10       0.000     0.000
  2172042301_             1.91     0.153      0  01:59       1.011     0.000
  2172042401_             0.01     0.095      0  00:08       0.000     0.000
  2172042402              0.01     0.021      0  00:08       0.000     0.000
  2172042403              1.85     0.085      0  01:33       0.503     0.000
  2172042702              1.42     0.020      0  01:56       0.085     0.000
  2172042802              0.01     0.005      0  00:08       0.000     0.000
  2172042902              0.01     0.004      0  00:10       0.000     0.000
  2172043501              1.77     0.057      0  01:16       0.235     0.000
  2172043503              0.18     0.010      0  01:24       0.003     0.000
  2172043504              0.09     0.014      0  00:58       0.002     0.000
  2172043505              0.04     0.012      0  00:25       0.001     0.000
  2172043506              0.02     0.009      0  00:28       0.000     0.000
  2172043508              0.01     0.070      0  00:44       0.002     0.000
  2172043603              1.57     0.015      0  01:59       0.073     0.000
  2172043604              0.01     0.177      0  01:15       0.003     0.000
  2172043706              0.01     0.004      0  00:09       0.000     0.000
  2172044602              1.75     0.020      0  02:00       0.105     0.000
  2172044605              1.96     0.083      0  02:00       0.546     0.000
  2172044607              1.91     0.028      0  02:00       0.174     0.000
  2172044701              1.91     0.139      0  01:58       0.867     0.000
  2172044702              0.01     0.026      0  00:08       0.000     0.000
  2172046805              1.87     0.055      0  01:56       0.318     0.000
  2172046806              1.88     0.025      0  02:00       0.148     0.000
  2172046901              1.80     0.042      0  01:59       0.239     0.000
  2172046903              1.71     0.010      0  02:00       0.056     0.000
  2172051102              0.01     0.007      0  00:09       0.000     0.000
  2172051103              1.54     0.016      0  01:59       0.074     0.000
  2172053602              1.87     0.055      0  02:00       0.323     0.000
  2172056305              0.01     0.013      0  00:06       0.000     0.000
  2172056406              1.92     0.095      0  01:59       0.581     0.000
  2172056603_             1.78     0.041      0  01:58       0.228     0.000
  2172057001              1.96     0.125      0  01:59       0.794     0.000
  2172057005              1.40     0.007      0  00:07       0.016     0.000
  2172058502              0.01     0.040      0  00:10       0.000     0.000
  2172058604              0.01     0.045      0  00:10       0.000     0.000
  2172058606              1.86     0.169      0  01:59       0.990     0.000
  2172058607              0.01     0.010      0  00:05       0.000     0.000
  2173030302              0.01     0.002      0  00:08       0.000     0.000
  2173030304              1.89     0.107      0  01:57       0.640     0.000
  2173030602              1.78     0.101      0  01:47       0.520     0.000
  2173030603              1.72     0.020      0  01:57       0.104     0.000
  2173030608              0.01     0.021      0  00:08       0.000     0.000
  2173030703              0.01     0.153      0  00:21       0.000     0.000
  2173031401              0.01     0.088      0  01:34       0.001     0.000
  2173031701              1.87     0.159      0  01:38       1.002     0.000
  2173031702              1.88     0.109      0  02:00       0.712     0.000
  2173031705              1.82     0.074      0  01:56       0.419     0.000
  2173031706              0.01     0.063      0  00:10       0.000     0.000
  2173031804              0.01     0.089      0  00:10       0.000     0.000
  2173031805              0.01     0.178      0  00:10       0.000     0.000
  2173031807              0.01     0.137      0  00:10       0.002     0.000
  2173036604              0.01     0.004      0  00:09       0.000     0.000
  2173036701              0.01     0.011      0  00:09       0.000     0.000
  2173036702              0.01     0.006      0  00:09       0.000     0.000
  2173036703              0.01     0.021      0  00:09       0.000     0.000
  2173045306              0.01     0.000      0  01:47       0.000     0.000
  2173046402              1.84     0.180      0  01:58       1.042     0.000
  2173046403              0.01     0.037      0  00:09       0.000     0.000
  2173046404              0.01     0.040      0  00:09       0.000     0.000
  2173046405              0.01     0.050      0  00:09       0.000     0.000
  2173046603              0.01     0.021      0  00:21       0.000     0.000
  2173047001              0.01     0.026      0  00:14       0.000     0.000
  2173047101              1.62     0.050      0  01:57       0.196     0.000
  2173047102              1.79     0.157      0  01:57       0.921     0.000
  2173047504              0.01     0.010      0  00:21       0.000     0.000
  2173047602              0.01     0.053      0  00:21       0.000     0.000
  2173048001              0.01     0.042      0  00:14       0.000     0.000
  2173048002              0.01     0.012      0  00:14       0.000     0.000
  2173048004              0.01     0.014      0  00:14       0.000     0.000
  2173048101              0.01     0.020      0  00:14       0.000     0.000
  2173048602              1.68     0.161      0  01:59       0.861     0.000
  2173048604              1.67     0.181      0  01:56       0.966     0.000
  2173048705              0.01     0.036      0  00:09       0.000     0.000
  2173049204              0.01     0.007      0  00:10       0.000     0.000
  2173049206              0.01     0.059      0  00:10       0.000     0.000
  2173049602              0.01     0.005      0  00:16       0.000     0.000
  2173049603              0.01     0.010      0  00:15       0.000     0.000
  2173049702              0.01     0.038      0  00:16       0.000     0.000
  2173049803              0.01     0.054      0  00:09       0.000     0.000
  2173049805              0.01     0.092      0  00:16       0.000     0.000
  2173049903              1.45     0.082      0  00:07       0.012     0.000
  2173054506              0.01     0.120      0  00:07       0.000     0.000
  2173054512              0.01     0.035      0  00:08       0.000     0.000
  2173058301              1.71     0.021      0  01:48       0.109     0.000
  2173058401              1.97     0.103      0  02:00       0.683     0.000
  2173058402              0.01     0.002      0  00:05       0.000     0.000
  2173059005              1.88     0.277      0  01:54       1.676     0.000
  2173059007              0.01     0.001      0  00:10       0.000     0.000
  2173059401              1.96     0.133      0  01:59       0.881     0.000
  2173059402              1.93     0.083      0  01:57       0.514     0.000
  2173059403              1.65     0.033      0  01:54       0.162     0.000
  2173059407              1.93     0.389      0  02:00       2.482     0.000
  2173059501              0.01     0.016      0  00:05       0.000     0.000
  2173059504              1.92     0.424      0  01:55       2.754     0.000
  2173059505              1.63     0.114      0  01:54       0.578     0.000
  2174040102              1.59     0.041      0  01:54       0.197     0.000
  2174040104              1.66     0.069      0  01:56       0.365     0.000
  2174040201              0.01     0.033      0  00:09       0.000     0.000
  2174040202              0.01     0.117      0  00:09       0.000     0.000
  2174040203              0.01     0.014      0  00:10       0.000     0.000
  2174040204              0.01     0.246      0  00:10       0.002     0.000
  2174040502              0.01     0.039      0  00:14       0.000     0.000
  2174040601              0.01     0.033      0  00:14       0.000     0.000
  2174040602              0.01     0.022      0  00:14       0.000     0.000
  2174040603              0.01     0.014      0  00:14       0.000     0.000
  2174040701              0.01     0.004      0  00:15       0.000     0.000
  2174040702              0.01     0.048      0  00:15       0.000     0.000
  2174040703              1.78     0.044      0  02:00       0.260     0.000
  2174040704              0.01     0.011      0  00:14       0.000     0.000
  2174040706              1.76     0.071      0  01:58       0.387     0.000
  2174041102              1.58     0.018      0  01:52       0.078     0.000
  2174041104              0.01     0.124      0  00:09       0.000     0.000
  2174041105              0.01     0.159      0  00:10       0.001     0.000
  2174041201              1.90     0.589      0  01:59       3.807     0.000
  2174041202              0.01     0.002      0  00:09       0.000     0.000
  2174041205              1.86     0.066      0  01:59       0.396     0.000
  2174041206              0.01     0.143      0  00:09       0.000     0.000
  2174041207              0.01     0.050      0  00:09       0.000     0.000
  2174041208              1.87     0.161      0  00:11       0.698     0.000
  2174042201              0.01     0.122      0  00:10       0.001     0.000
  2174042202              0.01     0.229      0  00:10       0.001     0.000
  2174042203              0.01     0.264      0  00:10       0.001     0.000
  2174042403              0.01     0.134      0  00:11       0.002     0.000
  2174042404              0.01     0.052      0  00:11       0.000     0.000
  2174042501              0.01     0.142      0  00:11       0.000     0.000
  2174042502              0.01     0.047      0  00:10       0.000     0.000
  2174042604              1.84     0.094      0  01:56       0.546     0.000
  2174042605              1.84     0.153      0  01:54       0.910     0.000
  2174042704              1.33     0.013      0  01:43       0.016     0.000
  2174042906              0.01     0.072      0  00:12       0.000     0.000
  2174043802              0.02     0.013      0  00:12       0.000     0.000
  2174050003              0.01     0.017      0  00:10       0.000     0.000
  2174050105              0.01     0.072      0  00:08       0.000     0.000
  2174050106              0.01     0.029      0  00:09       0.000     0.000
  2174050401              0.01     0.041      0  00:08       0.000     0.000
  2174050504              0.01     0.099      0  00:08       0.000     0.000
  2174050506              0.01     0.102      0  00:08       0.000     0.000
  2174050507              0.01     0.084      0  00:07       0.000     0.000
  2174050508              0.01     0.148      0  00:08       0.000     0.000
  2174050509              0.01     0.073      0  00:08       0.001     0.000
  2174050510              0.01     0.135      0  00:08       0.000     0.000
  2174050511              0.01     0.195      0  00:08       0.001     0.000
  2174051101              0.01     0.041      0  00:10       0.000     0.000
  2174051602              0.01     0.034      0  00:07       0.000     0.000
  2174051603              0.01     0.081      0  00:07       0.000     0.000
  2174051604              0.01     0.057      0  00:07       0.000     0.000
  2174051701              0.01     0.029      0  00:07       0.000     0.000
  2174052002              1.63     0.049      0  01:54       0.250     0.000
  2174052004              1.61     0.020      0  01:53       0.098     0.000
  
  
  ***********************
  Outfall Loading Summary
  ***********************
  
  -----------------------------------------------------------
                         Flow       Avg       Max       Total
                         Freq      Flow      Flow      Volume
  Outfall Node           Pcnt       CMS       CMS    10^6 ltr
  -----------------------------------------------------------
  2171039205            98.85     1.485     2.620      15.826
  2171039208            99.68     2.351     3.824      25.265
  2171039210            99.96     0.485     0.748       5.230
  2171039211            99.96     0.097     0.150       1.046
  2172030502            99.91     0.243     0.374       2.615
  2172031804            99.94     0.194     0.299       2.092
  2172034807            99.51     1.627     2.468      17.459
  2172035801            99.63     1.189     1.870      12.777
  2172037003            99.21     0.200     0.318       2.143
  2172037104            99.91     1.171     1.810      12.611
  2172038705            99.95     0.243     0.374       2.615
  2172039702            99.96     0.534     0.823       5.754
  2172040012            99.95     0.049     0.075       0.523
  2172040705            99.92     0.243     0.374       2.615
  2172040801            99.96     0.049     0.075       0.523
  2172040901            99.94     0.049     0.075       0.523
  2172041706            99.94     0.049     0.075       0.523
  2172041906            99.92     0.097     0.150       1.046
  2172042603            99.97     0.146     0.224       1.569
  2172042903            99.89     0.049     0.075       0.523
  2172043601            99.96     0.139     0.209       1.496
  2172044406            99.95     0.243     0.374       2.615
  2172052104            99.99     0.236     0.358       2.541
  2172054508            99.93     0.206     0.315       2.220
  2172054511            99.96     0.249     0.378       2.687
  2172055003            99.94     0.146     0.224       1.569
  2172055602            99.97     0.049     0.075       0.523
  2172056304            99.95     0.146     0.224       1.569
  2172056701            99.96     0.194     0.299       2.092
  2172057103            99.89     0.049     0.075       0.523
  2172057401            99.93     0.243     0.374       2.615
  2172057601_           99.94     0.097     0.150       1.046
  2172059602            99.95     0.049     0.075       0.523
  2173030102            99.97     0.049     0.075       0.523
  2173032501            99.92     0.043     0.065       0.461
  2173036601            99.95     0.291     0.449       3.138
  2173037501            99.94     0.340     0.524       3.662
  2173041203            99.78     0.389     0.598       4.181
  2173042201            99.90     0.097     0.150       1.046
  2173042202            99.93     0.049     0.075       0.523
  2173042402            99.64     1.847     2.812      19.843
  2173042404            99.93     0.243     0.374       2.615
  2173042407            99.93     0.243     0.374       2.615
  2173043001            99.88     0.097     0.150       1.046
  2173043202            99.89     0.194     0.299       2.091
  2173043502            99.93     0.194     0.299       2.092
  2173043505            99.94     0.291     0.449       3.138
  2173045601            99.94     0.146     0.224       1.569
  2173046003            99.97     0.388     0.598       4.184
  2173046102            99.96     0.576     0.854       6.206
  2173046202            99.92     0.146     0.224       1.569
  2173046704            99.91     0.097     0.150       1.046
  2173047202            99.96     0.485     0.755       5.231
  2173047204            99.94     0.049     0.075       0.523
  2173048301            99.95     0.388     0.598       4.184
  2173049504            99.95     0.146     0.224       1.569
  2173050602            99.93     0.291     0.449       3.138
  2173052603            99.95     0.437     0.673       4.707
  2173054701            99.66     0.555     0.890       5.968
  2173054702            99.88     0.606     0.905       6.522
  2173055701            99.57     3.784     5.901      40.628
  2173057003            99.90     1.522     2.347      16.392
  2173057105            99.94     0.146     0.224       1.569
  2173058004            99.94     0.079     0.121       0.854
  2173058104            99.94     0.194     0.299       2.093
  2173058202            99.94     0.146     0.224       1.569
  2173058302            99.93     0.146     0.224       1.569
  2173058304            99.96     0.506     0.727       5.454
  2173059101            99.94     0.097     0.150       1.046
  2174030104            99.97     0.049     0.075       0.523
  2174031409            99.97     0.146     0.224       1.569
  2174032603            99.96     0.146     0.224       1.569
  2174034201            99.94     0.437     0.673       4.707
  2174034202            99.94     0.291     0.449       3.136
  2174034203            99.94     0.243     0.374       2.614
  2174034301            99.95     0.097     0.150       1.046
  2174040003            99.93     0.291     0.449       3.138
  2174040903            99.97     0.388     0.598       4.184
  2174043204            99.99     0.049     0.075       0.523
  2174050201            99.94     0.291     0.449       3.138
  2174050302            99.91     0.097     0.150       1.046
  2174050402            99.97     0.291     0.449       3.139
  2174050403            99.95     0.146     0.224       1.569
  2174050701            99.91     1.066     1.564      11.481
  2174052502            99.94     0.194     0.299       2.092
  2174052703            99.94     0.097     0.150       1.046
  2174053208            99.93     0.146     0.224       1.569
  2174054001            99.92     0.291     0.449       3.138
  2174054301            99.97     0.194     0.299       2.092
  2171049803_OUT        99.98     0.243     0.374       2.615
  2172038505_OUT        99.98     0.630     0.972       6.797
  2172038509_OUT        99.98     1.043     1.752      11.246
  2172039202_OUT        99.98     0.426     0.641       4.590
  2172039304_OUT        99.96     0.485     0.846       5.232
  2172043605_OUT        99.96     0.661     1.077       7.129
  2172043606_OUT        99.94     0.263     0.393       2.837
  2172043905_OUT        99.92     1.157     1.775      12.466
  2172044706_OUT        99.95     0.912     1.359       9.826
  2172045701_OUT        99.98     0.393     0.615       4.239
  2172052105_OUT        99.98     0.679     1.047       7.324
  2172056405_OUT        99.94     0.464     0.707       5.003
  2172057101_OUT        99.98     0.265     0.395       2.852
  2172057309_OUT        99.98     0.825     1.233       8.890
  2172059301_OUT        99.98     0.388     0.600       4.185
  2173031302_OUT        99.98     1.025     1.580      11.046
  2173031402_OUT        99.96     0.388     0.641       4.178
  2173033601_OUT        99.98     0.485     0.780       5.231
  2173035301_OUT        99.98     0.437     0.673       4.708
  2173047701_OUT        99.98     0.812     1.237       8.757
  2173048204_OUT        99.98     2.493     3.741      26.873
  2173059104_OUT        99.98     0.717     1.067       7.725
  2174041502_OUT        99.98     0.582     0.898       6.277
  2174041801_OUT        99.98     0.619     0.932       6.674
  2174042901_OUT        99.98     1.336     2.320      14.406
  2174052402_OUT        99.98     0.922     1.421       9.938
  2174053507_OUT        99.98     0.922     1.421       9.938
  -----------------------------------------------------------
  System                99.91    52.408    80.878     564.171
  
  
  ********************
  Link Flow Summary
  ********************
  
  -----------------------------------------------------------------------------
                                 Maximum  Time of Max   Maximum    Max/    Max/
                                  |Flow|   Occurrence   |Veloc|    Full    Full
  Link                 Type          CMS  days hr:min     m/sec    Flow   Depth
  -----------------------------------------------------------------------------
  17233                CONDUIT     0.075     0  02:00      1.63    0.11    0.22
  17239                CONDUIT     0.204     0  00:10      1.28    1.54    1.00
  17240                CONDUIT     0.152     0  02:02      0.96    1.15    1.00
  17241                CONDUIT     0.101     0  02:02      0.64    0.76    1.00
  17242                CONDUIT     0.051     0  02:02      0.42    0.38    1.00
  17248                CONDUIT     0.236     0  01:32      1.17    1.14    1.00
  17250                CONDUIT     0.313     0  01:36      1.56    1.50    1.00
  17252                CONDUIT     0.722     0  00:11      2.55    2.13    1.00
  17253                CONDUIT     0.270     0  00:39      0.96    0.55    1.00
  17254                CONDUIT     0.667     0  00:11      2.36    1.97    1.00
  17255                CONDUIT     1.167     0  01:41      2.01    1.50    0.86
  17256                CONDUIT     1.086     0  01:48      1.73    1.40    0.96
  17257                CONDUIT     0.345     0  01:32      1.22    0.69    1.00
  17259                CONDUIT     0.691     0  02:01      1.25    0.89    0.98
  17260                CONDUIT     0.161     0  01:32      0.82    0.77    1.00
  17263                CONDUIT     0.612     0  00:11      2.16    1.82    1.00
  17264                CONDUIT     0.557     0  00:11      1.97    1.64    1.00
  17265                CONDUIT     0.502     0  00:11      1.77    1.48    1.00
  17266                CONDUIT     0.447     0  00:11      1.58    1.32    1.00
  17267                CONDUIT     0.618     0  02:01      1.16    0.80    0.96
  17269                CONDUIT     0.547     0  02:01      1.07    0.82    0.92
  17270                CONDUIT     0.394     0  02:03      1.39    1.17    1.00
  17271                CONDUIT     0.350     0  02:03      1.24    1.03    1.00
  17272                CONDUIT     0.524     0  01:59      1.91    0.93    1.00
  17273                CONDUIT     0.084     0  02:00      0.91    0.28    1.00
  17274                CONDUIT     0.449     0  02:00      1.77    0.90    1.00
  17275                CONDUIT     0.242     0  00:21      1.11    0.32    1.00
  17276                CONDUIT     0.277     0  00:21      1.21    0.43    1.00
  17277                CONDUIT     0.160     0  02:00      1.04    0.68    1.00
  17278                CONDUIT     0.090     0  02:00      0.73    0.13    1.00
  17279                CONDUIT     0.673     0  02:00      1.70    0.75    0.60
  17280                CONDUIT     0.598     0  02:00      1.80    0.49    0.52
  17290                CONDUIT     0.309     0  02:00      1.61    1.29    0.64
  17291                CONDUIT     1.197     0  02:00      3.91    0.44    0.49
  17292                CONDUIT     0.234     0  02:00      1.11    0.99    0.70
  17293                CONDUIT     0.159     0  02:00      0.74    0.68    0.71
  17294                CONDUIT     1.122     0  02:00      3.95    0.41    0.46
  17295                CONDUIT     0.409     0  01:58      2.55    1.98    0.81
  17297                CONDUIT     0.151     0  01:33      1.35    0.98    0.68
  17298                CONDUIT     0.084     0  02:00      0.43    0.36    0.65
  17299                CONDUIT     0.009     0  02:00      0.22    0.04    0.21
  17300                CONDUIT     0.087     0  00:38      0.58    0.42    0.98
  17304                CONDUIT     0.075     0  01:48      0.69    0.49    0.65
  17307                CONDUIT     0.472     0  02:01      0.98    0.61    0.88
  17308                CONDUIT     0.306     0  02:03      1.08    0.91    1.00
  17309                CONDUIT     0.265     0  00:24      1.13    0.70    1.00
  17310                CONDUIT     0.385     0  02:01      0.91    0.49    0.79
  17311                CONDUIT     0.309     0  02:02      0.81    0.40    0.74
  17312                CONDUIT     0.300     0  00:24      1.12    0.88    1.00
  17313                CONDUIT     0.299     0  01:56      1.06    0.89    1.00
  17314                CONDUIT     0.238     0  02:02      0.71    0.31    0.69
  17315                CONDUIT     0.152     0  01:35      0.67    0.20    0.59
  17316                CONDUIT     0.075     0  02:00      1.00    0.14    0.31
  17317                CONDUIT     0.150     0  02:00      1.60    0.29    0.37
  17318                CONDUIT     0.150     0  02:00      1.96    0.22    0.32
  17319                CONDUIT     0.225     0  01:58      0.95    0.67    1.00
  17320                CONDUIT     0.150     0  01:48      0.80    0.44    1.00
  17321                CONDUIT     0.075     0  02:00      1.19    0.12    0.27
  17322                CONDUIT     0.139     0  00:10      0.58    0.41    1.00
  17323                CONDUIT     0.524     0  02:00      1.77    0.34    0.47
  17324                CONDUIT     0.449     0  02:00      1.80    0.31    0.42
  17325                CONDUIT     0.374     0  02:00      1.76    0.23    0.37
  17334                CONDUIT     1.047     0  02:00      3.88    0.39    0.44
  17335                CONDUIT     0.972     0  02:00      3.00    0.64    0.51
  17338                CONDUIT     0.898     0  02:00      2.43    0.55    0.56
  17339                CONDUIT     0.374     0  02:00      1.78    1.08    0.70
  17340                CONDUIT     0.449     0  02:00      2.66    0.21    0.31
  17341                CONDUIT     0.065     0  02:00      0.94    0.28    0.29
  17352                CONDUIT     0.077     0  01:35      0.47    0.12    0.51
  17372                CONDUIT     0.374     0  02:00      1.97    0.29    0.34
  17373                CONDUIT     0.299     0  02:00      1.50    0.23    0.35
  17375                CONDUIT     0.224     0  02:00      2.81    0.07    0.18
  17378                CONDUIT     0.150     0  02:00      2.15    0.05    0.17
  17379                CONDUIT     0.299     0  02:00      1.37    0.86    0.72
  17380                CONDUIT     0.224     0  02:00      1.11    0.64    0.67
  17381                CONDUIT     0.150     0  02:00      0.91    0.43    0.57
  17384                CONDUIT     0.075     0  02:00      0.66    0.21    0.43
  17386                CONDUIT     0.075     0  02:00      0.93    0.24    0.33
  17388                CONDUIT     0.150     0  02:00      1.31    0.23    0.42
  17390                CONDUIT     0.150     0  02:00      1.77    0.39    0.42
  17391                CONDUIT     0.075     0  02:00      1.05    0.23    0.35
  17392                CONDUIT     0.560     0  01:58      2.81    1.22    0.67
  17393                CONDUIT     0.452     0  01:59      1.85    0.99    0.82
  17409                CONDUIT     0.075     0  02:00      1.23    0.05    0.15
  17410                CONDUIT     0.075     0  01:46      0.90    0.32    1.00
  17411                CONDUIT     0.150     0  01:49      1.17    0.63    1.00
  17412                CONDUIT     0.224     0  01:50      1.41    0.95    1.00
  17413                CONDUIT     0.299     0  01:57      1.88    1.27    1.00
  17415                CONDUIT     0.374     0  01:49      2.35    1.59    1.00
  17416                CONDUIT     0.449     0  01:59      3.23    1.91    0.82
  17419                CONDUIT     0.224     0  01:59      1.56    0.57    0.51
  17420                CONDUIT     0.299     0  01:59      1.70    0.44    0.60
  17421                CONDUIT     0.374     0  01:59      1.64    0.80    0.75
  17429                CONDUIT     0.075     0  02:00      1.69    0.15    0.32
  17430                CONDUIT     0.150     0  02:00      1.42    0.81    0.63
  17431                CONDUIT     0.075     0  02:00      0.83    0.41    0.55
  17432                CONDUIT     0.150     0  02:00      2.31    0.31    0.43
  17433                CONDUIT     0.224     0  02:00      2.69    0.46    0.52
  17439                CONDUIT     0.299     0  02:00      2.95    0.61    0.61
  17440                CONDUIT     0.449     0  02:00      2.04    0.43    0.73
  17441                CONDUIT     0.524     0  02:00      1.96    1.61    0.89
  17442                CONDUIT     0.374     0  02:00      3.39    0.76    0.65
  17444                CONDUIT     0.449     0  01:57      2.84    2.99    0.98
  17445                CONDUIT     0.374     0  01:57      2.35    2.48    1.00
  17446                CONDUIT     0.299     0  01:55      1.88    1.98    1.00
  17447                CONDUIT     0.224     0  01:57      1.41    1.96    1.00
  17448                CONDUIT     0.150     0  01:57      0.94    1.27    1.00
  17449                CONDUIT     0.075     0  01:58      0.47    0.67    1.00
  17461                CONDUIT     0.075     0  02:00      0.95    0.15    0.32
  17463                CONDUIT     0.150     0  02:00      1.27    0.30    0.44
  17464                CONDUIT     0.524     0  02:00      2.05    0.37    0.42
  17477                CONDUIT     0.224     0  02:00      1.44    0.46    0.54
  17480                CONDUIT     0.449     0  02:00      1.84    0.32    0.41
  17481                CONDUIT     0.299     0  02:00      1.61    0.60    0.62
  17482                CONDUIT     0.374     0  02:00      1.92    0.76    0.65
  17483                CONDUIT     0.095     0  02:01      0.88    0.32    0.89
  17484                CONDUIT     0.170     0  02:02      1.19    0.58    1.00
  17500                CONDUIT     0.228     0  02:02      1.34    0.77    1.00
  17504                CONDUIT     0.823     0  02:00      2.10    0.61    0.66
  17505                CONDUIT     0.748     0  02:00      1.82    0.78    0.63
  17506                CONDUIT     0.374     0  02:00      0.78    0.59    0.59
  17507                CONDUIT     0.449     0  02:00      0.95    0.72    0.58
  17508                CONDUIT     0.100     0  00:24      0.42    0.09    1.00
  17523                CONDUIT     0.299     0  02:00      0.78    0.61    0.59
  17524                CONDUIT     0.224     0  02:00      0.60    0.45    0.58
  17525                CONDUIT     0.075     0  02:00      0.55    0.65    0.80
  17526                CONDUIT     0.150     0  02:00      1.21    1.30    0.73
  17527                CONDUIT     0.150     0  02:00      0.43    0.30    0.55
  17528                CONDUIT     0.524     0  02:00      1.19    0.84    0.54
  17529                CONDUIT     0.598     0  02:00      1.64    0.94    0.45
  17532                CONDUIT     0.224     0  01:58      0.70    0.19    0.32
  17533                CONDUIT     0.326     0  02:02      0.34    0.03    0.30
  17534                CONDUIT     0.453     0  02:02      0.27    0.05    0.32
  17536                CONDUIT     0.546     0  02:02      0.38    0.06    0.32
  17544                CONDUIT     0.075     0  02:00      0.35    0.15    0.51
  17547                CONDUIT     0.075     0  02:00      1.04    0.50    0.46
  17554                CONDUIT     2.812     0  02:00      2.06    0.74    0.38
  17555                CONDUIT     0.150     0  01:58      0.44    0.04    0.30
  17557                CONDUIT     0.075     0  01:58      0.29    0.02    0.26
  17561                CONDUIT     0.374     0  02:00      1.66    1.32    0.74
  17563                CONDUIT     0.639     0  02:02      0.44    0.07    0.35
  17564                CONDUIT     3.433     0  01:58      0.99    0.39    0.35
  17565                CONDUIT     3.508     0  01:58      1.01    0.41    0.34
  17566                CONDUIT     3.582     0  01:59      1.04    0.41    0.34
  17573                CONDUIT     0.150     0  02:00      1.35    0.64    0.55
  17575                CONDUIT     0.075     0  02:00      0.77    0.32    0.48
  17580                CONDUIT     2.587     0  01:59      1.44    0.69    0.50
  17582                CONDUIT     2.737     0  01:59      1.74    0.72    0.44
  17583                CONDUIT     0.224     0  02:00      0.91    0.79    0.81
  17584                CONDUIT     2.662     0  01:59      1.56    0.71    0.48
  17585                CONDUIT     0.150     0  02:00      0.66    0.53    0.76
  17586                CONDUIT     0.075     0  02:00      0.46    0.26    0.67
  17587                CONDUIT     0.299     0  02:00      1.20    1.05    0.83
  17588                CONDUIT     0.374     0  02:00      1.66    1.33    0.74
  17589                CONDUIT     0.299     0  02:00      1.19    1.07    0.83
  17590                CONDUIT     0.224     0  02:00      0.91    0.80    0.82
  17591                CONDUIT     0.224     0  02:00      1.07    0.74    0.69
  17592                CONDUIT     0.150     0  02:00      0.65    0.53    0.76
  17596                CONDUIT     0.299     0  02:00      1.53    0.99    0.65
  17598                CONDUIT     0.449     0  02:00      1.90    1.65    0.78
  17599                CONDUIT     2.835     0  01:54      2.33    1.67    0.85
  17600                CONDUIT     3.657     0  01:59      1.08    0.43    0.33
  17601                CONDUIT     3.732     0  01:59      1.12    0.45    0.33
  17604                CONDUIT     0.075     0  02:00      0.39    0.60    0.96
  17605                CONDUIT     0.150     0  02:00      0.77    1.21    0.98
  17606                CONDUIT     0.224     0  02:00      1.37    1.79    0.81
  17609                CONDUIT     0.374     0  01:56      0.57    0.23    0.35
  17611                CONDUIT     0.299     0  02:00      1.37    1.11    0.61
  17612                CONDUIT     1.839     0  01:54      1.15    0.23    0.45
  17613                CONDUIT     1.765     0  01:53      1.36    0.22    0.37
  17615                CONDUIT     0.793     0  01:53      2.84    2.69    0.96
  17616                CONDUIT     2.512     0  01:58      1.40    0.34    0.50
  17618                CONDUIT     0.598     0  01:59      2.20    2.18    0.92
  17619                CONDUIT     0.524     0  01:59      1.85    1.89    1.00
  17620                CONDUIT     0.075     0  01:59      0.51    0.46    1.00
  17621                CONDUIT     0.449     0  01:59      1.59    1.64    1.00
  17622                CONDUIT     0.309     0  02:01      1.10    0.53    1.00
  17623                CONDUIT     0.075     0  02:00      0.42    0.27    0.69
  17624                CONDUIT     0.150     0  02:00      0.81    0.49    0.62
  17625                CONDUIT     0.075     0  02:00      0.55    0.25    0.51
  17626                CONDUIT     0.075     0  01:59      1.28    0.22    0.63
  17627                CONDUIT     0.246     0  02:01      1.48    0.43    0.92
  17628                CONDUIT     0.150     0  02:00      0.60    0.54    0.86
  17630                CONDUIT     0.374     0  02:00      1.42    1.36    0.88
  17632                CONDUIT     0.299     0  02:00      1.09    1.09    0.93
  17633                CONDUIT     2.612     0  01:42      1.45    2.09    1.00
  17634                CONDUIT     0.224     0  02:00      0.84    0.81    0.91
  17635                CONDUIT     2.537     0  01:57      1.41    2.09    1.00
  17636                CONDUIT     2.761     0  01:54      1.94    1.62    1.00
  17637                CONDUIT     2.686     0  01:54      1.87    1.59    1.00
  17644                CONDUIT     0.449     0  01:59      0.69    0.28    0.35
  17645                CONDUIT     0.299     0  02:00      0.47    0.18    0.34
  17646                CONDUIT     0.224     0  01:57      0.36    0.14    0.33
  17647                CONDUIT     0.150     0  01:56      0.26    0.09    0.32
  17648                CONDUIT     0.075     0  01:56      0.17    0.05    0.31
  17652                CONDUIT     0.898     0  01:58      1.51    0.31    0.35
  17653                CONDUIT     0.823     0  02:00      1.34    0.29    0.35
  17655                CONDUIT     0.718     0  01:53      2.54    2.40    1.00
  17656                CONDUIT     0.748     0  01:59      1.19    0.35    0.35
  17658                CONDUIT     0.643     0  01:53      2.27    2.17    1.00
  17661                CONDUIT     0.224     0  02:00      1.22    1.16    0.62
  17662                CONDUIT     0.568     0  01:26      2.01    1.90    1.00
  17663                CONDUIT     0.508     0  00:12      1.79    1.70    1.00
  17664                CONDUIT     0.451     0  00:12      1.59    1.52    1.00
  17665                CONDUIT     0.394     0  00:12      1.39    1.31    1.00
  17666                CONDUIT     0.338     0  02:01      1.19    1.14    1.00
  17667                CONDUIT     0.281     0  02:01      0.99    0.94    1.00
  17669                CONDUIT     0.082     0  02:01      0.81    0.15    0.59
  17670                CONDUIT     0.075     0  02:00      0.46    0.27    0.77
  17671                CONDUIT     2.462     0  01:54      1.37    2.04    1.00
  17672                CONDUIT     2.387     0  01:54      1.33    2.03    1.00
  17673                CONDUIT     2.313     0  01:32      1.28    1.93    1.00
  17675                CONDUIT     0.374     0  01:31      1.59    1.29    1.00
  17676                CONDUIT     0.299     0  01:48      1.19    1.03    1.00
  17679                CONDUIT     0.224     0  02:00      1.43    0.75    0.54
  17680                CONDUIT     0.150     0  02:00      0.93    0.50    0.55
  17682                CONDUIT     0.299     0  01:59      0.92    0.08    0.32
  17689                CONDUIT     0.854     0  01:40      3.05    1.52    0.97
  17691                CONDUIT     0.780     0  01:40      2.76    1.39    1.00
  17694                CONDUIT     0.224     0  02:00      1.34    1.01    0.57
  17695                CONDUIT     0.150     0  02:00      0.70    0.77    0.71
  17696                CONDUIT     1.882     0  00:22      1.05    0.74    1.00
  17697                CONDUIT     0.225     0  02:01      0.80    0.75    1.00
  17698                CONDUIT     0.224     0  01:51      0.79    0.77    1.00
  17699                CONDUIT     0.150     0  01:53      0.53    0.50    1.00
  17700                CONDUIT     0.075     0  01:59      0.40    0.25    1.00
  17701                CONDUIT     1.810     0  00:21      1.04    0.72    1.00
  17703                CONDUIT     1.735     0  00:22      1.09    0.68    1.00
  17705                CONDUIT     0.075     0  02:00      0.43    0.39    0.64
  17706                CONDUIT     0.374     0  01:56      1.45    1.61    1.00
  17707                CONDUIT     1.385     0  00:20      1.12    0.60    1.00
  17709                CONDUIT     1.310     0  00:20      2.23    1.89    1.00
  17710                CONDUIT     0.225     0  01:57      0.92    0.78    1.00
  17711                CONDUIT     0.075     0  02:00      0.56    0.25    0.48
  17712                CONDUIT     0.150     0  01:57      0.71    0.52    1.00
  17713                CONDUIT     0.080     0  02:01      0.54    0.28    1.00
  17720                CONDUIT     0.150     0  02:00      1.35    0.73    0.55
  17722                CONDUIT     0.075     0  02:00      0.72    0.36    0.51
  17726                CONDUIT     0.224     0  02:00      0.73    0.06    0.25
  17727                CONDUIT     0.150     0  02:00      0.48    0.08    0.23
  17731                CONDUIT     0.388     0  01:57      1.37    0.69    1.00
  17732                CONDUIT     0.598     0  02:00      2.11    0.43    0.46
  17733                CONDUIT     0.313     0  01:57      1.69    0.56    1.00
  17734                CONDUIT     0.244     0  02:00      1.57    0.43    0.99
  17735                CONDUIT     0.235     0  01:56      1.34    0.42    0.69
  17736                CONDUIT     0.431     0  00:15      1.52    1.31    1.00
  17737                CONDUIT     0.369     0  00:15      1.31    1.12    1.00
  17738                CONDUIT     0.755     0  01:10      2.71    1.44    0.96
  17739                CONDUIT     0.374     0  01:57      1.32    1.14    1.00
  17740                CONDUIT     0.679     0  01:10      2.40    1.30    1.00
  17745                CONDUIT     0.150     0  02:00      0.80    0.69    0.63
  17746                CONDUIT     0.075     0  02:00      0.45    0.34    0.57
  17750                CONDUIT     1.241     0  00:20      1.95    1.77    1.00
  17753                CONDUIT     0.299     0  01:56      1.06    1.28    1.00
  17754                CONDUIT     0.225     0  01:50      0.79    0.96    1.00
  17755                CONDUIT     1.174     0  00:20      1.85    1.68    1.00
  17756                CONDUIT     0.150     0  01:57      0.55    0.64    1.00
  17757                CONDUIT     1.109     0  00:19      1.74    1.59    1.00
  17758                CONDUIT     1.044     0  00:20      1.64    1.50    1.00
  17759                CONDUIT     0.639     0  01:45      2.26    4.02    1.00
  17760                CONDUIT     0.075     0  01:59      0.41    0.32    1.00
  17761                CONDUIT     0.564     0  01:52      1.99    3.54    1.00
  17762                CONDUIT     0.978     0  00:19      1.54    1.40    1.00
  17764                CONDUIT     0.449     0  01:58      1.99    1.48    0.76
  17765                CONDUIT     0.713     0  02:00      2.82    4.49    0.84
  17766                CONDUIT     0.374     0  01:59      1.45    1.23    0.88
  17767                CONDUIT     0.075     0  02:00      0.84    0.18    0.35
  17768                CONDUIT     0.150     0  02:00      1.11    0.36    0.48
  17769                CONDUIT     0.224     0  02:00      1.27    0.55    0.60
  17770                CONDUIT     0.299     0  01:59      1.14    0.99    0.90
  17771                CONDUIT     0.224     0  02:00      0.93    0.74    0.83
  17773                CONDUIT     0.299     0  02:00      1.42    0.73    0.70
  17774                CONDUIT     0.374     0  01:59      1.73    0.91    0.74
  17775                CONDUIT     2.273     0  01:58      2.24    0.64    0.38
  17777                CONDUIT     0.075     0  01:59      0.54    0.23    1.00
  17778                CONDUIT     0.150     0  01:58      0.78    0.45    1.00
  17779                CONDUIT     0.075     0  02:00      1.03    0.13    0.41
  17780                CONDUIT     0.225     0  01:58      0.92    0.68    1.00
  17781                CONDUIT     0.175     0  01:00      1.06    0.23    0.71
  17782                CONDUIT     0.183     0  02:01      1.26    0.37    1.00
  17783                CONDUIT     0.263     0  02:01      1.19    0.54    1.00
  17784                CONDUIT     0.323     0  02:01      1.42   10.45    1.00
  17785                CONDUIT     0.299     0  01:57      1.06    0.91    1.00
  17786                CONDUIT     0.604     0  01:10      2.14    1.15    1.00
  17787                CONDUIT     0.528     0  01:17      1.87    1.01    1.00
  17788                CONDUIT     0.453     0  01:09      1.78    0.87    1.00
  17790                CONDUIT     0.386     0  02:02      1.70    0.74    1.00
  17791                CONDUIT     0.075     0  02:00      1.02    0.07    0.13
  17797                CONDUIT     0.598     0  02:00      2.20    1.29    0.92
  17799                CONDUIT     0.524     0  02:00      1.85    1.13    1.00
  17802                CONDUIT     0.451     0  02:00      1.66    0.97    1.00
  17805                CONDUIT     0.524     0  01:55      1.85    1.45    1.00
  17807                CONDUIT     0.201     0  02:05      0.71    0.97    1.00
  17808                CONDUIT     0.913     0  00:19      1.43    1.30    1.00
  17809                CONDUIT     0.395     0  00:20      1.40    2.47    1.00
  17810                CONDUIT     0.449     0  01:50      1.04    1.05    1.00
  17811                CONDUIT     0.527     0  00:20      1.86    1.47    1.00
  17812                CONDUIT     0.374     0  01:54      1.32    2.36    1.00
  17813                CONDUIT     0.374     0  01:55      0.85    0.88    1.00
  17814                CONDUIT     0.299     0  01:54      1.06    1.90    1.00
  17815                CONDUIT     0.299     0  01:52      0.73    0.70    1.00
  17816                CONDUIT     0.225     0  01:49      0.79    1.39    1.00
  17817                CONDUIT     0.150     0  01:59      0.78    0.50    0.71
  17818                CONDUIT     0.075     0  01:59      0.57    0.25    0.58
  17819                CONDUIT     1.122     0  01:57      0.97    0.22    0.43
  17820                CONDUIT     1.674     0  01:58      1.55    0.38    0.41
  17821                CONDUIT     1.599     0  01:58      1.41    0.89    0.42
  17822                CONDUIT     1.525     0  01:58      1.28    0.58    0.44
  17824                CONDUIT     0.328     0  02:00      1.64    0.44    0.46
  17825                CONDUIT     0.299     0  01:59      1.48    1.02    1.00
  17826                CONDUIT     0.374     0  01:59      1.85    1.27    1.00
  17830                CONDUIT     1.572     0  01:57      3.59    2.16    0.97
  17831                CONDUIT     1.498     0  01:58      3.39    2.05    1.00
  17832                CONDUIT     1.280     0  00:21      2.90    1.58    1.00
  17833                CONDUIT     0.150     0  01:49      0.96    0.63    1.00
  17834                CONDUIT     1.214     0  00:21      2.75    1.50    1.00
  17835                CONDUIT     0.075     0  01:59      0.65    0.32    1.00
  17836                CONDUIT     0.075     0  01:50      0.80    0.22    1.00
  17837                CONDUIT     2.094     0  01:59      3.34    1.49    0.96
  17838                CONDUIT     2.020     0  01:59      3.17    1.44    1.00
  17839                CONDUIT     1.945     0  01:58      3.06    1.38    1.00
  17840                CONDUIT     1.870     0  01:59      2.94    1.33    1.00
  17841                CONDUIT     0.383     0  02:01      1.58    0.82    0.99
  17842                CONDUIT     0.302     0  02:00      1.49    0.65    0.85
  17843                CONDUIT     0.224     0  02:00      1.39    0.48    0.60
  17844                CONDUIT     0.150     0  02:00      1.19    0.32    0.46
  17845                CONDUIT     0.075     0  02:00      0.87    0.16    0.34
  17846                CONDUIT     0.449     0  01:57      1.59    1.25    1.00
  17850                CONDUIT     0.374     0  01:56      1.32    1.04    1.00
  17851                CONDUIT     0.299     0  01:56      1.14    0.83    1.00
  17852                CONDUIT     0.225     0  01:58      1.02    0.62    1.00
  17853                CONDUIT     0.225     0  01:56      0.63    0.52    1.00
  17854                CONDUIT     0.154     0  02:03      0.51    0.36    1.00
  17855                CONDUIT     0.150     0  01:54      0.53    0.95    1.00
  17856                CONDUIT     1.047     0  01:57      0.98    0.21    0.39
  17857                CONDUIT     0.075     0  01:57      0.30    0.47    1.00
  17858                CONDUIT     0.972     0  01:57      1.03    0.19    0.36
  17859                CONDUIT     0.075     0  01:33      0.40    0.17    1.00
  17860                CONDUIT     0.823     0  01:57      2.94    1.51    0.97
  17861                CONDUIT     0.748     0  01:57      2.65    1.37    1.00
  17862                CONDUIT     0.077     0  02:04      0.32    0.01    0.26
  17864                CONDUIT     0.253     0  02:00      1.38    0.34    0.43
  17865                CONDUIT     0.029     0  02:00      0.41    0.07    0.22
  17866                CONDUIT     0.150     0  02:00      1.12    0.37    0.34
  17867                CONDUIT     0.072     0  01:15      0.32    0.44    1.00
  17868                CONDUIT     0.075     0  02:00      0.53    0.19    0.35
  17869                CONDUIT     0.673     0  01:57      2.38    1.23    1.00
  17878                CONDUIT     0.075     0  02:00      0.98    0.35    0.49
  17879                CONDUIT     0.075     0  02:00      0.79    0.19    0.37
  17880                CONDUIT     0.150     0  02:00      1.07    0.38    0.50
  17881                CONDUIT     0.224     0  02:00      1.28    0.57    0.59
  17882                CONDUIT     0.449     0  02:00      1.97    1.40    0.84
  17889                CONDUIT     0.299     0  02:00      1.65    0.76    0.61
  17890                CONDUIT     0.374     0  02:00      1.35    0.47    0.54
  17891                CONDUIT     0.449     0  02:00      1.44    0.56    0.60
  17892                CONDUIT     0.524     0  02:00      1.54    0.66    0.64
  17914                CONDUIT     0.598     0  02:00      1.67    0.75    0.67
  17915                CONDUIT     0.673     0  02:00      1.94    0.85    0.65
  17937                CONDUIT     3.807     0  02:00      1.17    0.45    0.33
  17938                CONDUIT     3.882     0  02:00      1.23    0.48    0.32
  17939                CONDUIT     4.255     0  02:00      0.92    0.29    0.30
  17941                CONDUIT     0.075     0  01:53      0.38    0.47    1.00
  17942                CONDUIT     0.150     0  01:56      0.74    1.38    1.00
  17943                CONDUIT     0.224     0  01:57      0.65    1.01    1.00
  17945                CONDUIT     0.299     0  01:55      0.97    1.04    1.00
  17947                CONDUIT     0.377     0  02:00      0.82    0.36    1.00
  17948                CONDUIT     0.449     0  02:00      0.75    0.61    1.00
  17949                CONDUIT     0.524     0  01:58      0.87    0.57    1.00
  17973                CONDUIT     4.330     0  02:00      0.95    0.29    0.30
  17974                CONDUIT     4.405     0  01:58      0.97    0.31    0.29
  17975                CONDUIT     4.480     0  01:58      1.01    0.31    0.29
  17976                CONDUIT     4.554     0  01:58      1.05    0.31    0.28
  17977                CONDUIT     4.629     0  01:59      1.10    0.33    0.28
  17983                CONDUIT     0.075     0  02:00      0.99    0.10    0.21
  17985                CONDUIT     0.673     0  01:58      1.12    3.68    1.00
  17986                CONDUIT     0.224     0  02:00      0.69    0.02    0.07
  17987                CONDUIT     0.075     0  02:00      0.84    0.37    0.55
  17988                CONDUIT     0.907     0  01:57      1.51    3.97    1.00
  17989                CONDUIT     0.148     0  00:09      1.10    0.21    0.46
  17990                CONDUIT     0.150     0  02:00      1.47    0.75    0.61
  17991                CONDUIT     0.084     0  01:55      0.43    0.82    0.46
  17993                CONDUIT     0.599     0  01:58      1.00    0.65    1.00
  17994                CONDUIT     0.019     0  02:00      0.93    0.08    0.19
  17995                CONDUIT     0.056     0  02:00      0.85    0.20    0.45
  17998                CONDUIT     0.131     0  02:00      1.20    0.48    0.65
  17999                CONDUIT     0.206     0  02:00      1.51    0.75    0.80
  18000                CONDUIT     0.280     0  02:00      2.00    1.03    0.82
  18001                CONDUIT     0.815     0  01:59      1.77    0.36    0.56
  18002                CONDUIT     0.460     0  01:58      3.45    0.25    0.34
  18003                CONDUIT     0.755     0  01:58      1.53    0.61    0.60
  18004                CONDUIT     0.159     0  01:58      0.82    0.43    0.46
  18005                CONDUIT     0.117     0  01:55      1.66    1.75    1.00
  18006                CONDUIT     0.116     0  01:55      1.64    1.72    1.00
  18007                CONDUIT     0.830     0  01:59      1.69    0.68    0.60
  18008                CONDUIT     0.890     0  01:59      1.74    2.51    0.62
  18009                CONDUIT     0.905     0  01:59      1.99    0.74    0.55
  18010                CONDUIT     0.150     0  02:00      0.86    0.28    0.15
  18026                CONDUIT     4.704     0  01:59      1.16    0.33    0.27
  18029                CONDUIT     0.299     0  02:00      1.14    0.03    0.08
  18031                CONDUIT     4.779     0  01:59      1.22    0.32    0.26
  18032                CONDUIT     4.855     0  02:01      1.25    0.10    0.26
  18033                CONDUIT     5.302     0  02:00      1.36    1.91    0.30
  18034                CONDUIT     5.676     0  02:00      1.54    1.01    0.28
  18035                CONDUIT     5.751     0  02:00      1.64    0.42    0.23
  18036                CONDUIT     5.826     0  02:00      1.77    0.40    0.20
  18037                CONDUIT     5.901     0  02:00      1.99    0.41    0.19
  18038                CONDUIT     0.374     0  02:00      1.19    0.22    0.31
  18039                CONDUIT     0.299     0  02:00      0.80    0.18    0.31
  18042                CONDUIT     0.224     0  02:00      0.60    0.13    0.30
  18043                CONDUIT     0.150     0  02:00      0.41    0.09    0.29
  18044                CONDUIT     0.075     0  02:00      0.26    0.04    0.28
  18051                CONDUIT     0.075     0  02:00      0.25    0.04    0.22
  18056                CONDUIT     2.347     0  01:59      2.40    0.38    0.36
  18070                CONDUIT     0.150     0  02:00      1.70    0.26    0.35
  18072                CONDUIT     0.075     0  02:00      1.06    0.13    0.30
  18074                CONDUIT     0.121     0  02:00      1.05    0.30    0.31
  18076                CONDUIT     0.046     0  02:00      0.40    0.12    0.32
  18077                CONDUIT     0.224     0  02:00      1.45    0.63    0.54
  18078                CONDUIT     0.150     0  02:00      1.03    0.42    0.51
  18079                CONDUIT     0.075     0  02:00      0.72    0.21    0.39
  18082                CONDUIT     0.075     0  02:00      0.46    0.37    0.56
  18085                CONDUIT     0.224     0  02:00      1.46    1.14    0.53
  18087                CONDUIT     0.150     0  02:00      0.89    0.74    0.57
  18088                CONDUIT     0.224     0  02:00      1.38    0.93    0.56
  18089                CONDUIT     0.074     0  00:06      1.05    1.54    1.00
  18091                CONDUIT     0.112     0  00:06      1.58    2.35    1.00
  18093                CONDUIT     0.727     0  01:53      2.62    2.06    0.95
  18094                CONDUIT     0.652     0  01:43      2.31    1.86    1.00
  18096                CONDUIT     0.479     0  00:24      1.69    1.79    1.00
  18097                CONDUIT     0.037     0  00:06      0.52    0.77    1.00
  18098                CONDUIT     0.075     0  01:59      1.06    1.87    1.00
  18101                CONDUIT     0.299     0  02:00      1.68    0.70    0.60
  18102                CONDUIT     0.150     0  02:00      1.10    0.28    0.48
  18103                CONDUIT     0.075     0  02:00      0.61    0.17    0.46
  18104                CONDUIT     0.075     0  02:00      0.98    0.14    0.32
  18105                CONDUIT     0.130     0  01:54      0.46    0.80    1.00
  18106                CONDUIT     0.075     0  02:00      0.75    0.22    0.38
  18107                CONDUIT     0.160     0  00:10      0.57    0.97    1.00
  18110                CONDUIT     0.150     0  02:00      1.29    0.43    0.43
  18112                CONDUIT     0.693     0  01:58      2.86    4.30    0.81
  18113                CONDUIT     0.150     0  02:00      0.85    0.61    0.59
  18114                CONDUIT     0.075     0  02:00      0.49    0.31    0.53
  18116                CONDUIT     0.299     0  01:59      1.60    0.75    0.63
  18117                CONDUIT     0.413     0  00:10      1.46    1.54    1.00
  18119                CONDUIT     0.076     0  00:06      1.07    1.91    1.00
  18120                CONDUIT     0.114     0  00:06      1.61    2.89    1.00
  18121                CONDUIT     0.369     0  02:03      1.30    1.37    1.00
  18122                CONDUIT     0.332     0  02:03      1.17    1.25    1.00
  18123                CONDUIT     0.295     0  02:03      1.04    1.10    1.00
  18124                CONDUIT     0.259     0  02:04      0.92    0.97    1.00
  18125                CONDUIT     0.228     0  02:04      0.84    0.85    1.00
  18126                CONDUIT     0.374     0  01:56      1.32    1.40    1.00
  18127                CONDUIT     0.153     0  00:07      0.96    1.31    1.00
  18128                CONDUIT     0.195     0  00:07      1.23    1.66    1.00
  18129                CONDUIT     0.237     0  00:07      1.49    2.03    1.00
  18130                CONDUIT     0.278     0  00:07      1.75    2.37    1.00
  18131                CONDUIT     0.320     0  00:07      2.06    2.71    1.00
  18132                CONDUIT     0.373     0  00:09      1.32    1.12    1.00
  20561                CONDUIT     0.075     0  02:00      1.41    0.13    0.24
  20566                CONDUIT     0.075     0  02:00      1.00    0.08    0.23
  20573                CONDUIT     0.150     0  02:00      1.37    0.15    0.29
  20580                CONDUIT     0.224     0  02:00      1.80    0.23    0.33
  20592                CONDUIT     0.075     0  02:00      0.70    0.07    0.22
  20595                CONDUIT     0.150     0  02:00      0.99    0.15    0.29
  20603                CONDUIT     0.150     0  02:00      0.43    0.04    0.27
  20604                CONDUIT     0.224     0  02:00      0.51    0.12    0.27
  20605                CONDUIT     0.150     0  02:00      0.41    0.08    0.24
  20608                CONDUIT     0.075     0  02:00      0.27    0.02    0.26
  20609                CONDUIT     0.075     0  02:00      0.64    0.02    0.17
  20612                CONDUIT     0.075     0  02:00      0.32    0.04    0.23
  20614                CONDUIT     0.150     0  02:00      0.54    0.02    0.23
  20615                CONDUIT     0.224     0  02:00      0.50    0.11    0.28
  20617                CONDUIT     0.224     0  02:00      1.36    0.22    0.31
  20628                CONDUIT     0.299     0  02:00      0.68    0.23    0.27
  20629                CONDUIT     0.224     0  02:00      0.60    0.12    0.24
  20630                CONDUIT     0.374     0  02:00      0.88    0.21    0.26
  20631                CONDUIT     0.299     0  02:00      0.81    0.16    0.24
  20632                CONDUIT     0.598     0  02:00      1.13    0.30    0.31
  20633                CONDUIT     0.449     0  02:00      1.26    0.27    0.23
  20634                CONDUIT     0.374     0  02:00      1.20    0.20    0.21
  20635                CONDUIT     0.299     0  02:00      0.64    0.05    0.28
  20636                CONDUIT     0.374     0  02:00      0.74    0.11    0.30
  20638                CONDUIT     0.449     0  02:00      0.84    0.14    0.31
  20640                CONDUIT     0.524     0  02:00      0.97    0.23    0.31
  20642                CONDUIT     0.075     0  02:00      0.44    0.02    0.14
  20643                CONDUIT     0.673     0  02:00      1.47    0.42    0.28
  20644                CONDUIT     0.150     0  02:00      0.93    0.07    0.13
  20767                CONDUIT     0.449     0  01:56      2.25    1.52    0.99
  20776                CONDUIT     1.081     0  00:21      2.45    1.33    1.00
  20777                CONDUIT     0.751     0  00:10      2.10    1.16    1.00
  20778                CONDUIT     0.807     0  00:10      2.26    1.25    1.00
  20779                CONDUIT     1.015     0  00:21      2.30    1.25    1.00
  20780                CONDUIT     0.698     0  00:10      2.47    1.47    1.00
  20781                CONDUIT     0.646     0  00:10      2.28    1.36    1.00
  20782                CONDUIT     0.299     0  01:56      1.17    0.67    1.00
  20783                CONDUIT     0.225     0  01:59      1.09    0.50    1.00
  20784                CONDUIT     0.152     0  00:10      0.99    0.34    1.00
  20785                CONDUIT     0.206     0  00:10      0.79    0.46    1.00
  20786                CONDUIT     1.795     0  01:59      2.82    1.28    1.00
  20787                CONDUIT     0.374     0  01:59      1.85    1.33    1.00
  20788                CONDUIT     0.299     0  01:53      1.48    1.06    1.00
  20789                CONDUIT     0.224     0  02:00      1.53    0.54    0.52
  20790                CONDUIT     1.370     0  02:01      2.15    0.78    1.00
  20791                CONDUIT     0.150     0  02:00      1.15    0.36    0.47
  20792                CONDUIT     0.075     0  02:00      0.82    0.18    0.36
  20793                CONDUIT     1.307     0  02:01      2.62    0.74    1.00
  20795                CONDUIT     0.075     0  01:57      0.45    0.28    1.00
  20798                CONDUIT     0.150     0  01:48      0.61    0.56    1.00
  20799                CONDUIT     0.224     0  01:58      0.79    0.84    1.00
  20800                CONDUIT     0.299     0  01:58      1.06    1.13    1.00
  20801                CONDUIT     0.150     0  01:50      0.89    0.41    1.00
  20802                CONDUIT     0.075     0  02:02      0.69    0.21    1.00
  20803                CONDUIT     0.418     0  02:01      1.48    1.57    1.00
  20804                CONDUIT     0.374     0  01:59      1.32    1.41    1.00
  20805                CONDUIT     0.483     0  02:00      1.83    1.81    0.88
  20806                CONDUIT     0.378     0  00:24      1.34    1.41    1.00
  20810                CONDUIT     0.599     0  01:57      2.12    1.10    1.00
  20811                CONDUIT     0.524     0  02:00      2.02    0.75    1.00
  20813                CONDUIT     0.456     0  02:00      1.85    4.13    1.00
  20814                CONDUIT     0.598     0  02:00      2.15    0.42    0.45
  20815                CONDUIT     0.524     0  02:00      1.94    0.37    0.44
  20816                CONDUIT     0.397     0  02:01      1.57    0.67    1.00
  20817                CONDUIT     0.449     0  02:00      1.82    0.32    0.41
  20822                CONDUIT     0.597     0  02:03      2.11    1.26    1.00
  20823                CONDUIT     0.480     0  00:10      1.70    1.01    1.00
  20824                CONDUIT     0.224     0  01:52      1.11    0.85    1.00
  20825                CONDUIT     0.150     0  01:51      0.97    0.57    1.00
  20826                CONDUIT     0.124     0  00:10      0.73    0.51    1.00
  20827                CONDUIT     0.425     0  00:10      1.57    1.13    1.00
  20828                CONDUIT     0.418     0  01:55      1.48    1.12    1.00
  20829                CONDUIT     0.344     0  00:14      1.22    0.94    1.00
  20830                CONDUIT     0.150     0  01:59      1.15    0.68    1.00
  20831                CONDUIT     0.292     0  02:02      1.19    0.78    1.00
  20832                CONDUIT     0.260     0  01:58      1.45    0.81    1.00
  20833                CONDUIT     0.075     0  01:53      0.83    0.34    1.00
  20834                CONDUIT     0.195     0  02:06      1.36    0.88    1.00
  20835                CONDUIT     0.224     0  01:57      1.27    0.80    1.00
  20836                CONDUIT     0.150     0  01:56      1.12    0.53    1.00
  20837                CONDUIT     1.116     0  02:01      2.63    0.63    0.96
  20838                CONDUIT     0.075     0  01:34      0.84    0.27    1.00
  20839                CONDUIT     0.976     0  02:00      2.62    0.55    0.77
  20840                CONDUIT     1.247     0  02:01      2.68    0.71    1.00
  20841                CONDUIT     0.075     0  02:00      0.76    0.20    0.38
  20842                CONDUIT     1.189     0  02:01      2.66    0.68    1.00
  20843                CONDUIT     0.299     0  02:00      1.76    0.56    0.58
  20844                CONDUIT     0.224     0  02:00      1.56    0.42    0.51
  20845                CONDUIT     0.150     0  02:00      1.04    0.40    0.51
  20847                CONDUIT     0.299     0  02:00      1.73    0.79    0.59
  20848                CONDUIT     0.374     0  02:00      2.16    0.70    0.59
  20849                CONDUIT     0.224     0  02:00      1.29    0.59    0.59
  20850                CONDUIT     0.150     0  02:00      1.04    0.40    0.51
  20851                CONDUIT     0.075     0  02:00      0.77    0.20    0.38
  20855                CONDUIT     0.299     0  02:00      1.55    0.22    0.34
  20856                CONDUIT     0.224     0  02:00      1.62    0.49    0.49
  20860                CONDUIT     0.374     0  02:00      1.73    0.28    0.37
  20863                CONDUIT     0.150     0  02:00      1.24    0.33    0.44
  20864                CONDUIT     0.075     0  02:00      0.91    0.16    0.33
  20865                CONDUIT     0.374     0  02:00      1.71    0.26    0.38
  20870                CONDUIT     0.224     0  01:59      1.11    1.02    1.00
  20871                CONDUIT     0.174     0  00:10      0.86    0.78    1.00
  20872                CONDUIT     0.231     0  00:10      1.29    1.04    1.00
  20873                CONDUIT     0.673     0  01:59      2.43    0.38    0.45
  20874                CONDUIT     0.898     0  01:59      2.60    0.51    0.57
  20875                CONDUIT     0.823     0  01:59      2.57    0.47    0.51
  20876                CONDUIT     0.748     0  02:00      2.52    0.42    0.48
  20877                CONDUIT     0.150     0  02:00      1.29    0.28    0.43
  20878                CONDUIT     0.075     0  02:00      0.96    0.14    0.32
  20879                CONDUIT     0.125     0  00:11      0.55    0.40    1.00
  20880                CONDUIT     0.150     0  01:59      0.81    0.48    1.00
  20881                CONDUIT     0.224     0  01:56      0.89    0.72    1.00
  20882                CONDUIT     0.299     0  01:56      1.06    0.96    1.00
  20886                CONDUIT     0.280     0  00:24      0.99    0.90    1.00
  20888                CONDUIT     0.323     0  00:12      1.14    1.79    1.00
  20892                CONDUIT     0.380     0  00:12      1.34    2.11    1.00
  20897                CONDUIT     1.424     0  01:53      3.64    1.88    0.86
  20898                CONDUIT     0.754     0  01:44      2.71    1.39    0.95
  20899                CONDUIT     0.679     0  01:38      2.40    1.25    1.00
  20900                CONDUIT     0.081     0  02:01      0.81    0.25    1.00
  20901                CONDUIT     1.114     0  01:43      2.54    1.46    1.00
  20902                CONDUIT     1.034     0  01:42      2.34    1.58    1.00
  20912                CONDUIT     0.075     0  02:00      2.03    0.08    0.19
  20914                CONDUIT     0.599     0  01:55      2.20    1.75    0.92
  20915                CONDUIT     0.524     0  01:54      1.85    1.54    1.00
  20916                CONDUIT     0.449     0  01:59      1.59    1.32    1.00
  20917                CONDUIT     0.374     0  01:59      1.32    1.10    1.00
  20918                CONDUIT     0.299     0  01:56      1.07    0.88    1.00
  20919                CONDUIT     0.225     0  01:54      0.98    0.66    1.00
  20920                CONDUIT     0.150     0  01:51      0.81    0.44    1.00
  20921                CONDUIT     0.079     0  02:01      0.59    0.23    1.00
  20922                CONDUIT     0.436     0  00:12      1.54    2.42    1.00
  20923                CONDUIT     0.493     0  00:12      1.74    2.72    1.00
  20924                CONDUIT     0.550     0  00:12      1.94    3.08    1.00
  20925                CONDUIT     0.606     0  00:12      2.14    3.34    1.00
  20926                CONDUIT     0.959     0  01:52      2.17    1.46    1.00
  20927                CONDUIT     0.664     0  00:12      2.40    3.33    1.00
  20928                CONDUIT     0.882     0  01:52      2.00    1.24    1.00
  20929                CONDUIT     0.154     0  01:40      0.38    0.68    1.00
  20930                CONDUIT     0.076     0  01:40      0.36    0.11    1.00
  21139                CONDUIT     0.213     0  00:10      0.75    1.31    1.00
  21140                CONDUIT     0.266     0  00:10      0.94    1.62    1.00
  21141                CONDUIT     0.097     0  02:04      0.48    0.15    1.00
  21142                CONDUIT     0.330     0  02:01      1.81    0.60    0.95
  21143                CONDUIT     0.622     0  00:10      2.20    3.75    1.00
  21144                CONDUIT     0.567     0  00:10      2.00    3.44    1.00
  21145                CONDUIT     0.375     0  01:53      1.33    0.90    1.00
  21146                CONDUIT     0.075     0  02:00      0.76    0.19    0.38
  21147                CONDUIT     0.225     0  01:51      1.41    0.87    1.00
  21148                CONDUIT     0.150     0  01:45      1.22    0.58    1.00
  21150                CONDUIT     0.224     0  02:00      1.27    0.56    0.60
  21151                CONDUIT     0.150     0  02:00      1.03    0.38    0.51
  21152                CONDUIT     0.449     0  02:00      1.88    1.12    0.79
  21153                CONDUIT     0.374     0  02:00      1.51    0.93    0.82
  21157                CONDUIT     0.150     0  02:00      1.42    0.57    0.52
  21158                CONDUIT     0.449     0  02:00      2.53    0.67    0.60
  21159                CONDUIT     0.300     0  01:37      1.06    1.11    1.00
  21163                CONDUIT     0.224     0  02:00      1.49    0.65    0.52
  21165                CONDUIT     0.075     0  01:59      0.39    0.28    1.00
  21166                CONDUIT     0.399     0  01:35      1.41    3.50    1.00
  21167                CONDUIT     0.324     0  01:48      1.15    3.35    1.00
  21168                CONDUIT     0.150     0  01:37      0.68    0.25    1.00
  21169                CONDUIT     0.270     0  00:06      1.20    0.76    1.00
  21170                CONDUIT     0.249     0  01:47      0.88    1.80    1.00
  21171                CONDUIT     0.076     0  02:00      0.88    0.12    1.00
  21172                CONDUIT     0.374     0  01:56      1.32    3.89    1.00
  21173                CONDUIT     0.135     0  00:08      0.61    0.34    1.00
  21174                CONDUIT     0.299     0  01:52      1.06    0.68    1.00
  21175                CONDUIT     0.183     0  00:08      0.85    0.25    1.00
  21176                CONDUIT     0.256     0  00:08      1.15    0.36    1.00
  21177                CONDUIT     0.426     0  00:11      1.51    1.27    1.00
  21178                CONDUIT     0.483     0  00:12      1.71    1.44    1.00
  21179                CONDUIT     1.489     0  01:51      3.37   11.13    1.00
  21180                CONDUIT     0.075     0  01:59      0.53    0.12    1.00
  21181                CONDUIT     0.425     0  01:50      1.50    0.94    1.00
  21182                CONDUIT     0.873     0  01:59      1.98    6.64    1.00
  21183                CONDUIT     0.150     0  01:49      0.67    0.40    1.00
  21184                CONDUIT     0.150     0  01:58      0.85    0.32    1.00
  21186                CONDUIT     1.564     0  01:51      3.57   12.03    0.97
  21196                CONDUIT     0.224     0  02:00      1.60    0.41    0.68
  21197                CONDUIT     0.299     0  02:00      1.60    0.21    0.34
  21198                CONDUIT     0.150     0  02:00      1.40    0.27    0.41
  21199                CONDUIT     0.224     0  02:00      1.44    0.16    0.29
  21200                CONDUIT     0.150     0  02:00      1.23    0.10    0.25
  21201                CONDUIT     0.075     0  02:04      0.93    0.29    1.00
  21202                CONDUIT     0.075     0  02:00      1.02    0.14    0.31
  21203                CONDUIT     0.299     0  02:00      1.62    0.42    0.62
  21204                CONDUIT     0.224     0  02:00      1.98    0.32    0.42
  21205                CONDUIT     0.150     0  02:00      1.61    0.24    0.36
  21206                CONDUIT     0.075     0  02:00      0.85    0.28    0.44
  21207                CONDUIT     0.374     0  02:00      2.25    0.56    0.57
  21208                CONDUIT     0.299     0  02:00      2.09    0.45    0.51
  21209                CONDUIT     0.224     0  02:00      1.90    0.34    0.44
  21211                CONDUIT     0.150     0  02:00      1.03    0.44    0.51
  21212                CONDUIT     0.075     0  02:00      0.71    0.22    0.40
  21218                CONDUIT     0.075     0  01:59      0.62    0.20    1.00
  21219                CONDUIT     0.225     0  01:56      0.79    0.65    1.00
  21220                CONDUIT     0.150     0  01:50      0.74    0.44    1.00
  21221                CONDUIT     0.075     0  01:47      0.58    0.22    1.00
  21225                CONDUIT     0.075     0  01:57      0.68    0.16    1.00
  21253                CONDUIT     0.540     0  00:23      1.91    1.33    1.00
  21254                CONDUIT     0.472     0  00:23      1.67    1.16    1.00
  21255                CONDUIT     0.227     0  02:03      0.85    0.56    1.00
  21256                CONDUIT     0.205     0  00:30      1.30    1.26    1.00
  21257                CONDUIT     0.075     0  02:00      1.42    0.18    0.42
  21258                CONDUIT     0.075     0  02:00      0.90    0.05    0.19
  21259                CONDUIT     0.169     0  02:02      0.91    0.42    1.00
  21260                CONDUIT     0.083     0  02:01      0.77    0.20    1.00
  21261                CONDUIT     0.150     0  02:00      1.63    0.22    0.36
  21262                CONDUIT     0.075     0  02:00      1.50    0.10    0.23
  21263                CONDUIT     0.075     0  02:00      1.19    0.11    0.27
  21264                CONDUIT     0.150     0  02:00      1.46    0.24    0.35
  21265                CONDUIT     0.075     0  02:00      1.06    0.12    0.24
  21266                CONDUIT     0.377     0  02:00      1.74    0.62    1.00
  21267                CONDUIT     0.303     0  02:00      1.82    0.49    0.75
  21268                CONDUIT     0.224     0  02:00      1.71    0.37    0.45
  21271                CONDUIT     1.122     0  01:59      3.97    2.17    1.00
  21272                CONDUIT     0.449     0  02:00      1.54    0.73    1.00
  21273                CONDUIT     0.224     0  01:58      1.14    0.53    0.66
  21274                CONDUIT     0.599     0  01:49      2.12    1.29    1.00
  21275                CONDUIT     0.524     0  01:56      1.85    1.13    1.00
  21276                CONDUIT     0.150     0  02:00      1.03    0.35    0.51
  21277                CONDUIT     0.075     0  02:00      0.57    0.24    0.52
  21279                CONDUIT     0.150     0  02:00      0.78    0.48    0.64
  21281                CONDUIT     0.299     0  02:00      1.57    1.29    0.64
  21282                CONDUIT     0.224     0  02:00      1.07    0.96    0.70
  21283                CONDUIT     0.150     0  02:00      0.72    0.64    0.69
  21284                CONDUIT     0.075     0  01:54      0.35    0.36    1.00
  21285                CONDUIT     0.150     0  02:00      1.28    0.43    0.43
  21286                CONDUIT     0.075     0  02:00      0.75    0.21    0.38
  21300                CONDUIT     0.075     0  02:00      1.34    0.31    0.38
  21301                CONDUIT     0.150     0  01:53      0.94    0.92    1.00
  21302                CONDUIT     0.449     0  02:00      1.73    1.92    0.87
  21303                CONDUIT     0.075     0  01:59      0.58    0.46    1.00
  21304                CONDUIT     0.228     0  02:00      0.80    0.98    1.00
  21305                CONDUIT     0.299     0  02:00      1.06    1.29    1.00
  21306                CONDUIT     0.075     0  02:00      1.08    0.13    0.29
  21307                CONDUIT     0.075     0  02:00      1.27    0.23    0.29
  21308                CONDUIT     0.081     0  02:02      0.46    0.62    1.00
  21309                CONDUIT     0.150     0  02:00      1.46    0.26    0.39
  21310                CONDUIT     0.150     0  02:00      1.45    0.17    0.29
  21311                CONDUIT     0.224     0  02:00      1.71    0.38    0.47
  21312                CONDUIT     0.224     0  02:00      1.81    0.22    0.28
  21314                CONDUIT     0.299     0  02:00      2.08    0.51    0.51
  21315                CONDUIT     0.449     0  01:59      1.59    0.97    1.00
  21316                CONDUIT     0.374     0  01:58      1.50    0.81    1.00
  21317                CONDUIT     0.224     0  01:58      1.56    1.04    1.00
  21318                CONDUIT     0.075     0  02:01      0.93    0.23    1.00
  21319                CONDUIT     0.075     0  02:00      1.01    0.14    0.31
  21320                CONDUIT     0.075     0  02:00      0.86    0.18    0.35
  21321                CONDUIT     0.150     0  02:00      1.37    0.27    0.42
  21322                CONDUIT     0.150     0  01:53      1.18    0.70    1.00
  21323                CONDUIT     0.224     0  01:59      1.12    0.41    0.68
  21324                CONDUIT     0.076     0  02:01      0.89    0.35    1.00
  21325                CONDUIT     0.224     0  02:00      1.02    0.73    0.73
  21326                CONDUIT     0.075     0  02:00      0.40    0.32    0.64
  21327                CONDUIT     0.299     0  01:59      1.34    0.97    0.74
  21328                CONDUIT     0.299     0  02:00      1.11    1.00    0.90
  21329                CONDUIT     0.374     0  02:00      1.46    1.25    0.85
  21330                CONDUIT     0.449     0  01:59      1.96    1.50    0.76
  21331                CONDUIT     0.598     0  01:58      2.53    2.82    0.80
  21333                CONDUIT     0.150     0  01:54      0.53    0.71    1.00
  21334                CONDUIT     0.082     0  02:00      0.53    0.32    0.99
  21335                CONDUIT     0.225     0  01:58      0.79    1.08    1.00
  21336                CONDUIT     0.154     0  02:00      0.54    0.38    1.00
  21337                CONDUIT     0.449     0  02:00      1.59    2.18    1.00
  21338                CONDUIT     0.524     0  01:58      1.92    2.52    0.94
  12453                CONDUIT     0.150     0  02:00      1.31    0.45    0.42
  12454                CONDUIT     0.748     0  02:00      1.89    1.02    0.60
  12455                CONDUIT     2.620     0  00:57      2.09    0.33    0.27
  12456                CONDUIT     1.815     0  01:42      1.46    0.07    0.36
  12457                CONDUIT     0.075     0  02:00      0.81    0.52    0.56
  12458                CONDUIT     0.075     0  02:00      1.67    0.09    0.22
  12459                CONDUIT     0.673     0  02:00      1.58    0.92    0.64
  12460                CONDUIT     0.150     0  02:00      3.19    0.11    0.22
  12461                CONDUIT     3.824     0  00:57      2.32    1.02    0.35
  12599                CONDUIT     0.075     0  01:59      1.06    9.20    1.00
  12600                CONDUIT     0.150     0  01:58      2.14   14.18    0.97
  12602                CONDUIT     0.075     0  02:00      1.82    1.58    0.96
  14287                CONDUIT     0.224     0  02:00      1.31    1.04    0.59
  14289                CONDUIT     0.299     0  02:00      0.79    0.41    0.58
  14290                CONDUIT     0.150     0  02:00      0.77    0.69    0.65
  14291                CONDUIT     0.224     0  02:00      0.63    0.31    0.55
  14292                CONDUIT     0.075     0  02:00      0.40    0.35    0.62
  14293                CONDUIT     0.150     0  02:00      0.48    0.20    0.51
  14295                CONDUIT     0.075     0  02:00      0.35    0.10    0.48
  14296                CONDUIT     0.374     0  02:00      0.91    0.51    0.62
  14297                CONDUIT     3.767     0  01:54      1.95    1.35    0.41
  14298                CONDUIT     2.756     0  01:51      2.07    0.30    0.31
  14299                CONDUIT     3.641     0  01:38      1.77    4.67    0.46
  14300                CONDUIT     2.719     0  01:43      1.90    0.28    0.32
  14301                CONDUIT     3.590     0  01:27      1.63    2.83    0.48
  14302                CONDUIT     2.550     0  01:51      1.65    0.53    0.33
  14304                CONDUIT     3.592     0  01:56      1.54    4.61    0.51
  14305                CONDUIT     2.518     0  01:52      1.55    0.33    0.35
  14311                CONDUIT     0.374     0  02:00      1.56    1.93    0.79
  14312                CONDUIT     0.299     0  02:00      1.08    1.53    0.95
  14313                CONDUIT     0.224     0  02:00      0.80    1.18    0.98
  14322                CONDUIT     0.075     0  02:00      1.27    1.04    0.75
  14344                CONDUIT     0.374     0  02:00      1.90    0.35    0.46
  14345                CONDUIT     0.299     0  02:00      1.78    0.28    0.41
  14346                CONDUIT     3.535     0  01:56      1.42    4.53    0.53
  14347                CONDUIT     1.166     0  01:12      1.52    0.06    0.37
  14348                CONDUIT     2.506     0  01:51      1.50    0.27    0.35
  14349                CONDUIT     3.399     0  01:54      1.32    3.55    0.61
  14350                CONDUIT     2.945     0  01:55      1.95    0.36    0.38
  14351                CONDUIT     0.673     0  02:00      2.13    0.80    0.67
  14352                CONDUIT     0.598     0  02:00      2.00    0.56    0.64
  14353                CONDUIT     1.842     0  01:55      1.11    0.32    0.39
  14354                CONDUIT     0.524     0  02:00      2.01    0.49    0.57
  14355                CONDUIT     0.449     0  02:00      1.99    0.42    0.51
  14358                CONDUIT     3.147     0  01:56      1.17    3.22    0.63
  14360                CONDUIT     3.270     0  00:58      1.21    4.64    0.67
  14361                CONDUIT     1.803     0  01:55      1.09    0.29    0.38
  14362                CONDUIT     0.075     0  02:00      0.33    0.38    0.95
  14363                CONDUIT     0.150     0  02:00      0.53    0.77    0.98
  14365                CONDUIT     0.075     0  02:00      0.73    0.19    0.39
  14366                CONDUIT     0.150     0  02:00      1.00    0.38    0.52
  14368                CONDUIT     0.224     0  02:00      1.44    0.34    0.54
  14369                CONDUIT     0.299     0  02:00      1.58    0.90    0.64
  14373                CONDUIT     0.075     0  02:00      1.16    0.11    0.28
  14374                CONDUIT     0.150     0  02:00      1.60    0.23    0.37
  14379                CONDUIT     0.224     0  02:00      1.63    0.21    0.35
  14380                CONDUIT     0.150     0  02:00      1.41    0.14    0.29
  14381                CONDUIT     0.075     0  02:00      1.03    0.07    0.22
  14382                CONDUIT     2.924     0  01:56      1.09    0.34    0.67
  14383                CONDUIT     1.699     0  01:46      1.05    0.30    0.37
  14384                CONDUIT     2.819     0  01:53      1.10    0.26    0.64
  14385                CONDUIT     1.604     0  01:54      1.02    0.22    0.37
  14386                CONDUIT     2.589     0  01:20      1.20    0.24    0.60
  14387                CONDUIT     1.524     0  01:46      1.12    0.11    0.32
  14388                CONDUIT     2.610     0  01:57      1.23    0.34    0.57
  14389                CONDUIT     1.490     0  01:46      1.25    0.16    0.28
  14390                CONDUIT     2.499     0  01:38      1.30    0.19    0.54
  14391                CONDUIT     1.435     0  01:06      1.33    0.11    0.25
  14392                CONDUIT     0.224     0  02:00      1.21    0.57    0.62
  14393                CONDUIT     0.299     0  02:00      1.45    0.76    0.69
  14394                CONDUIT     0.150     0  02:00      1.21    0.31    0.50
  14395                CONDUIT     0.374     0  02:00      1.82    0.95    0.68
  14396                CONDUIT     0.898     0  02:00      2.07    0.66    0.65
  14397                CONDUIT     0.301     0  01:59      2.33    0.44    0.47
  14398                CONDUIT     0.972     0  01:59      2.15    0.72    0.67
  14399                CONDUIT     0.230     0  01:59      1.66    0.61    0.49
  14400                CONDUIT     1.047     0  01:59      2.24    0.78    0.69
  14401                CONDUIT     0.150     0  01:59      1.09    0.40    0.49
  14404                CONDUIT     0.075     0  02:00      1.00    0.13    0.31
  14407                CONDUIT     2.414     0  01:54      1.38    0.25    0.51
  14408                CONDUIT     1.391     0  01:06      1.44    0.11    0.22
  14409                CONDUIT     2.367     0  00:57      1.41    0.18    0.47
  14410                CONDUIT     0.548     0  01:45      1.20    0.02    0.20
  14411                CONDUIT     1.293     0  01:06      1.36    0.24    0.22
  14412                CONDUIT     1.122     0  01:59      2.38    0.83    0.70
  14413                CONDUIT     0.980     0  01:57      0.61    0.07    0.39
  14414                CONDUIT     1.315     0  01:46      1.34    0.56    0.24
  14415                CONDUIT     0.690     0  00:57      0.82    0.04    0.26
  14416                CONDUIT     1.172     0  01:56      1.13    0.16    0.25
  14417                CONDUIT     0.075     0  01:59      0.74    0.20    0.39
  14421                CONDUIT     0.460     0  00:56      0.82    0.11    0.17
  14422                CONDUIT     1.076     0  01:48      1.04    0.16    0.24
  14423                CONDUIT     0.406     0  01:56      0.65    0.10    0.17
  14424                CONDUIT     1.020     0  01:48      1.01    0.15    0.23
  14425                CONDUIT     0.301     0  01:08      0.44    0.10    0.17
  14426                CONDUIT     0.263     0  01:48      0.49    0.02    0.20
  14427                CONDUIT     0.174     0  01:08      0.23    0.04    0.18
  14428                CONDUIT     0.133     0  01:48      0.29    0.05    0.18
  14430                CONDUIT     0.673     0  02:00      1.34    0.31    0.28
  14433                CONDUIT     2.468     0  02:00      1.87    0.87    0.30
  14434                CONDUIT     1.870     0  02:00      1.72    0.38    0.24
  14435                CONDUIT     2.393     0  02:00      1.65    0.23    0.32
  14436                CONDUIT     1.795     0  02:00      1.43    0.28    0.28
  14437                CONDUIT     2.318     0  02:00      1.68    0.22    0.31
  14438                CONDUIT     1.720     0  02:00      1.47    0.13    0.26
  14440                CONDUIT     0.598     0  02:00      1.01    0.14    0.18
  14441                CONDUIT     0.524     0  02:00      1.34    0.28    0.22
  14442                CONDUIT     0.449     0  02:00      1.03    0.19    0.24
  14443                CONDUIT     0.075     0  02:00      0.45    0.12    0.38
  14455                CONDUIT     0.150     0  02:00      0.53    0.24    0.49
  14457                CONDUIT     0.224     0  02:00      0.67    0.36    0.57
  14458                CONDUIT     0.374     0  02:00      0.86    0.16    0.24
  14459                CONDUIT     0.299     0  02:00      0.72    0.14    0.23
  14460                CONDUIT     0.224     0  02:00      0.57    0.11    0.22
  14461                CONDUIT     0.075     0  02:00      0.45    0.26    0.62
  14462                CONDUIT     1.810     0  01:57      1.76    0.27    0.29
  14463                CONDUIT     1.735     0  01:57      1.63    0.26    0.30
  14464                CONDUIT     1.661     0  01:57      1.54    0.24    0.30
  14465                CONDUIT     0.075     0  02:00      0.86    0.13    0.35
  14466                CONDUIT     1.586     0  01:57      1.46    0.23    0.30
  14467                CONDUIT     0.318     0  01:57      1.25    0.19    0.28
  14468                CONDUIT     1.680     0  01:50      1.53    0.25    0.31
  14470                CONDUIT     0.150     0  01:58      1.23    0.41    0.46
  14474                CONDUIT     0.301     0  02:01      0.79    0.48    0.62
  14475                CONDUIT     0.374     0  02:00      0.91    0.61    0.63
  14478                CONDUIT     1.606     0  01:56      1.45    0.23    0.31
  14480                CONDUIT     1.531     0  01:56      1.37    0.31    0.31
  14483                CONDUIT     0.449     0  02:00      1.05    0.72    0.64
  14484                CONDUIT     0.524     0  02:00      1.24    0.85    0.63
  14486                CONDUIT     0.598     0  02:00      1.51    0.96    0.60
  14487                CONDUIT     0.673     0  02:00      2.21    1.09    0.48
  14488                CONDUIT     0.150     0  02:00      0.41    0.07    0.20
  14489                CONDUIT     0.075     0  02:00      0.24    0.04    0.19
  14492                CONDUIT     0.224     0  02:00      1.25    0.34    0.32
  14494                CONDUIT     0.150     0  02:00      0.76    0.28    0.35
  14499                CONDUIT     1.493     0  00:52      4.01    1.68    0.83
  14500                CONDUIT     1.255     0  01:43      2.85    1.40    1.00
  14501                CONDUIT     0.150     0  02:00      1.21    1.51    0.72
  14503                CONDUIT     0.075     0  02:00      0.42    0.14    0.32
  14507                CONDUIT     0.150     0  02:00      0.71    0.52    0.70
  14508                CONDUIT     0.224     0  02:00      0.98    0.77    0.75
  14509                CONDUIT     0.299     0  02:00      1.31    1.04    0.75
  14510                CONDUIT     0.374     0  02:00      1.76    1.29    0.70
  14512                CONDUIT     0.224     0  02:00      1.68    0.49    0.48
  14513                CONDUIT     0.150     0  02:00      1.21    0.34    0.45
  14515                CONDUIT     0.075     0  02:00      0.93    0.13    0.33
  14518                CONDUIT     0.150     0  01:58      1.17    0.50    0.63
  14519                CONDUIT     0.342     0  01:55      2.20    2.59    0.94
  14520                CONDUIT     0.075     0  01:58      0.83    0.25    0.44
  14521                CONDUIT     0.267     0  01:34      1.68    2.00    1.00
  14523                CONDUIT     1.456     0  01:55      1.33    0.20    0.30
  14524                CONDUIT     0.225     0  01:57      1.46    0.76    0.77
  14526                CONDUIT     1.382     0  01:55      1.34    0.20    0.29
  14527                CONDUIT     0.316     0  01:42      2.11    1.06    0.78
  14528                CONDUIT     0.413     0  01:56      2.45    2.05    0.87
  14529                CONDUIT     0.309     0  01:50      1.56    1.53    1.00
  14530                CONDUIT     0.235     0  01:42      1.16    1.16    1.00
  14531                CONDUIT     0.160     0  01:42      0.79    0.79    1.00
  14532                CONDUIT     0.087     0  00:29      0.46    0.43    1.00
  14533                CONDUIT     0.080     0  00:13      0.37    0.19    1.00
  14534                CONDUIT     0.153     0  01:45      0.50    0.36    1.00
  14535                CONDUIT     0.229     0  01:45      0.56    0.54    1.00
  14536                CONDUIT     0.303     0  01:45      0.69    0.72    1.00
  14537                CONDUIT     1.319     0  01:55      1.32    0.20    0.28
  14539                CONDUIT     1.334     0  01:54      3.62    1.70    0.58
  14540                CONDUIT     1.165     0  01:43      2.64    1.30    1.00
  14541                CONDUIT     1.088     0  01:46      2.46    1.22    1.00
  14542                CONDUIT     1.014     0  01:46      2.29    1.13    1.00
  14543                CONDUIT     0.075     0  02:00      0.55    0.75    0.80
  14544                CONDUIT     0.939     0  01:46      2.19    1.05    1.00
  14545                CONDUIT     0.378     0  01:45      0.86    0.90    1.00
  14546                CONDUIT     0.864     0  01:16      2.17    0.96    1.00
  14549                CONDUIT     0.823     0  01:54      2.94    1.69    0.97
  14550                CONDUIT     0.748     0  01:55      2.65    2.31    1.00
  14551                CONDUIT     0.674     0  01:53      2.38    1.05    1.00
  14552                CONDUIT     0.599     0  01:54      2.12    0.99    1.00
  14580                CONDUIT     0.150     0  02:00      1.43    0.42    0.40
  14581                CONDUIT     0.075     0  02:00      0.78    0.21    0.37
  14588                CONDUIT     0.075     0  02:00      1.16    2.11    0.86
  14638                CONDUIT     0.075     0  02:00      1.13    2.74    0.85
  14640                CONDUIT     0.374     0  01:59      1.54    1.15    0.80
  14644                CONDUIT     0.299     0  01:58      1.91    1.99    0.95
  14645                CONDUIT     0.075     0  01:51      0.64    0.50    1.00
  14647                CONDUIT     0.150     0  01:58      0.94    1.15    1.00
  14649                CONDUIT     0.150     0  01:53      2.14    5.53    0.97
  14653                CONDUIT     0.080     0  00:09      0.51    1.11    1.00
  14655                CONDUIT     0.075     0  01:59      0.47    0.95    1.00
  14658                CONDUIT     0.093     0  02:06      0.78    0.62    1.00
  14660                CONDUIT     0.121     0  02:06      1.12    1.17    1.00
  14661                CONDUIT     0.150     0  02:03      0.95    0.86    1.00
  14665                CONDUIT     0.224     0  02:00      2.03    0.77    0.66
  14666                CONDUIT     0.150     0  02:00      1.53    0.51    0.59
  14667                CONDUIT     0.075     0  02:00      1.11    0.26    0.44
  14668                CONDUIT     0.072     0  00:35      0.45    0.62    1.00
  14670                CONDUIT     0.075     0  01:46      1.06    1.72    1.00
  14672                CONDUIT     0.075     0  01:57      1.06    2.77    1.00
  14673                CONDUIT     0.075     0  02:00      1.16    2.06    0.86
  14691                CONDUIT     0.075     0  02:00      0.71    0.20    0.40
  14692                CONDUIT     0.188     0  02:03      1.18    1.86    1.00
  14693                CONDUIT     0.150     0  02:00      0.92    0.41    0.56
  14694                CONDUIT     0.226     0  02:03      1.42    1.82    1.00
  14695                CONDUIT     0.150     0  01:59      0.94    1.89    1.00
  14696                CONDUIT     0.272     0  00:12      1.71    1.22    1.00
  14697                CONDUIT     0.329     0  00:22      2.07    1.36    1.00
  14698                CONDUIT     0.398     0  01:35      2.50    1.60    1.00
  14699                CONDUIT     0.472     0  01:35      3.67    2.58    1.00
  14700                CONDUIT     0.227     0  01:51      0.98    1.33    0.77
  14701                CONDUIT     0.549     0  01:30      1.41    1.24    1.00
  14703                CONDUIT     0.209     0  02:00      2.86    2.22    1.00
  14704                CONDUIT     0.138     0  00:26      1.89    1.46    1.00
  14705                CONDUIT     0.656     0  01:34      3.13    2.34    0.80
  14708                CONDUIT     0.309     0  01:42      1.58    1.85    0.68
  14709                CONDUIT     0.144     0  00:35      0.91    2.41    1.00
  14710                CONDUIT     0.216     0  00:35      1.36    3.49    1.00
  14711                CONDUIT     0.504     0  00:39      1.89    2.95    1.00
  14712                CONDUIT     0.150     0  01:50      0.94    0.77    1.00
  14713                CONDUIT     0.075     0  01:32      0.62    0.39    1.00
  14714                CONDUIT     0.075     0  01:58      1.02    0.79    1.00
  14715                CONDUIT     0.075     0  01:47      1.06    1.18    1.00
  14716                CONDUIT     0.579     0  01:43      2.05    0.82    1.00
  14717                CONDUIT     0.653     0  01:43      2.31    1.31    1.00
  14718                CONDUIT     0.728     0  01:56      2.57    1.31    1.00
  14722                CONDUIT     0.075     0  02:00      0.67    0.21    0.56
  14724                CONDUIT     0.952     0  01:56      3.24    0.81    0.82
  14725                CONDUIT     0.803     0  01:43      4.34    1.70    0.93
  14726                CONDUIT     0.150     0  02:00      0.98    0.20    0.31
  14729                CONDUIT     0.075     0  02:00      0.80    0.13    0.26
  14735                CONDUIT     0.224     0  02:00      1.12    0.61    0.67
  14736                CONDUIT     0.299     0  02:00      1.37    0.82    0.72
  14737                CONDUIT     0.374     0  02:00      1.76    1.02    0.70
  14744                CONDUIT     0.168     0  02:00      2.85    3.06    1.00
  14745                CONDUIT     0.111     0  02:03      1.89    2.03    1.00
  14746                CONDUIT     0.150     0  01:59      1.25    0.24    0.33
  14747                CONDUIT     0.075     0  02:00      0.76    0.54    0.59
  14748                CONDUIT     0.074     0  02:03      1.26    1.35    1.00
  14749                CONDUIT     0.075     0  02:00      0.98    0.28    0.28
  14750                CONDUIT     0.046     0  00:14      0.79    0.84    1.00
  14754                CONDUIT     0.064     0  01:59      0.87    0.31    1.00
  14755                CONDUIT     0.087     0  02:05      1.26    0.56    1.00
  14756                CONDUIT     0.075     0  01:57      1.06    0.65    1.00
  14757                CONDUIT     0.167     0  02:03      2.28    1.39    1.00
  14758                CONDUIT     0.235     0  01:52      3.21    1.95    1.00
  14760                CONDUIT     0.150     0  02:00      1.42    1.08    0.63
  14765                CONDUIT     0.150     0  01:53      2.07    5.30    0.96
  14766                CONDUIT     0.075     0  01:59      1.02    2.71    1.00
  14768                CONDUIT     0.598     0  01:59      2.13    2.45    0.90
  14772                CONDUIT     0.524     0  02:00      1.88    0.62    0.91
  14773                CONDUIT     0.374     0  01:59      1.77    0.96    0.82
  14775                CONDUIT     0.224     0  02:00      1.16    0.33    0.37
  14776                CONDUIT     0.299     0  02:00      1.63    0.35    0.35
  14777                CONDUIT     0.374     0  02:00      2.16    0.26    0.31
  14800                CONDUIT     1.049     0  01:58      3.79    0.65    0.61
  14802                CONDUIT     0.390     0  02:00      2.34    0.95    0.57
  14806                CONDUIT     0.075     0  01:59      1.16    1.88    0.86
  14807                CONDUIT     0.075     0  02:00      1.97    0.40    0.74
  14808                CONDUIT     0.974     0  01:54      3.16    2.34    0.86
  14809                CONDUIT     0.825     0  01:49      2.29    1.47    1.00
  14810                CONDUIT     0.750     0  01:54      2.08    1.19    1.00
  14811                CONDUIT     0.316     0  01:59      1.55    0.77    0.68
  14812                CONDUIT     0.314     0  02:01      1.59    0.46    1.00
  14813                CONDUIT     0.370     0  01:49      1.56    0.46    1.00
  14814                CONDUIT     0.179     0  00:14      2.53    1.72    1.00
  14815                CONDUIT     0.295     0  01:49      1.78    1.33    1.00
  14817                CONDUIT     0.299     0  02:00      1.77    1.12    0.86
  14819                CONDUIT     0.224     0  01:59      1.32    0.84    0.85
  14820                CONDUIT     0.150     0  01:59      2.07    1.30    0.96
  14821                CONDUIT     0.449     0  02:00      1.82    0.18    0.32
  14822                CONDUIT     2.244     0  02:00      1.65    0.25    0.30
  14823                CONDUIT     0.350     0  01:59      0.44    0.03    0.25
  14824                CONDUIT     1.646     0  02:00      1.46    0.26    0.25
  14825                CONDUIT     2.070     0  02:00      1.43    0.48    0.32
  14826                CONDUIT     1.221     0  02:00      0.98    0.72    0.28
  14851                CONDUIT     0.089     0  02:03      1.41    1.06    1.00
  14852                CONDUIT     0.241     0  01:59      1.55    1.26    0.94
  14854                CONDUIT     0.221     0  00:22      3.02    2.40    1.00
  14856                CONDUIT     0.156     0  00:10      2.14    1.70    1.00
  14858                CONDUIT     0.226     0  02:00      1.63    0.95    1.00
  14859                CONDUIT     0.104     0  02:02      1.42    1.12    1.00
  14860                CONDUIT     0.052     0  02:02      0.87    0.56    1.00
  14861                CONDUIT     0.119     0  00:13      1.68    3.13    1.00
  14862                CONDUIT     0.075     0  02:00      1.16    0.65    1.00
  14863                CONDUIT     0.064     0  00:23      0.91    0.97    1.00
  14864                CONDUIT     0.150     0  02:00      1.42    0.43    0.73
  14865                CONDUIT     0.075     0  02:00      1.16    1.33    0.86
  14866                CONDUIT     1.146     0  02:00      1.09    0.09    0.24
  14867                CONDUIT     1.995     0  02:00      1.31    0.28    0.34
  14868                CONDUIT     1.920     0  02:00      1.27    0.28    0.34
  14869                CONDUIT     1.072     0  02:00      1.28    0.14    0.19
  14870                CONDUIT     1.845     0  01:59      1.51    0.11    0.27
  14871                CONDUIT     0.997     0  02:00      1.10    0.18    0.20
  14872                CONDUIT     0.075     0  02:00      0.62    0.04    0.22
  14873                CONDUIT     0.150     0  01:59      0.99    0.07    0.33
  14879                CONDUIT     0.093     0  02:01      0.36    0.07    0.83
  14908                CONDUIT     0.974     0  02:01      1.20    0.71    0.77
  14909                CONDUIT     0.224     0  01:59      1.23    0.07    0.52
  14910                CONDUIT     2.767     0  02:00      4.17    1.60    0.60
  14911                CONDUIT     1.496     0  01:59      1.63    5.58    0.93
  14915                CONDUIT     0.095     0  00:31      1.32    0.36    0.95
  14916                CONDUIT     0.952     0  00:22      1.32    0.27    0.94
  14917                CONDUIT     1.421     0  02:00      1.44    4.83    1.00
  14918                CONDUIT     0.799     0  00:25      0.98    0.56    1.00
  14919                CONDUIT     0.199     0  02:01      0.41    0.19    0.86
  14921                CONDUIT     0.302     0  02:01      0.57    0.59    0.88
  14923                CONDUIT     0.374     0  02:00      3.94    0.20    0.63
  14925                CONDUIT     0.075     0  02:00      0.82    0.54    0.42
  14926                CONDUIT     0.299     0  02:00      2.30    0.64    0.40
  14949                CONDUIT     0.897     0  02:00      1.09    0.96    0.76
  14951                CONDUIT     1.271     0  02:00      1.28    5.13    1.00
  14952                CONDUIT     0.846     0  02:00      0.86    0.54    1.00
  14953                CONDUIT     1.197     0  02:00      1.21    1.58    1.00
  14954                CONDUIT     0.325     0  00:25      0.33    0.27    1.00
  14955                CONDUIT     0.150     0  02:00      1.24    0.44    0.54
  14956                CONDUIT     0.246     0  00:32      0.54    0.19    1.00
  14957                CONDUIT     0.186     0  00:32      0.50    0.20    1.00
  14959                CONDUIT     0.075     0  02:00      0.94    0.19    0.35
  14979                CONDUIT     0.075     0  01:59      1.06    0.85    1.00
  14980                CONDUIT     0.139     0  00:28      1.97    1.44    1.00
  14990                CONDUIT     0.209     0  00:28      2.96    2.89    1.00
  14991                CONDUIT     0.284     0  01:59      4.01    3.31    1.00
  14992                CONDUIT     0.358     0  01:59      5.07    1.18    1.00
  14995                CONDUIT     0.449     0  01:58      2.84    1.67    0.98
  14996                CONDUIT     0.374     0  01:59      2.35    1.40    1.00
  14997                CONDUIT     0.524     0  01:56      4.47    0.61    0.69
  14998                CONDUIT     0.299     0  01:51      1.88    1.12    1.00
  14999                CONDUIT     0.449     0  01:56      3.37    1.81    0.78
  15000                CONDUIT     0.225     0  01:59      1.43    0.84    1.00
  15001                CONDUIT     0.374     0  01:56      2.35    1.35    1.00
  15003                CONDUIT     0.299     0  01:59      1.88    4.35    1.00
  15004                CONDUIT     0.150     0  02:00      1.25    0.56    1.00
  15005                CONDUIT     0.078     0  02:01      0.96    0.29    1.00
  15012                CONDUIT     0.225     0  01:55      1.41    3.63    1.00
  15014                CONDUIT     0.150     0  01:59      0.94    0.71    1.00
  15015                CONDUIT     0.075     0  01:40      0.72    0.21    1.00
  15025                CONDUIT     0.107     0  00:10      1.46    4.07    1.00
  15026                CONDUIT     0.053     0  00:10      0.73    0.86    1.00
  15040                CONDUIT     0.075     0  02:00      0.31    0.25    0.55
  15042                CONDUIT     0.075     0  02:00      0.75    0.45    0.60
  15044                CONDUIT     0.150     0  02:00      1.26    0.82    0.70
  15047                CONDUIT     0.170     0  01:52      2.32    6.96    1.00
  15048                CONDUIT     0.082     0  02:02      1.12    1.85    1.00
  15049                CONDUIT     0.241     0  02:00      0.94    0.82    0.56
  15050                CONDUIT     0.224     0  02:00      1.72    0.68    0.77
  15051                CONDUIT     0.378     0  02:00      2.06    0.70    0.62
  15053                CONDUIT     0.315     0  02:00      1.42    1.05    0.50
  15067                CONDUIT     0.224     0  01:59      1.51    1.08    0.73
  15081                CONDUIT     0.075     0  02:00      1.59    0.24    0.34
  15106                CONDUIT     0.150     0  01:59      2.07    2.70    0.96
  15107                CONDUIT     0.075     0  01:59      1.02    1.35    1.00
  15114                CONDUIT     0.075     0  01:59      1.10    0.66    1.00
  15117                CONDUIT     0.090     0  00:08      1.23    0.94    1.00
  15118                CONDUIT     0.224     0  02:00      1.64    0.72    0.60
  15121                CONDUIT     0.150     0  01:53      2.05    1.32    1.00
  15122                CONDUIT     0.224     0  01:59      3.07    2.00    1.00
  15124                CONDUIT     0.047     0  02:04      0.89    0.49    1.00
  15127                CONDUIT     0.408     0  01:58      2.54    1.11    0.71
  15128                CONDUIT     0.333     0  01:57      1.74    0.93    0.84
  15130                CONDUIT     0.258     0  01:53      3.53    3.12    1.00
  15132                CONDUIT     0.183     0  00:48      2.51    2.23    1.00
  15133                CONDUIT     0.075     0  01:59      1.18    1.02    1.00
  15134                CONDUIT     0.121     0  00:14      1.66    1.46    1.00
  15135                CONDUIT     0.299     0  02:00      1.81    1.29    0.90
  15136                CONDUIT     0.061     0  00:14      0.83    0.73    1.00
  15137                CONDUIT     0.150     0  01:59      2.05    8.73    1.00
  15153                CONDUIT     0.050     0  01:50      0.69    0.86    1.00
  15154                CONDUIT     0.072     0  00:06      0.99    1.23    1.00
  15155                CONDUIT     0.109     0  00:06      1.49    1.87    1.00
  15156                CONDUIT     0.174     0  01:51      2.40    2.99    0.98
  15157                CONDUIT     0.072     0  00:36      1.02    1.92    1.00
  15162                CONDUIT     0.146     0  01:59      2.23    3.89    0.87
  15169                CONDUIT     0.136     0  00:09      1.86    1.43    1.00
  15170                CONDUIT     0.150     0  02:00      2.05    2.31    1.00
  15173                CONDUIT     0.205     0  01:53      2.80    2.15    1.00
  15174                CONDUIT     0.075     0  01:59      1.12    0.49    1.00
  15175                CONDUIT     0.279     0  01:57      1.58    0.91    0.65
  15181                CONDUIT     0.374     0  02:00      1.84    1.08    0.75
  15182                CONDUIT     0.299     0  02:00      1.37    0.86    0.81
  15183                CONDUIT     0.224     0  02:00      1.10    0.65    0.76
  15185                CONDUIT     0.879     0  01:53      3.47    2.26    0.84
  15186                CONDUIT     0.150     0  02:00      0.90    0.43    0.62
  15187                CONDUIT     0.075     0  02:00      1.13    0.22    0.25
  15194                CONDUIT     0.075     0  01:59      1.02    3.87    1.00
  15195                CONDUIT     0.150     0  01:59      2.07    3.51    0.96
  15196                CONDUIT     0.075     0  01:59      1.02    1.72    1.00
  15220                CONDUIT     0.075     0  02:00      1.16    2.06    0.86
  15228                CONDUIT     0.804     0  01:53      2.84    1.54    1.00
  15229                CONDUIT     0.729     0  01:50      2.58    1.67    1.00
  15230                CONDUIT     0.655     0  01:53      2.31    1.48    1.00
  15234                CONDUIT     0.580     0  01:11      2.05    1.16    1.00
  15236                CONDUIT     0.505     0  01:33      1.79    1.01    1.00
  15237                CONDUIT     0.435     0  02:02      1.71    0.99    1.00
  15239                CONDUIT     0.384     0  02:02      2.41    2.51    1.00
  15240                CONDUIT     0.225     0  01:56      1.41    0.84    1.00
  15242                CONDUIT     0.150     0  01:55      0.95    0.55    1.00
  15243                CONDUIT     0.092     0  02:02      1.03    0.24    1.00
  15244                CONDUIT     0.163     0  00:10      2.31    3.17    1.00
  15245                CONDUIT     0.075     0  01:59      1.06    1.45    1.00
  15246                CONDUIT     0.075     0  01:59      1.06    1.80    1.00
  15280                CONDUIT     0.228     0  02:00      2.00    0.94    0.67
  15281                CONDUIT     0.150     0  01:59      1.35    0.58    0.66
  15283                CONDUIT     0.299     0  01:59      2.20    2.06    0.80
  15285                CONDUIT     0.224     0  01:59      1.41    1.41    1.00
  15286                CONDUIT     0.154     0  02:01      1.15    0.51    1.00
  15287                CONDUIT     0.081     0  02:00      0.99    0.41    0.90
  15288                CONDUIT     0.075     0  01:53      1.02    1.23    1.00
  15289                CONDUIT     0.150     0  01:59      2.07    2.45    0.96
  15290                CONDUIT     0.224     0  02:00      1.07    0.89    0.96
  15291                CONDUIT     0.299     0  02:00      1.39    1.19    0.97
  15295                CONDUIT     0.374     0  02:00      1.49    1.17    0.93
  15296                CONDUIT     0.075     0  02:00      1.27    1.02    0.75
  2171049803_COLLECT   CONDUIT     0.374     0  01:59      1.73    0.01    0.04
  2172038505_COLLECT   CONDUIT     0.972     0  02:00      1.73    0.02    0.07
  2172038509_COLLECT   CONDUIT     1.752     0  00:52      1.90    0.04    0.10
  2172039202_COLLECT   CONDUIT     0.641     0  01:55      1.73    0.02    0.06
  2172039304_COLLECT   CONDUIT     0.846     0  01:45      1.73    0.02    0.07
  2172043605_COLLECT   CONDUIT     1.077     0  01:50      1.73    0.03    0.08
  2172043606_COLLECT   CONDUIT     0.393     0  01:59      1.73    0.01    0.04
  2172043905_COLLECT   CONDUIT     1.775     0  01:58      1.85    0.04    0.10
  2172044706_COLLECT   CONDUIT     1.359     0  01:58      1.73    0.03    0.08
  2172045701_COLLECT   CONDUIT     0.615     0  02:00      1.73    0.02    0.05
  2172052105_COLLECT   CONDUIT     1.047     0  01:59      1.73    0.03    0.07
  2172056405_COLLECT   CONDUIT     0.707     0  01:59      1.73    0.02    0.06
  2172057101_COLLECT   CONDUIT     0.395     0  01:51      1.73    0.01    0.04
  2172057309_COLLECT   CONDUIT     1.233     0  01:56      1.73    0.03    0.08
  2172059301_COLLECT   CONDUIT     0.600     0  01:59      1.73    0.02    0.05
  2173031302_COLLECT   CONDUIT     1.580     0  02:00      1.78    0.04    0.09
  2173031402_COLLECT   CONDUIT     0.641     0  01:56      1.73    0.02    0.06
  2173033601_COLLECT   CONDUIT     0.780     0  01:58      1.73    0.02    0.06
  2173035301_COLLECT   CONDUIT     0.673     0  01:59      1.73    0.02    0.06
  2173047701_COLLECT   CONDUIT     1.237     0  01:56      1.73    0.03    0.08
  2173048204_COLLECT   CONDUIT     3.741     0  01:58      2.22    0.09    0.14
  2173059104_COLLECT   CONDUIT     1.067     0  01:59      1.73    0.03    0.07
  2174041502_COLLECT   CONDUIT     0.898     0  02:00      1.73    0.02    0.07
  2174041801_COLLECT   CONDUIT     0.932     0  02:00      1.73    0.02    0.07
  2174042901_COLLECT   CONDUIT     2.320     0  01:00      2.03    0.06    0.11
  2174052402_COLLECT   CONDUIT     1.421     0  01:59      1.73    0.04    0.09
  2174053507_COLLECT   CONDUIT     1.421     0  01:58      1.78    0.04    0.09
  
  
  ***************************
  Flow Classification Summary
  ***************************
  
  -------------------------------------------------------------------------------------
                      Adjusted    ---------- Fraction of Time in Flow Class ---------- 
                       /Actual         Up    Down  Sub   Sup   Up    Down  Norm  Inlet 
  Conduit               Length    Dry  Dry   Dry   Crit  Crit  Crit  Crit  Ltd   Ctrl  
  -------------------------------------------------------------------------------------
  17233                   1.00   0.00  0.00  0.00  0.00  1.00  0.00  0.00  0.17  0.00
  17239                   1.00   0.00  0.00  0.00  1.00  0.00  0.00  0.00  0.27  0.00
  17240                   1.00   0.00  0.00  0.00  1.00  0.00  0.00  0.00  0.26  0.00
  17241                   1.00   0.00  0.00  0.00  1.00  0.00  0.00  0.00  0.25  0.00
  17242                   1.00   0.00  0.00  0.00  1.00  0.00  0.00  0.00  0.26  0.00
  17248                   1.00   0.00  0.00  0.00  1.00  0.00  0.00  0.00  0.29  0.00
  17250                   1.00   0.00  0.00  0.00  1.00  0.00  0.00  0.00  0.27  0.00
  17252                   1.00   0.00  0.00  0.00  1.00  0.00  0.00  0.00  0.00  0.00
  17253                   1.00   0.00  0.00  0.00  1.00  0.00  0.00  0.00  0.22  0.00
  17254                   1.00   0.00  0.00  0.00  1.00  0.00  0.00  0.00  0.27  0.00
  17255                   1.00   0.00  0.00  0.00  1.00  0.00  0.00  0.00  0.22  0.00
  17256                   1.00   0.00  0.00  0.00  1.00  0.00  0.00  0.00  0.28  0.00
  17257                   1.00   0.00  0.28  0.00  0.69  0.00  0.03  0.00  0.00  0.00
  17259                   1.00   0.00  0.00  0.00  1.00  0.00  0.00  0.00  0.12  0.00
  17260                   1.00   0.00  0.00  0.00  1.00  0.00  0.00  0.00  0.32  0.00
  17263                   1.00   0.00  0.00  0.00  1.00  0.00  0.00  0.00  0.23  0.00
  17264                   1.00   0.00  0.00  0.00  1.00  0.00  0.00  0.00  0.20  0.00
  17265                   1.00   0.00  0.00  0.00  1.00  0.00  0.00  0.00  0.24  0.00
  17266                   1.00   0.00  0.00  0.00  1.00  0.00  0.00  0.00  0.19  0.00
  17267                   1.00   0.00  0.00  0.00  1.00  0.00  0.00  0.00  0.25  0.00
  17269                   1.00   0.00  0.00  0.00  1.00  0.00  0.00  0.00  0.00  0.00
  17270                   1.00   0.00  0.00  0.00  1.00  0.00  0.00  0.00  0.23  0.00
  17271                   1.00   0.00  0.00  0.00  1.00  0.00  0.00  0.00  0.25  0.00
  17272                   1.00   0.00  0.00  0.00  0.63  0.37  0.00  0.00  0.31  0.00
  17273                   1.00   0.00  0.00  0.00  1.00  0.00  0.00  0.00  0.00  0.00
  17274                   1.00   0.00  0.00  0.00  0.63  0.37  0.00  0.00  0.31  0.00
  17275                   1.00   0.00  0.00  0.00  0.99  0.01  0.00  0.00  0.39  0.00
  17276                   1.00   0.00  0.00  0.00  1.00  0.00  0.00  0.00  0.33  0.00
  17277                   1.00   0.00  0.00  0.00  1.00  0.00  0.00  0.00  0.00  0.00
  17278                   1.00   0.00  0.00  0.00  0.99  0.01  0.00  0.00  0.44  0.00
  17279                   1.00   0.00  0.00  0.00  0.61  0.00  0.00  0.39  0.00  0.00
  17280                   1.00   0.00  0.00  0.00  0.56  0.03  0.00  0.41  0.00  0.00
  17290                   1.00   0.00  0.00  0.00  0.00  0.00  0.00  1.00  0.00  0.00
  17291                   1.00   0.00  0.00  0.00  0.00  1.00  0.00  0.00  0.08  0.00
  17292                   1.00   0.00  0.00  0.00  1.00  0.00  0.00  0.00  0.28  0.00
  17293                   1.00   0.00  0.00  0.00  1.00  0.00  0.00  0.00  0.22  0.00
  17294                   1.00   0.00  0.00  0.00  0.00  1.00  0.00  0.00  0.83  0.00
  17295                   1.00   0.00  0.00  0.00  0.16  0.84  0.00  0.00  0.03  0.00
  17297                   1.00   0.00  0.00  0.00  0.68  0.32  0.00  0.00  0.00  0.00
  17298                   1.00   0.00  0.00  0.00  1.00  0.00  0.00  0.00  0.26  0.00
  17299                   1.00   0.00  0.30  0.00  0.00  0.00  0.70  0.00  0.00  0.00
  17300                   1.00   0.00  0.00  0.00  1.00  0.00  0.00  0.00  0.33  0.00
  17304                   1.00   0.00  0.00  0.00  1.00  0.00  0.00  0.00  0.34  0.00
  17307                   1.00   0.00  0.00  0.00  1.00  0.00  0.00  0.00  0.28  0.00
  17308                   1.00   0.00  0.00  0.00  1.00  0.00  0.00  0.00  0.10  0.00
  17309                   1.00   0.00  0.00  0.00  0.76  0.00  0.00  0.24  0.03  0.00
  17310                   1.00   0.00  0.00  0.00  1.00  0.00  0.00  0.00  0.28  0.00
  17311                   1.00   0.00  0.00  0.00  1.00  0.00  0.00  0.00  0.00  0.00
  17312                   1.00   0.00  0.00  0.00  1.00  0.00  0.00  0.00  0.28  0.00
  17313                   1.00   0.00  0.00  0.00  1.00  0.00  0.00  0.00  0.28  0.00
  17314                   1.00   0.00  0.00  0.00  1.00  0.00  0.00  0.00  0.31  0.00
  17315                   1.00   0.00  0.00  0.00  1.00  0.00  0.00  0.00  0.30  0.00
  17316                   1.00   0.00  0.00  0.00  1.00  0.00  0.00  0.00  0.99  0.00
  17317                   1.00   0.00  0.00  0.00  0.00  0.00  0.00  1.00  0.00  0.00
  17318                   1.00   0.00  0.00  0.00  0.00  0.00  0.00  1.00  0.00  0.00
  17319                   1.00   0.00  0.00  0.00  1.00  0.00  0.00  0.00  0.29  0.00
  17320                   1.00   0.00  0.00  0.00  1.00  0.00  0.00  0.00  0.29  0.00
  17321                   1.00   0.00  0.00  0.00  0.26  0.74  0.00  0.00  0.99  0.00
  17322                   1.00   0.00  0.00  0.00  1.00  0.00  0.00  0.00  0.31  0.00
  17323                   1.00   0.00  0.00  0.00  0.72  0.28  0.00  0.00  0.29  0.00
  17324                   1.00   0.00  0.00  0.00  0.11  0.89  0.00  0.00  0.32  0.00
  17325                   1.00   0.00  0.00  0.00  0.12  0.88  0.00  0.00  0.31  0.00
  17334                   1.00   0.00  0.00  0.00  0.00  1.00  0.00  0.00  0.92  0.00
  17335                   1.00   0.00  0.00  0.00  0.00  1.00  0.00  0.00  0.67  0.00
  17338                   1.00   0.00  0.00  0.00  0.00  1.00  0.00  0.00  0.32  0.00
  17339                   1.00   0.00  0.00  0.00  0.00  0.00  0.00  1.00  0.00  0.00
  17340                   1.00   0.00  0.00  0.00  0.00  0.00  0.00  1.00  0.00  0.00
  17341                   1.00   0.00  0.00  0.00  1.00  0.00  0.00  0.00  0.00  0.00
  17352                   1.00   0.00  0.00  0.00  1.00  0.00  0.00  0.00  0.28  0.00
  17372                   1.00   0.00  0.00  0.00  0.01  0.99  0.00  0.00  0.74  0.00
  17373                   1.00   0.00  0.00  0.00  0.95  0.05  0.00  0.00  0.29  0.00
  17375                   1.00   0.00  0.00  0.00  0.00  0.00  0.00  1.00  0.00  0.00
  17378                   1.00   0.00  0.00  0.00  0.00  1.00  0.00  0.00  0.99  0.00
  17379                   1.00   0.00  0.00  0.00  1.00  0.00  0.00  0.00  0.33  0.00
  17380                   1.00   0.00  0.00  0.00  1.00  0.00  0.00  0.00  0.31  0.00
  17381                   1.00   0.00  0.00  0.00  1.00  0.00  0.00  0.00  0.31  0.00
  17384                   1.00   0.00  0.00  0.00  1.00  0.00  0.00  0.00  0.37  0.00
  17386                   1.00   0.00  0.00  0.00  1.00  0.00  0.00  0.00  0.00  0.00
  17388                   1.00   0.00  0.00  0.00  0.99  0.01  0.00  0.00  0.99  0.00
  17390                   1.00   0.00  0.00  0.00  0.00  0.00  0.00  1.00  0.00  0.00
  17391                   1.00   0.00  0.00  0.00  0.99  0.01  0.00  0.00  0.99  0.00
  17392                   1.00   0.00  0.00  0.00  0.01  0.99  0.00  0.00  0.11  0.00
  17393                   1.00   0.00  0.00  0.00  0.95  0.05  0.00  0.00  0.34  0.00
  17409                   1.00   0.00  0.00  0.00  0.17  0.83  0.00  0.00  0.11  0.00
  17410                   1.00   0.00  0.00  0.00  1.00  0.00  0.00  0.00  0.38  0.00
  17411                   1.00   0.00  0.00  0.00  1.00  0.00  0.00  0.00  0.31  0.00
  17412                   1.00   0.00  0.00  0.00  0.99  0.01  0.00  0.00  0.29  0.00
  17413                   1.00   0.00  0.00  0.00  0.89  0.11  0.00  0.00  0.30  0.00
  17415                   1.00   0.00  0.00  0.00  0.93  0.07  0.00  0.00  0.30  0.00
  17416                   1.00   0.00  0.00  0.00  0.00  1.00  0.00  0.00  0.03  0.00
  17419                   1.00   0.00  0.00  0.00  0.22  0.78  0.00  0.00  0.00  0.00
  17420                   1.00   0.00  0.00  0.00  0.49  0.51  0.00  0.00  0.32  0.00
  17421                   1.00   0.00  0.00  0.00  0.94  0.06  0.00  0.00  0.32  0.00
  17429                   1.00   0.00  0.00  0.00  0.00  1.00  0.00  0.00  0.99  0.00
  17430                   1.00   0.00  0.00  0.00  0.00  0.00  0.00  1.00  0.00  0.00
  17431                   1.00   0.00  0.00  0.00  1.00  0.00  0.00  0.00  0.99  0.00
  17432                   1.00   0.00  0.00  0.00  0.00  1.00  0.00  0.00  0.99  0.00
  17433                   1.00   0.00  0.00  0.00  0.00  1.00  0.00  0.00  0.99  0.00
  17439                   1.00   0.00  0.00  0.00  0.00  1.00  0.00  0.00  0.98  0.00
  17440                   1.00   0.00  0.00  0.00  0.18  0.82  0.00  0.00  0.99  0.00
  17441                   1.00   0.00  0.00  0.00  1.00  0.00  0.00  0.00  0.00  0.00
  17442                   1.00   0.00  0.00  0.00  0.00  0.00  0.00  1.00  0.00  0.00
  17444                   1.00   0.00  0.00  0.00  1.00  0.00  0.00  0.00  0.00  0.00
  17445                   1.00   0.00  0.00  0.00  1.00  0.00  0.00  0.00  0.26  0.00
  17446                   1.00   0.00  0.00  0.00  1.00  0.00  0.00  0.00  0.27  0.00
  17447                   1.00   0.00  0.00  0.00  1.00  0.00  0.00  0.00  0.27  0.00
  17448                   1.00   0.00  0.00  0.00  1.00  0.00  0.00  0.00  0.23  0.00
  17449                   1.00   0.00  0.00  0.00  1.00  0.00  0.00  0.00  0.24  0.00
  17461                   1.00   0.00  0.00  0.00  1.00  0.00  0.00  0.00  0.99  0.00
  17463                   1.00   0.00  0.00  0.00  1.00  0.00  0.00  0.00  0.33  0.00
  17464                   1.00   0.00  0.00  0.00  0.00  0.00  0.00  1.00  0.00  0.00
  17477                   1.00   0.00  0.00  0.00  0.94  0.06  0.00  0.00  0.32  0.00
  17480                   1.00   0.00  0.00  0.00  0.18  0.82  0.00  0.00  0.33  0.00
  17481                   1.00   0.00  0.00  0.00  0.85  0.15  0.00  0.00  0.26  0.00
  17482                   1.00   0.00  0.00  0.00  0.00  0.00  0.00  1.00  0.00  0.00
  17483                   1.00   0.00  0.00  0.00  1.00  0.00  0.00  0.00  0.48  0.00
  17484                   1.00   0.00  0.00  0.00  1.00  0.00  0.00  0.00  0.37  0.00
  17500                   1.00   0.00  0.00  0.00  1.00  0.00  0.00  0.00  0.36  0.00
  17504                   1.00   0.00  0.00  0.00  0.59  0.03  0.00  0.38  0.00  0.00
  17505                   1.00   0.00  0.00  0.00  0.98  0.02  0.00  0.00  0.00  0.00
  17506                   1.00   0.00  0.00  0.00  1.00  0.00  0.00  0.00  0.12  0.00
  17507                   1.00   0.00  0.00  0.00  1.00  0.00  0.00  0.00  0.12  0.00
  17508                   1.00   0.00  0.00  0.00  1.00  0.00  0.00  0.00  0.24  0.00
  17523                   1.00   0.00  0.00  0.00  1.00  0.00  0.00  0.00  0.00  0.00
  17524                   1.00   0.00  0.00  0.00  1.00  0.00  0.00  0.00  0.00  0.00
  17525                   1.00   0.00  0.00  0.00  1.00  0.00  0.00  0.00  0.28  0.00
  17526                   1.00   0.00  0.00  0.00  1.00  0.00  0.00  0.00  0.00  0.00
  17527                   1.00   0.00  0.00  0.00  1.00  0.00  0.00  0.00  0.17  0.00
  17528                   1.00   0.00  0.00  0.00  1.00  0.00  0.00  0.00  0.21  0.00
  17529                   1.00   0.00  0.00  0.00  1.00  0.00  0.00  0.00  0.00  0.00
  17532                   1.00   0.00  0.00  0.00  0.69  0.00  0.00  0.31  0.00  0.00
  17533                   1.00   0.00  0.00  0.00  1.00  0.00  0.00  0.00  0.00  0.00
  17534                   1.00   0.00  0.00  0.00  1.00  0.00  0.00  0.00  0.01  0.00
  17536                   1.00   0.00  0.00  0.00  1.00  0.00  0.00  0.00  0.01  0.00
  17544                   1.00   0.00  0.00  0.00  1.00  0.00  0.00  0.00  0.21  0.00
  17547                   1.00   0.00  0.00  0.00  1.00  0.00  0.00  0.00  0.00  0.00
  17554                   1.00   0.00  0.00  0.00  1.00  0.00  0.00  0.00  0.00  0.00
  17555                   1.00   0.00  0.00  0.00  1.00  0.00  0.00  0.00  0.25  0.00
  17557                   1.00   0.00  0.00  0.00  1.00  0.00  0.00  0.00  0.22  0.00
  17561                   1.00   0.00  0.00  0.00  1.00  0.00  0.00  0.00  0.00  0.00
  17563                   1.00   0.00  0.00  0.00  1.00  0.00  0.00  0.00  0.00  0.00
  17564                   1.00   0.00  0.00  0.00  1.00  0.00  0.00  0.00  0.00  0.00
  17565                   1.00   0.00  0.00  0.00  1.00  0.00  0.00  0.00  0.01  0.00
  17566                   1.00   0.00  0.00  0.00  1.00  0.00  0.00  0.00  0.01  0.00
  17573                   1.00   0.00  0.00  0.00  1.00  0.00  0.00  0.00  0.00  0.00
  17575                   1.00   0.00  0.00  0.00  1.00  0.00  0.00  0.00  0.99  0.00
  17580                   1.00   0.00  0.01  0.00  0.99  0.00  0.00  0.00  0.01  0.00
  17582                   1.00   0.00  0.00  0.00  1.00  0.00  0.00  0.00  0.01  0.00
  17583                   1.00   0.00  0.00  0.00  1.00  0.00  0.00  0.00  0.26  0.00
  17584                   1.00   0.00  0.00  0.00  1.00  0.00  0.00  0.00  0.02  0.00
  17585                   1.00   0.00  0.00  0.00  1.00  0.00  0.00  0.00  0.26  0.00
  17586                   1.00   0.00  0.00  0.00  1.00  0.00  0.00  0.00  0.30  0.00
  17587                   1.00   0.00  0.00  0.00  1.00  0.00  0.00  0.00  0.32  0.00
  17588                   1.00   0.00  0.00  0.00  1.00  0.00  0.00  0.00  0.00  0.00
  17589                   1.00   0.00  0.00  0.00  1.00  0.00  0.00  0.00  0.31  0.00
  17590                   1.00   0.00  0.00  0.00  1.00  0.00  0.00  0.00  0.26  0.00
  17591                   1.00   0.00  0.00  0.00  1.00  0.00  0.00  0.00  0.31  0.00
  17592                   1.00   0.00  0.00  0.00  1.00  0.00  0.00  0.00  0.27  0.00
  17596                   1.00   0.00  0.00  0.00  1.00  0.00  0.00  0.00  0.00  0.00
  17598                   1.00   0.00  0.00  0.00  1.00  0.00  0.00  0.00  0.00  0.00
  17599                   1.00   0.00  0.00  0.00  0.00  0.00  0.00  1.00  0.00  0.00
  17600                   1.00   0.00  0.00  0.00  1.00  0.00  0.00  0.00  0.02  0.00
  17601                   1.00   0.00  0.00  0.00  1.00  0.00  0.00  0.00  0.01  0.00
  17604                   1.00   0.00  0.00  0.00  1.00  0.00  0.00  0.00  0.24  0.00
  17605                   1.00   0.00  0.00  0.00  1.00  0.00  0.00  0.00  0.23  0.00
  17606                   1.00   0.00  0.00  0.00  0.00  0.00  0.00  1.00  0.00  0.00
  17609                   1.00   0.00  0.00  0.00  1.00  0.00  0.00  0.00  0.12  0.00
  17611                   1.00   0.00  0.00  0.00  1.00  0.00  0.00  0.00  0.00  0.00
  17612                   1.00   0.00  0.00  0.00  1.00  0.00  0.00  0.00  0.29  0.00
  17613                   1.00   0.00  0.00  0.00  1.00  0.00  0.00  0.00  0.28  0.00
  17615                   1.00   0.00  0.00  0.00  0.00  0.00  0.00  1.00  0.00  0.00
  17616                   1.00   0.00  0.00  0.00  1.00  0.00  0.00  0.00  0.15  0.00
  17618                   1.00   0.00  0.00  0.00  0.00  0.00  0.00  1.00  0.00  0.00
  17619                   1.00   0.00  0.00  0.00  1.00  0.00  0.00  0.00  0.20  0.00
  17620                   1.00   0.00  0.00  0.00  0.73  0.00  0.00  0.27  0.01  0.00
  17621                   1.00   0.00  0.00  0.00  1.00  0.00  0.00  0.00  0.30  0.00
  17622                   1.00   0.00  0.00  0.00  0.99  0.01  0.00  0.00  0.34  0.00
  17623                   1.00   0.00  0.00  0.00  1.00  0.00  0.00  0.00  0.22  0.00
  17624                   1.00   0.00  0.00  0.00  1.00  0.00  0.00  0.00  0.31  0.00
  17625                   1.00   0.00  0.00  0.00  1.00  0.00  0.00  0.00  0.32  0.00
  17626                   1.00   0.00  0.00  0.00  0.56  0.01  0.00  0.43  0.05  0.00
  17627                   1.00   0.00  0.00  0.00  0.71  0.29  0.00  0.00  0.32  0.00
  17628                   1.00   0.00  0.00  0.00  1.00  0.00  0.00  0.00  0.27  0.00
  17630                   1.00   0.00  0.00  0.00  1.00  0.00  0.00  0.00  0.26  0.00
  17632                   1.00   0.00  0.00  0.00  1.00  0.00  0.00  0.00  0.25  0.00
  17633                   1.00   0.00  0.00  0.00  1.00  0.00  0.00  0.00  0.01  0.00
  17634                   1.00   0.00  0.00  0.00  1.00  0.00  0.00  0.00  0.24  0.00
  17635                   1.00   0.00  0.00  0.00  1.00  0.00  0.00  0.00  0.01  0.00
  17636                   1.00   0.00  0.00  0.00  1.00  0.00  0.00  0.00  0.06  0.00
  17637                   1.00   0.00  0.00  0.00  1.00  0.00  0.00  0.00  0.04  0.00
  17644                   1.00   0.00  0.00  0.00  1.00  0.00  0.00  0.00  0.15  0.00
  17645                   1.00   0.00  0.00  0.00  1.00  0.00  0.00  0.00  0.17  0.00
  17646                   1.00   0.00  0.00  0.00  1.00  0.00  0.00  0.00  0.04  0.00
  17647                   1.00   0.00  0.00  0.00  1.00  0.00  0.00  0.00  0.08  0.00
  17648                   1.00   0.00  0.00  0.00  1.00  0.00  0.00  0.00  0.07  0.00
  17652                   1.00   0.00  0.00  0.00  0.64  0.00  0.00  0.36  0.00  0.00
  17653                   1.00   0.00  0.00  0.00  1.00  0.00  0.00  0.00  0.16  0.00
  17655                   1.00   0.00  0.00  0.00  1.00  0.00  0.00  0.00  0.16  0.00
  17656                   1.00   0.00  0.00  0.00  1.00  0.00  0.00  0.00  0.01  0.00
  17658                   1.00   0.00  0.00  0.00  1.00  0.00  0.00  0.00  0.26  0.00
  17661                   1.00   0.00  0.00  0.00  0.00  0.00  0.00  1.00  0.00  0.00
  17662                   1.00   0.00  0.00  0.00  1.00  0.00  0.00  0.00  0.22  0.00
  17663                   1.00   0.00  0.00  0.00  1.00  0.00  0.00  0.00  0.20  0.00
  17664                   1.00   0.00  0.00  0.00  1.00  0.00  0.00  0.00  0.20  0.00
  17665                   1.00   0.00  0.00  0.00  1.00  0.00  0.00  0.00  0.16  0.00
  17666                   1.00   0.00  0.00  0.00  1.00  0.00  0.00  0.00  0.19  0.00
  17667                   1.00   0.00  0.00  0.00  1.00  0.00  0.00  0.00  0.20  0.00
  17669                   1.00   0.00  0.00  0.00  1.00  0.00  0.00  0.00  0.53  0.00
  17670                   1.00   0.00  0.00  0.00  1.00  0.00  0.00  0.00  0.29  0.00
  17671                   1.00   0.00  0.00  0.00  1.00  0.00  0.00  0.00  0.00  0.00
  17672                   1.00   0.00  0.00  0.00  1.00  0.00  0.00  0.00  0.05  0.00
  17673                   1.00   0.00  0.00  0.00  1.00  0.00  0.00  0.00  0.00  0.00
  17675                   1.00   0.00  0.00  0.00  0.66  0.00  0.00  0.34  0.00  0.00
  17676                   1.00   0.00  0.00  0.00  1.00  0.00  0.00  0.00  0.27  0.00
  17679                   1.00   0.00  0.00  0.00  1.00  0.00  0.00  0.00  0.00  0.00
  17680                   1.00   0.00  0.00  0.00  1.00  0.00  0.00  0.00  0.30  0.00
  17682                   1.00   0.00  0.00  0.00  0.90  0.00  0.00  0.10  0.24  0.00
  17689                   1.00   0.00  0.00  0.00  0.65  0.35  0.00  0.00  0.16  0.00
  17691                   1.00   0.00  0.00  0.00  0.66  0.33  0.00  0.00  0.30  0.00
  17694                   1.00   0.00  0.00  0.00  1.00  0.00  0.00  0.00  0.00  0.00
  17695                   1.00   0.00  0.00  0.00  1.00  0.00  0.00  0.00  0.25  0.00
  17696                   1.00   0.00  0.00  0.00  1.00  0.00  0.00  0.00  0.08  0.00
  17697                   1.00   0.00  0.00  0.00  1.00  0.00  0.00  0.00  0.23  0.00
  17698                   1.00   0.00  0.00  0.00  1.00  0.00  0.00  0.00  0.20  0.00
  17699                   1.00   0.00  0.00  0.00  1.00  0.00  0.00  0.00  0.22  0.00
  17700                   1.00   0.00  0.00  0.00  1.00  0.00  0.00  0.00  0.26  0.00
  17701                   1.00   0.00  0.00  0.00  1.00  0.00  0.00  0.00  0.14  0.00
  17703                   1.00   0.00  0.00  0.00  1.00  0.00  0.00  0.00  0.13  0.00
  17705                   1.00   0.00  0.00  0.00  1.00  0.00  0.00  0.00  0.27  0.00
  17706                   1.00   0.00  0.00  0.00  0.63  0.00  0.00  0.37  0.00  0.00
  17707                   1.00   0.00  0.00  0.00  1.00  0.00  0.00  0.00  0.19  0.00
  17709                   1.00   0.00  0.00  0.00  0.63  0.00  0.00  0.37  0.00  0.00
  17710                   1.00   0.00  0.00  0.00  1.00  0.00  0.00  0.00  0.27  0.00
  17711                   1.00   0.00  0.00  0.00  1.00  0.00  0.00  0.00  0.32  0.00
  17712                   1.00   0.00  0.00  0.00  1.00  0.00  0.00  0.00  0.28  0.00
  17713                   1.00   0.00  0.00  0.00  1.00  0.00  0.00  0.00  0.32  0.00
  17720                   1.00   0.00  0.00  0.00  1.00  0.00  0.00  0.00  0.00  0.00
  17722                   1.00   0.00  0.00  0.00  1.00  0.00  0.00  0.00  0.39  0.00
  17726                   1.00   0.00  0.00  0.00  1.00  0.00  0.00  0.00  0.19  0.00
  17727                   1.00   0.00  0.00  0.00  1.00  0.00  0.00  0.00  0.00  0.00
  17731                   1.00   0.00  0.00  0.00  0.98  0.02  0.00  0.00  0.34  0.00
  17732                   1.00   0.00  0.00  0.00  0.01  0.99  0.00  0.00  0.13  0.00
  17733                   1.00   0.00  0.00  0.00  0.67  0.33  0.00  0.00  0.33  0.00
  17734                   1.00   0.00  0.00  0.00  0.72  0.28  0.00  0.00  0.33  0.00
  17735                   1.00   0.00  0.00  0.00  0.82  0.18  0.00  0.00  0.39  0.00
  17736                   1.00   0.00  0.00  0.00  1.00  0.00  0.00  0.00  0.29  0.00
  17737                   1.00   0.00  0.00  0.00  1.00  0.00  0.00  0.00  0.28  0.00
  17738                   1.00   0.00  0.00  0.00  0.64  0.36  0.00  0.00  0.18  0.00
  17739                   1.00   0.00  0.00  0.00  1.00  0.00  0.00  0.00  0.29  0.00
  17740                   1.00   0.00  0.00  0.00  0.65  0.35  0.00  0.00  0.30  0.00
  17745                   1.00   0.00  0.00  0.00  1.00  0.00  0.00  0.00  0.23  0.00
  17746                   1.00   0.00  0.00  0.00  1.00  0.00  0.00  0.00  0.29  0.00
  17750                   1.00   0.00  0.00  0.00  1.00  0.00  0.00  0.00  0.11  0.00
  17753                   1.00   0.00  0.00  0.00  1.00  0.00  0.00  0.00  0.24  0.00
  17754                   1.00   0.00  0.00  0.00  1.00  0.00  0.00  0.00  0.23  0.00
  17755                   1.00   0.00  0.00  0.00  1.00  0.00  0.00  0.00  0.22  0.00
  17756                   1.00   0.00  0.00  0.00  1.00  0.00  0.00  0.00  0.25  0.00
  17757                   1.00   0.00  0.00  0.00  1.00  0.00  0.00  0.00  0.20  0.00
  17758                   1.00   0.00  0.00  0.00  1.00  0.00  0.00  0.00  0.10  0.00
  17759                   1.00   0.00  0.00  0.00  1.00  0.00  0.00  0.00  0.00  0.00
  17760                   1.00   0.00  0.00  0.00  1.00  0.00  0.00  0.00  0.26  0.00
  17761                   1.00   0.00  0.00  0.00  1.00  0.00  0.00  0.00  0.01  0.00
  17762                   1.00   0.00  0.00  0.00  1.00  0.00  0.00  0.00  0.18  0.00
  17764                   1.00   0.00  0.00  0.00  0.64  0.36  0.00  0.00  0.00  0.00
  17765                   1.00   0.00  0.00  0.00  0.03  0.97  0.00  0.00  0.00  0.00
  17766                   1.00   0.00  0.00  0.00  1.00  0.00  0.00  0.00  0.31  0.00
  17767                   1.00   0.00  0.00  0.00  1.00  0.00  0.00  0.00  0.99  0.00
  17768                   1.00   0.00  0.00  0.00  1.00  0.00  0.00  0.00  0.98  0.00
  17769                   1.00   0.00  0.00  0.00  1.00  0.00  0.00  0.00  0.32  0.00
  17770                   1.00   0.00  0.00  0.00  1.00  0.00  0.00  0.00  0.30  0.00
  17771                   1.00   0.00  0.00  0.00  1.00  0.00  0.00  0.00  0.30  0.00
  17773                   1.00   0.00  0.00  0.00  1.00  0.00  0.00  0.00  0.32  0.00
  17774                   1.00   0.00  0.00  0.00  0.57  0.00  0.00  0.43  0.01  0.00
  17775                   1.00   0.00  0.00  0.00  0.59  0.00  0.00  0.41  0.00  0.00
  17777                   1.00   0.00  0.00  0.00  1.00  0.00  0.00  0.00  0.30  0.00
  17778                   1.00   0.00  0.00  0.00  1.00  0.00  0.00  0.00  0.29  0.00
  17779                   1.00   0.00  0.00  0.00  0.99  0.01  0.00  0.00  0.99  0.00
  17780                   1.00   0.00  0.00  0.00  1.00  0.00  0.00  0.00  0.29  0.00
  17781                   1.00   0.00  0.00  0.00  0.98  0.02  0.00  0.00  0.55  0.00
  17782                   1.00   0.00  0.00  0.00  0.62  0.06  0.00  0.32  0.05  0.00
  17783                   1.00   0.00  0.00  0.00  1.00  0.00  0.00  0.00  0.32  0.00
  17784                   1.00   0.00  0.00  0.00  0.64  0.00  0.00  0.36  0.00  0.00
  17785                   1.00   0.00  0.00  0.00  1.00  0.00  0.00  0.00  0.29  0.00
  17786                   1.00   0.00  0.00  0.00  0.66  0.34  0.00  0.00  0.31  0.00
  17787                   1.00   0.00  0.00  0.00  0.65  0.35  0.00  0.00  0.31  0.00
  17788                   1.00   0.00  0.00  0.00  0.65  0.35  0.00  0.00  0.31  0.00
  17790                   1.00   0.00  0.00  0.00  0.70  0.30  0.00  0.00  0.32  0.00
  17791                   1.00   0.00  0.00  0.00  0.33  0.67  0.00  0.00  0.03  0.00
  17797                   1.00   0.00  0.00  0.00  0.65  0.35  0.00  0.00  0.14  0.00
  17799                   1.00   0.00  0.00  0.00  0.87  0.13  0.00  0.00  0.32  0.00
  17802                   1.00   0.00  0.00  0.00  0.90  0.10  0.00  0.00  0.32  0.00
  17805                   1.00   0.00  0.00  0.00  1.00  0.00  0.00  0.00  0.29  0.00
  17807                   1.00   0.00  0.00  0.00  1.00  0.00  0.00  0.00  0.00  0.00
  17808                   1.00   0.00  0.00  0.00  1.00  0.00  0.00  0.00  0.20  0.00
  17809                   1.00   0.00  0.00  0.00  1.00  0.00  0.00  0.00  0.00  0.00
  17810                   1.00   0.00  0.00  0.00  0.72  0.00  0.00  0.28  0.00  0.00
  17811                   1.00   0.00  0.00  0.00  0.79  0.00  0.00  0.21  0.07  0.00
  17812                   1.00   0.00  0.00  0.00  1.00  0.00  0.00  0.00  0.00  0.00
  17813                   1.00   0.00  0.00  0.00  1.00  0.00  0.00  0.00  0.22  0.00
  17814                   1.00   0.00  0.00  0.00  1.00  0.00  0.00  0.00  0.00  0.00
  17815                   1.00   0.00  0.00  0.00  1.00  0.00  0.00  0.00  0.21  0.00
  17816                   1.00   0.00  0.00  0.00  1.00  0.00  0.00  0.00  0.04  0.00
  17817                   1.00   0.00  0.00  0.00  1.00  0.00  0.00  0.00  0.30  0.00
  17818                   1.00   0.00  0.00  0.00  1.00  0.00  0.00  0.00  0.33  0.00
  17819                   1.00   0.00  0.00  0.00  1.00  0.00  0.00  0.00  0.22  0.00
  17820                   1.00   0.00  0.00  0.00  1.00  0.00  0.00  0.00  0.17  0.00
  17821                   1.00   0.00  0.00  0.00  1.00  0.00  0.00  0.00  0.00  0.00
  17822                   1.00   0.00  0.00  0.00  1.00  0.00  0.00  0.00  0.01  0.00
  17824                   1.00   0.00  0.00  0.00  0.00  0.00  0.00  1.00  0.00  0.00
  17825                   1.00   0.00  0.00  0.00  1.00  0.00  0.00  0.00  0.32  0.00
  17826                   1.00   0.00  0.00  0.00  1.00  0.00  0.00  0.00  0.31  0.00
  17830                   1.00   0.00  0.00  0.00  0.59  0.41  0.00  0.00  0.11  0.00
  17831                   1.00   0.00  0.00  0.00  1.00  0.00  0.00  0.00  0.26  0.00
  17832                   1.00   0.00  0.00  0.00  0.93  0.07  0.00  0.00  0.17  0.00
  17833                   1.00   0.00  0.00  0.00  0.72  0.00  0.00  0.28  0.02  0.00
  17834                   1.00   0.00  0.00  0.00  0.73  0.27  0.00  0.00  0.27  0.00
  17835                   1.00   0.00  0.00  0.00  1.00  0.00  0.00  0.00  0.31  0.00
  17836                   1.00   0.00  0.00  0.00  0.78  0.00  0.00  0.21  0.09  0.00
  17837                   1.00   0.00  0.00  0.00  0.00  0.00  0.00  1.00  0.00  0.00
  17838                   1.00   0.00  0.00  0.00  0.65  0.35  0.00  0.00  0.30  0.00
  17839                   1.00   0.00  0.00  0.00  0.66  0.34  0.00  0.00  0.31  0.00
  17840                   1.00   0.00  0.00  0.00  0.65  0.35  0.00  0.00  0.30  0.00
  17841                   1.00   0.00  0.00  0.00  0.93  0.07  0.00  0.00  0.31  0.00
  17842                   1.00   0.00  0.00  0.00  1.00  0.00  0.00  0.00  0.32  0.00
  17843                   1.00   0.00  0.00  0.00  0.99  0.01  0.00  0.00  0.33  0.00
  17844                   1.00   0.00  0.00  0.00  1.00  0.00  0.00  0.00  0.29  0.00
  17845                   1.00   0.00  0.00  0.00  1.00  0.00  0.00  0.00  0.99  0.00
  17846                   1.00   0.00  0.00  0.00  1.00  0.00  0.00  0.00  0.29  0.00
  17850                   1.00   0.00  0.00  0.00  1.00  0.00  0.00  0.00  0.29  0.00
  17851                   1.00   0.00  0.00  0.00  1.00  0.00  0.00  0.00  0.29  0.00
  17852                   1.00   0.00  0.00  0.00  1.00  0.00  0.00  0.00  0.29  0.00
  17853                   1.00   0.00  0.00  0.00  1.00  0.00  0.00  0.00  0.24  0.00
  17854                   1.00   0.00  0.00  0.00  1.00  0.00  0.00  0.00  0.24  0.00
  17855                   1.00   0.00  0.00  0.00  1.00  0.00  0.00  0.00  0.00  0.00
  17856                   1.00   0.00  0.00  0.00  1.00  0.00  0.00  0.00  0.24  0.00
  17857                   1.00   0.00  0.00  0.00  1.00  0.00  0.00  0.00  0.03  0.00
  17858                   1.00   0.00  0.00  0.00  1.00  0.00  0.00  0.00  0.26  0.00
  17859                   1.00   0.00  0.00  0.00  1.00  0.00  0.00  0.00  0.26  0.00
  17860                   1.00   0.00  0.00  0.00  0.00  0.00  0.00  1.00  0.00  0.00
  17861                   1.00   0.00  0.00  0.00  0.65  0.35  0.00  0.00  0.31  0.00
  17862                   1.00   0.00  0.00  0.00  0.99  0.01  0.00  0.00  0.35  0.00
  17864                   1.00   0.00  0.00  0.00  1.00  0.00  0.00  0.00  0.33  0.00
  17865                   1.00   0.00  0.25  0.00  0.00  0.00  0.75  0.00  0.00  0.00
  17866                   1.00   0.00  0.00  0.00  0.00  0.00  0.00  1.00  0.00  0.00
  17867                   1.00   0.00  0.00  0.00  1.00  0.00  0.00  0.00  0.04  0.00
  17868                   1.00   0.00  0.00  0.00  1.00  0.00  0.00  0.00  0.26  0.00
  17869                   1.00   0.00  0.00  0.00  0.64  0.36  0.00  0.00  0.31  0.00
  17878                   1.00   0.00  0.00  0.00  1.00  0.00  0.00  0.00  0.99  0.00
  17879                   1.00   0.00  0.00  0.00  1.00  0.00  0.00  0.00  0.99  0.00
  17880                   1.00   0.00  0.00  0.00  1.00  0.00  0.00  0.00  0.33  0.00
  17881                   1.00   0.00  0.00  0.00  1.00  0.00  0.00  0.00  0.32  0.00
  17882                   1.00   0.00  0.00  0.00  1.00  0.00  0.00  0.00  0.00  0.00
  17889                   1.00   0.00  0.00  0.00  0.00  0.00  0.00  1.00  0.00  0.00
  17890                   1.00   0.00  0.00  0.00  1.00  0.00  0.00  0.00  0.31  0.00
  17891                   1.00   0.00  0.00  0.00  1.00  0.00  0.00  0.00  0.29  0.00
  17892                   1.00   0.00  0.00  0.00  1.00  0.00  0.00  0.00  0.31  0.00
  17914                   1.00   0.00  0.00  0.00  1.00  0.00  0.00  0.00  0.31  0.00
  17915                   1.00   0.00  0.00  0.00  1.00  0.00  0.00  0.00  0.00  0.00
  17937                   1.00   0.00  0.00  0.00  1.00  0.00  0.00  0.00  0.01  0.00
  17938                   1.00   0.00  0.00  0.00  1.00  0.00  0.00  0.00  0.00  0.00
  17939                   1.00   0.00  0.00  0.00  1.00  0.00  0.00  0.00  0.00  0.00
  17941                   1.00   0.00  0.00  0.00  1.00  0.00  0.00  0.00  0.26  0.00
  17942                   1.00   0.00  0.00  0.00  1.00  0.00  0.00  0.00  0.18  0.00
  17943                   1.00   0.00  0.00  0.00  1.00  0.00  0.00  0.00  0.25  0.00
  17945                   1.00   0.00  0.00  0.00  1.00  0.00  0.00  0.00  0.01  0.00
  17947                   1.00   0.00  0.00  0.00  1.00  0.00  0.00  0.00  0.26  0.00
  17948                   1.00   0.00  0.00  0.00  1.00  0.00  0.00  0.00  0.01  0.00
  17949                   1.00   0.00  0.00  0.00  1.00  0.00  0.00  0.00  0.01  0.00
  17973                   1.00   0.00  0.00  0.00  1.00  0.00  0.00  0.00  0.00  0.00
  17974                   1.00   0.00  0.00  0.00  1.00  0.00  0.00  0.00  0.01  0.00
  17975                   1.00   0.00  0.00  0.00  1.00  0.00  0.00  0.00  0.03  0.00
  17976                   1.00   0.00  0.00  0.00  1.00  0.00  0.00  0.00  0.02  0.00
  17977                   1.00   0.00  0.00  0.00  1.00  0.00  0.00  0.00  0.00  0.00
  17983                   1.00   0.00  0.00  0.00  0.00  0.00  0.00  1.00  0.00  0.00
  17985                   1.00   0.00  0.00  0.00  0.99  0.00  0.00  0.01  0.00  0.00
  17986                   1.00   0.00  0.00  0.00  1.00  0.00  0.00  0.00  0.98  0.00
  17987                   1.00   0.00  0.00  0.00  1.00  0.00  0.00  0.00  0.33  0.00
  17988                   1.00   0.00  0.00  0.00  1.00  0.00  0.00  0.00  0.00  0.00
  17989                   1.00   0.00  0.00  0.00  0.65  0.00  0.34  0.00  0.00  0.00
  17990                   1.00   0.00  0.00  0.00  0.00  0.00  0.00  1.00  0.00  0.00
  17991                   1.00   0.00  0.00  0.00  1.00  0.00  0.00  0.00  0.00  0.00
  17993                   1.00   0.00  0.00  0.00  1.00  0.00  0.00  0.00  0.01  0.00
  17994                   1.00   0.31  0.00  0.00  0.00  0.00  0.00  0.69  0.00  0.00
  17995                   1.00   0.00  0.00  0.00  1.00  0.00  0.00  0.00  0.27  0.00
  17998                   1.00   0.00  0.00  0.00  0.88  0.12  0.00  0.00  0.29  0.00
  17999                   1.00   0.00  0.00  0.00  0.66  0.34  0.00  0.00  0.07  0.00
  18000                   1.00   0.00  0.00  0.00  0.00  0.00  0.00  1.00  0.00  0.00
  18001                   1.00   0.00  0.00  0.00  0.99  0.01  0.00  0.00  0.99  0.00
  18002                   1.00   0.32  0.00  0.00  0.00  0.00  0.00  0.68  0.00  0.00
  18003                   1.00   0.00  0.03  0.00  0.97  0.00  0.00  0.00  0.31  0.00
  18004                   1.00   0.00  0.00  0.00  1.00  0.00  0.00  0.00  0.00  0.00
  18005                   1.00   0.00  0.00  0.00  0.65  0.00  0.00  0.35  0.00  0.00
  18006                   1.00   0.00  0.00  0.00  0.65  0.00  0.00  0.35  0.00  0.00
  18007                   1.00   0.00  0.00  0.00  1.00  0.00  0.00  0.00  0.27  0.00
  18008                   1.00   0.00  0.00  0.00  1.00  0.00  0.00  0.00  0.00  0.00
  18009                   1.00   0.00  0.00  0.00  1.00  0.00  0.00  0.00  0.00  0.00
  18010                   1.00   0.00  0.00  0.00  1.00  0.00  0.00  0.00  0.00  0.00
  18026                   1.00   0.00  0.00  0.00  1.00  0.00  0.00  0.00  0.02  0.00
  18029                   1.00   0.00  0.00  0.00  0.00  0.00  0.00  1.00  0.00  0.00
  18031                   1.00   0.00  0.00  0.00  1.00  0.00  0.00  0.00  0.02  0.00
  18032                   1.00   0.00  0.00  0.00  1.00  0.00  0.00  0.00  0.02  0.00
  18033                   1.00   0.00  0.00  0.00  1.00  0.00  0.00  0.00  0.00  0.00
  18034                   1.00   0.00  0.00  0.00  1.00  0.00  0.00  0.00  0.00  0.00
  18035                   1.00   0.00  0.00  0.00  1.00  0.00  0.00  0.00  0.00  0.00
  18036                   1.00   0.00  0.00  0.00  1.00  0.00  0.00  0.00  0.00  0.00
  18037                   1.00   0.00  0.00  0.00  1.00  0.00  0.00  0.00  0.00  0.00
  18038                   1.00   0.00  0.00  0.00  0.78  0.00  0.00  0.22  0.00  0.00
  18039                   1.00   0.00  0.00  0.00  1.00  0.00  0.00  0.00  0.00  0.00
  18042                   1.00   0.00  0.00  0.00  1.00  0.00  0.00  0.00  0.00  0.00
  18043                   1.00   0.00  0.00  0.00  1.00  0.00  0.00  0.00  0.00  0.00
  18044                   1.00   0.00  0.00  0.00  1.00  0.00  0.00  0.00  0.00  0.00
  18051                   1.00   0.00  0.00  0.00  1.00  0.00  0.00  0.00  0.00  0.00
  18056                   1.00   0.00  0.00  0.00  1.00  0.00  0.00  0.00  0.00  0.00
  18070                   1.00   0.00  0.00  0.00  0.00  0.00  0.00  1.00  0.00  0.00
  18072                   1.00   0.00  0.00  0.00  0.99  0.01  0.00  0.00  0.99  0.00
  18074                   1.00   0.00  0.00  0.00  1.00  0.00  0.00  0.00  0.00  0.00
  18076                   1.00   0.00  0.00  0.00  1.00  0.00  0.00  0.00  0.19  0.00
  18077                   1.00   0.00  0.00  0.00  1.00  0.00  0.00  0.00  0.00  0.00
  18078                   1.00   0.00  0.00  0.00  1.00  0.00  0.00  0.00  0.37  0.00
  18079                   1.00   0.00  0.00  0.00  1.00  0.00  0.00  0.00  0.37  0.00
  18082                   1.00   0.00  0.00  0.00  1.00  0.00  0.00  0.00  0.24  0.00
  18085                   1.00   0.00  0.00  0.00  1.00  0.00  0.00  0.00  0.00  0.00
  18087                   1.00   0.00  0.00  0.00  1.00  0.00  0.00  0.00  0.24  0.00
  18088                   1.00   0.00  0.00  0.00  1.00  0.00  0.00  0.00  0.00  0.00
  18089                   1.00   0.00  0.00  0.00  1.00  0.00  0.00  0.00  0.22  0.00
  18091                   1.00   0.00  0.00  0.00  0.72  0.00  0.00  0.28  0.00  0.00
  18093                   1.00   0.00  0.00  0.00  1.00  0.00  0.00  0.00  0.00  0.00
  18094                   1.00   0.00  0.00  0.00  1.00  0.00  0.00  0.00  0.15  0.00
  18096                   1.00   0.00  0.00  0.00  1.00  0.00  0.00  0.00  0.18  0.00
  18097                   1.00   0.00  0.00  0.00  1.00  0.00  0.00  0.00  0.28  0.00
  18098                   1.00   0.00  0.00  0.00  1.00  0.00  0.00  0.00  0.19  0.00
  18101                   1.00   0.00  0.00  0.00  0.85  0.15  0.00  0.00  0.07  0.00
  18102                   1.00   0.00  0.00  0.00  0.99  0.01  0.00  0.00  0.99  0.00
  18103                   1.00   0.00  0.00  0.00  1.00  0.00  0.00  0.00  0.42  0.00
  18104                   1.00   0.00  0.00  0.00  1.00  0.00  0.00  0.00  0.32  0.00
  18105                   1.00   0.00  0.00  0.00  1.00  0.00  0.00  0.00  0.04  0.00
  18106                   1.00   0.00  0.00  0.00  1.00  0.00  0.00  0.00  0.99  0.00
  18107                   1.00   0.00  0.00  0.00  1.00  0.00  0.00  0.00  0.00  0.00
  18110                   1.00   0.00  0.00  0.00  1.00  0.00  0.00  0.00  0.00  0.00
  18112                   1.00   0.00  0.00  0.00  0.02  0.98  0.00  0.00  0.00  0.00
  18113                   1.00   0.00  0.00  0.00  1.00  0.00  0.00  0.00  0.30  0.00
  18114                   1.00   0.00  0.00  0.00  1.00  0.00  0.00  0.00  0.30  0.00
  18116                   1.00   0.00  0.00  0.00  0.77  0.23  0.00  0.00  0.10  0.00
  18117                   1.00   0.00  0.00  0.00  1.00  0.00  0.00  0.00  0.19  0.00
  18119                   1.00   0.00  0.00  0.00  1.00  0.00  0.00  0.00  0.20  0.00
  18120                   1.00   0.00  0.00  0.00  0.69  0.00  0.00  0.31  0.00  0.00
  18121                   1.00   0.00  0.00  0.00  1.00  0.00  0.00  0.00  0.14  0.00
  18122                   1.00   0.00  0.00  0.00  1.00  0.00  0.00  0.00  0.00  0.00
  18123                   1.00   0.00  0.00  0.00  1.00  0.00  0.00  0.00  0.21  0.00
  18124                   1.00   0.00  0.00  0.00  1.00  0.00  0.00  0.00  0.20  0.00
  18125                   1.00   0.00  0.00  0.00  1.00  0.00  0.00  0.00  0.21  0.00
  18126                   1.00   0.00  0.00  0.00  1.00  0.00  0.00  0.00  0.12  0.00
  18127                   1.00   0.00  0.00  0.00  1.00  0.00  0.00  0.00  0.21  0.00
  18128                   1.00   0.00  0.00  0.00  1.00  0.00  0.00  0.00  0.18  0.00
  18129                   1.00   0.00  0.00  0.00  1.00  0.00  0.00  0.00  0.14  0.00
  18130                   1.00   0.00  0.00  0.00  1.00  0.00  0.00  0.00  0.19  0.00
  18131                   1.00   0.00  0.00  0.00  0.68  0.00  0.00  0.32  0.00  0.00
  18132                   1.00   0.00  0.00  0.00  1.00  0.00  0.00  0.00  0.20  0.00
  20561                   1.00   0.00  0.00  0.00  0.00  1.00  0.00  0.00  0.14  0.00
  20566                   1.00   0.00  0.00  0.00  0.98  0.02  0.00  0.00  0.98  0.00
  20573                   1.00   0.00  0.00  0.00  0.24  0.76  0.00  0.00  0.99  0.00
  20580                   1.00   0.00  0.00  0.00  0.00  1.00  0.00  0.00  0.21  0.00
  20592                   1.00   0.00  0.00  0.00  1.00  0.00  0.00  0.00  0.99  0.00
  20595                   1.00   0.00  0.00  0.00  1.00  0.00  0.00  0.00  0.37  0.00
  20603                   1.00   0.00  0.00  0.00  1.00  0.00  0.00  0.00  0.00  0.00
  20604                   1.00   0.00  0.00  0.00  1.00  0.00  0.00  0.00  0.00  0.00
  20605                   1.00   0.00  0.00  0.00  1.00  0.00  0.00  0.00  0.00  0.00
  20608                   1.00   0.00  0.00  0.00  1.00  0.00  0.00  0.00  0.00  0.00
  20609                   1.00   0.00  0.00  0.00  1.00  0.00  0.00  0.00  0.30  0.00
  20612                   1.00   0.00  0.00  0.00  1.00  0.00  0.00  0.00  0.00  0.00
  20614                   1.00   0.00  0.00  0.00  1.00  0.00  0.00  0.00  0.33  0.00
  20615                   1.00   0.00  0.00  0.00  1.00  0.00  0.00  0.00  0.00  0.00
  20617                   1.00   0.00  0.00  0.00  0.93  0.07  0.00  0.00  0.00  0.00
  20628                   1.00   0.00  0.00  0.00  1.00  0.00  0.00  0.00  0.00  0.00
  20629                   1.00   0.00  0.00  0.00  1.00  0.00  0.00  0.00  0.00  0.00
  20630                   1.00   0.00  0.00  0.00  1.00  0.00  0.00  0.00  0.00  0.00
  20631                   1.00   0.00  0.00  0.00  1.00  0.00  0.00  0.00  0.00  0.00
  20632                   1.00   0.00  0.00  0.00  1.00  0.00  0.00  0.00  0.00  0.00
  20633                   1.00   0.00  0.00  0.00  1.00  0.00  0.00  0.00  0.00  0.00
  20634                   1.00   0.00  0.00  0.00  1.00  0.00  0.00  0.00  0.00  0.00
  20635                   1.00   0.00  0.00  0.00  1.00  0.00  0.00  0.00  0.12  0.00
  20636                   1.00   0.00  0.00  0.00  1.00  0.00  0.00  0.00  0.12  0.00
  20638                   1.00   0.00  0.00  0.00  1.00  0.00  0.00  0.00  0.00  0.00
  20640                   1.00   0.00  0.00  0.00  1.00  0.00  0.00  0.00  0.00  0.00
  20642                   1.00   0.00  0.00  0.00  1.00  0.00  0.00  0.00  0.21  0.00
  20643                   1.00   0.00  0.00  0.00  1.00  0.00  0.00  0.00  0.00  0.00
  20644                   1.00   0.00  0.00  0.00  1.00  0.00  0.00  0.00  0.00  0.00
  20767                   1.00   0.00  0.00  0.00  0.27  0.73  0.00  0.00  0.22  0.00
  20776                   1.00   0.00  0.00  0.00  0.77  0.23  0.00  0.00  0.27  0.00
  20777                   1.00   0.00  0.00  0.00  0.70  0.30  0.00  0.00  0.28  0.00
  20778                   1.00   0.00  0.00  0.00  0.69  0.01  0.00  0.31  0.00  0.00
  20779                   1.00   0.00  0.00  0.00  0.73  0.27  0.00  0.00  0.27  0.00
  20780                   1.00   0.00  0.00  0.00  0.67  0.00  0.00  0.33  0.00  0.00
  20781                   1.00   0.00  0.00  0.00  0.72  0.28  0.00  0.00  0.28  0.00
  20782                   1.00   0.00  0.00  0.00  0.73  0.00  0.00  0.26  0.03  0.00
  20783                   1.00   0.00  0.00  0.00  1.00  0.00  0.00  0.00  0.28  0.00
  20784                   1.00   0.00  0.00  0.00  1.00  0.00  0.00  0.00  0.32  0.00
  20785                   1.00   0.00  0.00  0.00  1.00  0.00  0.00  0.00  0.34  0.00
  20786                   1.00   0.00  0.00  0.00  0.66  0.34  0.00  0.00  0.30  0.00
  20787                   1.00   0.00  0.00  0.00  0.72  0.00  0.00  0.28  0.06  0.00
  20788                   1.00   0.00  0.00  0.00  0.99  0.01  0.00  0.00  0.30  0.00
  20789                   1.00   0.00  0.00  0.00  0.93  0.07  0.00  0.00  0.03  0.00
  20790                   1.00   0.00  0.00  0.00  0.67  0.33  0.00  0.00  0.29  0.00
  20791                   1.00   0.00  0.00  0.00  1.00  0.00  0.00  0.00  0.45  0.00
  20792                   1.00   0.00  0.00  0.00  1.00  0.00  0.00  0.00  0.38  0.00
  20793                   1.00   0.00  0.00  0.00  0.58  0.42  0.00  0.00  0.31  0.00
  20795                   1.00   0.00  0.00  0.00  1.00  0.00  0.00  0.00  0.28  0.00
  20798                   1.00   0.00  0.00  0.00  1.00  0.00  0.00  0.00  0.27  0.00
  20799                   1.00   0.00  0.00  0.00  1.00  0.00  0.00  0.00  0.27  0.00
  20800                   1.00   0.00  0.00  0.00  1.00  0.00  0.00  0.00  0.25  0.00
  20801                   1.00   0.00  0.00  0.00  1.00  0.00  0.00  0.00  0.31  0.00
  20802                   1.00   0.00  0.00  0.00  1.00  0.00  0.00  0.00  0.36  0.00
  20803                   1.00   0.00  0.00  0.00  1.00  0.00  0.00  0.00  0.23  0.00
  20804                   1.00   0.00  0.00  0.00  1.00  0.00  0.00  0.00  0.23  0.00
  20805                   1.00   0.00  0.00  0.00  0.00  0.00  0.00  1.00  0.00  0.00
  20806                   1.00   0.00  0.00  0.00  1.00  0.00  0.00  0.00  0.23  0.00
  20810                   1.00   0.00  0.00  0.00  0.64  0.36  0.00  0.00  0.31  0.00
  20811                   1.00   0.00  0.00  0.00  0.59  0.41  0.00  0.00  0.31  0.00
  20813                   1.00   0.00  0.00  0.00  0.93  0.07  0.00  0.00  0.00  0.00
  20814                   1.00   0.00  0.00  0.00  0.00  1.00  0.00  0.00  0.15  0.00
  20815                   1.00   0.00  0.00  0.00  0.12  0.88  0.00  0.00  0.32  0.00
  20816                   1.00   0.00  0.00  0.00  1.00  0.00  0.00  0.00  0.43  0.00
  20817                   1.00   0.00  0.00  0.00  0.15  0.85  0.00  0.00  0.32  0.00
  20822                   1.00   0.00  0.00  0.00  0.72  0.28  0.00  0.00  0.28  0.00
  20823                   1.00   0.00  0.00  0.00  1.00  0.00  0.00  0.00  0.28  0.00
  20824                   1.00   0.00  0.00  0.00  0.71  0.00  0.00  0.29  0.02  0.00
  20825                   1.00   0.00  0.00  0.00  1.00  0.00  0.00  0.00  0.31  0.00
  20826                   1.00   0.00  0.00  0.00  1.00  0.00  0.00  0.00  0.34  0.00
  20827                   1.00   0.00  0.00  0.00  1.00  0.00  0.00  0.00  0.00  0.00
  20828                   1.00   0.00  0.00  0.00  1.00  0.00  0.00  0.00  0.27  0.00
  20829                   1.00   0.00  0.00  0.00  1.00  0.00  0.00  0.00  0.24  0.00
  20830                   1.00   0.00  0.00  0.00  0.69  0.00  0.00  0.30  0.02  0.00
  20831                   1.00   0.00  0.00  0.00  1.00  0.00  0.00  0.00  0.28  0.00
  20832                   1.00   0.00  0.00  0.00  0.67  0.00  0.00  0.33  0.00  0.00
  20833                   1.00   0.00  0.00  0.00  1.00  0.00  0.00  0.00  0.33  0.00
  20834                   1.00   0.00  0.00  0.00  1.00  0.00  0.00  0.00  0.08  0.00
  20835                   1.00   0.00  0.00  0.00  1.00  0.00  0.00  0.00  0.31  0.00
  20836                   1.00   0.00  0.00  0.00  1.00  0.00  0.00  0.00  0.38  0.00
  20837                   1.00   0.00  0.00  0.00  0.52  0.48  0.00  0.00  0.32  0.00
  20838                   1.00   0.00  0.00  0.00  1.00  0.00  0.00  0.00  0.39  0.00
  20839                   1.00   0.00  0.00  0.00  0.44  0.56  0.00  0.00  0.32  0.00
  20840                   1.00   0.00  0.00  0.00  0.56  0.44  0.00  0.00  0.31  0.00
  20841                   1.00   0.00  0.00  0.00  1.00  0.00  0.00  0.00  0.99  0.00
  20842                   1.00   0.00  0.00  0.00  0.55  0.45  0.00  0.00  0.31  0.00
  20843                   1.00   0.00  0.00  0.00  0.18  0.82  0.00  0.00  0.33  0.00
  20844                   1.00   0.00  0.00  0.00  0.19  0.81  0.00  0.00  0.32  0.00
  20845                   1.00   0.00  0.00  0.00  0.99  0.01  0.00  0.00  0.06  0.00
  20847                   1.00   0.00  0.00  0.00  0.03  0.97  0.00  0.00  0.00  0.00
  20848                   1.00   0.00  0.00  0.00  0.00  1.00  0.00  0.00  0.68  0.00
  20849                   1.00   0.00  0.00  0.00  1.00  0.00  0.00  0.00  0.33  0.00
  20850                   1.00   0.00  0.00  0.00  1.00  0.00  0.00  0.00  0.33  0.00
  20851                   1.00   0.00  0.00  0.00  1.00  0.00  0.00  0.00  0.99  0.00
  20855                   1.00   0.00  0.00  0.00  0.29  0.71  0.00  0.00  0.33  0.00
  20856                   1.00   0.00  0.00  0.00  0.00  0.00  0.00  1.00  0.00  0.00
  20860                   1.00   0.00  0.00  0.00  0.04  0.96  0.00  0.00  0.07  0.00
  20863                   1.00   0.00  0.00  0.00  1.00  0.00  0.00  0.00  0.96  0.00
  20864                   1.00   0.00  0.00  0.00  1.00  0.00  0.00  0.00  0.99  0.00
  20865                   1.00   0.00  0.00  0.00  0.20  0.80  0.00  0.00  0.33  0.00
  20870                   1.00   0.00  0.00  0.00  1.00  0.00  0.00  0.00  0.29  0.00
  20871                   1.00   0.00  0.00  0.00  1.00  0.00  0.00  0.00  0.32  0.00
  20872                   1.00   0.00  0.00  0.00  1.00  0.00  0.00  0.00  0.34  0.00
  20873                   1.00   0.00  0.00  0.00  0.00  1.00  0.00  0.00  0.31  0.00
  20874                   1.00   0.00  0.00  0.00  0.00  1.00  0.00  0.00  0.32  0.00
  20875                   1.00   0.00  0.00  0.00  0.00  1.00  0.00  0.00  0.33  0.00
  20876                   1.00   0.00  0.00  0.00  0.00  1.00  0.00  0.00  0.32  0.00
  20877                   1.00   0.00  0.00  0.00  0.94  0.06  0.00  0.00  0.29  0.00
  20878                   1.00   0.00  0.00  0.00  1.00  0.00  0.00  0.00  0.99  0.00
  20879                   1.00   0.00  0.00  0.00  1.00  0.00  0.00  0.00  0.29  0.00
  20880                   1.00   0.00  0.00  0.00  1.00  0.00  0.00  0.00  0.28  0.00
  20881                   1.00   0.00  0.00  0.00  1.00  0.00  0.00  0.00  0.30  0.00
  20882                   1.00   0.00  0.00  0.00  1.00  0.00  0.00  0.00  0.26  0.00
  20886                   1.00   0.00  0.00  0.00  1.00  0.00  0.00  0.00  0.23  0.00
  20888                   1.00   0.00  0.00  0.00  1.00  0.00  0.00  0.00  0.12  0.00
  20892                   1.00   0.00  0.00  0.00  1.00  0.00  0.00  0.00  0.06  0.00
  20897                   1.00   0.00  0.00  0.00  0.08  0.92  0.00  0.00  0.31  0.00
  20898                   1.00   0.00  0.00  0.00  0.00  0.00  0.00  1.00  0.00  0.00
  20899                   1.00   0.00  0.00  0.00  0.65  0.35  0.00  0.00  0.31  0.00
  20900                   1.00   0.00  0.00  0.00  0.71  0.01  0.00  0.28  0.10  0.00
  20901                   1.00   0.00  0.00  0.00  0.89  0.11  0.00  0.00  0.31  0.00
  20902                   1.00   0.00  0.00  0.00  1.00  0.00  0.00  0.00  0.00  0.00
  20912                   1.00   0.00  0.00  0.00  0.00  1.00  0.00  0.00  0.19  0.00
  20914                   1.00   0.00  0.00  0.00  0.00  0.00  0.00  1.00  0.00  0.00
  20915                   1.00   0.00  0.00  0.00  1.00  0.00  0.00  0.00  0.30  0.00
  20916                   1.00   0.00  0.00  0.00  1.00  0.00  0.00  0.00  0.30  0.00
  20917                   1.00   0.00  0.00  0.00  1.00  0.00  0.00  0.00  0.29  0.00
  20918                   1.00   0.00  0.00  0.00  1.00  0.00  0.00  0.00  0.30  0.00
  20919                   1.00   0.00  0.00  0.00  1.00  0.00  0.00  0.00  0.30  0.00
  20920                   1.00   0.00  0.00  0.00  1.00  0.00  0.00  0.00  0.29  0.00
  20921                   1.00   0.00  0.00  0.00  1.00  0.00  0.00  0.00  0.33  0.00
  20922                   1.00   0.00  0.00  0.00  1.00  0.00  0.00  0.00  0.06  0.00
  20923                   1.00   0.00  0.00  0.00  1.00  0.00  0.00  0.00  0.00  0.00
  20924                   1.00   0.00  0.00  0.00  1.00  0.00  0.00  0.00  0.01  0.00
  20925                   1.00   0.00  0.00  0.00  1.00  0.00  0.00  0.00  0.00  0.00
  20926                   1.00   0.00  0.00  0.00  1.00  0.00  0.00  0.00  0.23  0.00
  20927                   1.00   0.00  0.00  0.00  0.62  0.00  0.00  0.38  0.00  0.00
  20928                   1.00   0.00  0.00  0.00  1.00  0.00  0.00  0.00  0.21  0.00
  20929                   1.00   0.00  0.00  0.00  1.00  0.00  0.00  0.00  0.00  0.00
  20930                   1.00   0.00  0.00  0.00  1.00  0.00  0.00  0.00  0.20  0.00
  21139                   1.00   0.00  0.00  0.00  1.00  0.00  0.00  0.00  0.00  0.00
  21140                   1.00   0.00  0.00  0.00  1.00  0.00  0.00  0.00  0.00  0.00
  21141                   1.00   0.00  0.00  0.00  1.00  0.00  0.00  0.00  0.34  0.00
  21142                   1.00   0.00  0.00  0.00  0.55  0.45  0.00  0.00  0.35  0.00
  21143                   1.00   0.00  0.00  0.00  1.00  0.00  0.00  0.00  0.00  0.00
  21144                   1.00   0.00  0.00  0.00  1.00  0.00  0.00  0.00  0.01  0.00
  21145                   1.00   0.00  0.00  0.00  1.00  0.00  0.00  0.00  0.01  0.00
  21146                   1.00   0.00  0.00  0.00  1.00  0.00  0.00  0.00  0.99  0.00
  21147                   1.00   0.00  0.00  0.00  0.73  0.02  0.00  0.25  0.08  0.00
  21148                   1.00   0.00  0.00  0.00  0.90  0.10  0.00  0.00  0.31  0.00
  21150                   1.00   0.00  0.00  0.00  1.00  0.00  0.00  0.00  0.32  0.00
  21151                   1.00   0.00  0.00  0.00  1.00  0.00  0.00  0.00  0.31  0.00
  21152                   1.00   0.00  0.00  0.00  0.97  0.03  0.00  0.00  0.00  0.00
  21153                   1.00   0.00  0.00  0.00  1.00  0.00  0.00  0.00  0.32  0.00
  21157                   1.00   0.00  0.00  0.00  1.00  0.00  0.00  0.00  0.00  0.00
  21158                   1.00   0.00  0.00  0.00  0.00  1.00  0.00  0.00  0.24  0.00
  21159                   1.00   0.00  0.00  0.00  1.00  0.00  0.00  0.00  0.24  0.00
  21163                   1.00   0.00  0.00  0.00  1.00  0.00  0.00  0.00  0.00  0.00
  21165                   1.00   0.00  0.00  0.00  1.00  0.00  0.00  0.00  0.03  0.00
  21166                   1.00   0.00  0.00  0.00  1.00  0.00  0.00  0.00  0.00  0.00
  21167                   1.00   0.00  0.00  0.00  1.00  0.00  0.00  0.00  0.00  0.00
  21168                   1.00   0.00  0.00  0.00  1.00  0.00  0.00  0.00  0.30  0.00
  21169                   1.00   0.00  0.00  0.00  1.00  0.00  0.00  0.00  0.25  0.00
  21170                   1.00   0.00  0.00  0.00  1.00  0.00  0.00  0.00  0.00  0.00
  21171                   1.00   0.00  0.00  0.00  1.00  0.00  0.00  0.00  0.31  0.00
  21172                   1.00   0.00  0.00  0.00  1.00  0.00  0.00  0.00  0.00  0.00
  21173                   1.00   0.00  0.00  0.00  0.75  0.00  0.00  0.25  0.04  0.00
  21174                   1.00   0.00  0.00  0.00  1.00  0.00  0.00  0.00  0.26  0.00
  21175                   1.00   0.00  0.00  0.00  1.00  0.00  0.00  0.00  0.30  0.00
  21176                   1.00   0.00  0.00  0.00  0.88  0.12  0.00  0.00  0.34  0.00
  21177                   1.00   0.00  0.00  0.00  1.00  0.00  0.00  0.00  0.23  0.00
  21178                   1.00   0.00  0.00  0.00  0.82  0.00  0.00  0.18  0.04  0.00
  21179                   1.00   0.00  0.00  0.00  1.00  0.00  0.00  0.00  0.00  0.00
  21180                   1.00   0.00  0.00  0.00  0.99  0.00  0.00  0.01  0.00  0.00
  21181                   1.00   0.00  0.00  0.00  1.00  0.00  0.00  0.00  0.25  0.00
  21182                   1.00   0.00  0.00  0.00  1.00  0.00  0.00  0.00  0.00  0.00
  21183                   1.00   0.00  0.00  0.00  1.00  0.00  0.00  0.00  0.25  0.00
  21184                   1.00   0.00  0.00  0.00  0.90  0.00  0.00  0.10  0.14  0.00
  21186                   1.00   0.00  0.00  0.00  1.00  0.00  0.00  0.00  0.00  0.00
  21196                   1.00   0.00  0.00  0.00  0.64  0.36  0.00  0.00  0.78  0.00
  21197                   1.00   0.00  0.00  0.00  0.23  0.77  0.00  0.00  0.33  0.00
  21198                   1.00   0.00  0.00  0.00  0.26  0.74  0.00  0.00  0.33  0.00
  21199                   1.00   0.00  0.00  0.00  0.28  0.72  0.00  0.00  0.33  0.00
  21200                   1.00   0.00  0.00  0.00  1.00  0.00  0.00  0.00  0.33  0.00
  21201                   1.00   0.00  0.00  0.00  0.99  0.01  0.00  0.00  0.35  0.00
  21202                   1.00   0.00  0.00  0.00  0.99  0.01  0.00  0.00  0.99  0.00
  21203                   1.00   0.00  0.00  0.00  0.77  0.23  0.00  0.00  0.98  0.00
  21204                   1.00   0.00  0.00  0.00  0.00  1.00  0.00  0.00  0.33  0.00
  21205                   1.00   0.00  0.00  0.00  0.01  0.99  0.00  0.00  0.97  0.00
  21206                   1.00   0.00  0.00  0.00  1.00  0.00  0.00  0.00  0.99  0.00
  21207                   1.00   0.00  0.00  0.00  0.00  1.00  0.00  0.00  0.33  0.00
  21208                   1.00   0.00  0.00  0.00  0.00  1.00  0.00  0.00  0.33  0.00
  21209                   1.00   0.00  0.00  0.00  0.00  1.00  0.00  0.00  0.95  0.00
  21211                   1.00   0.00  0.00  0.00  1.00  0.00  0.00  0.00  0.33  0.00
  21212                   1.00   0.00  0.00  0.00  1.00  0.00  0.00  0.00  0.99  0.00
  21218                   1.00   0.00  0.00  0.00  1.00  0.00  0.00  0.00  0.27  0.00
  21219                   1.00   0.00  0.00  0.00  0.89  0.00  0.00  0.11  0.11  0.00
  21220                   1.00   0.00  0.00  0.00  1.00  0.00  0.00  0.00  0.24  0.00
  21221                   1.00   0.00  0.00  0.00  1.00  0.00  0.00  0.00  0.27  0.00
  21225                   1.00   0.00  0.00  0.00  1.00  0.00  0.00  0.00  0.26  0.00
  21253                   1.00   0.00  0.00  0.00  0.91  0.09  0.00  0.00  0.01  0.00
  21254                   1.00   0.00  0.00  0.00  1.00  0.00  0.00  0.00  0.27  0.00
  21255                   1.00   0.00  0.00  0.00  1.00  0.00  0.00  0.00  0.33  0.00
  21256                   1.00   0.00  0.00  0.00  0.65  0.00  0.00  0.35  0.00  0.00
  21257                   1.00   0.00  0.00  0.00  0.55  0.05  0.00  0.40  0.60  0.00
  21258                   1.00   0.00  0.00  0.00  1.00  0.00  0.00  0.00  0.99  0.00
  21259                   1.00   0.00  0.00  0.00  1.00  0.00  0.00  0.00  0.34  0.00
  21260                   1.00   0.00  0.00  0.00  1.00  0.00  0.00  0.00  0.39  0.00
  21261                   1.00   0.00  0.00  0.00  0.00  1.00  0.00  0.00  0.98  0.00
  21262                   1.00   0.00  0.00  0.00  0.00  0.65  0.00  0.35  0.64  0.00
  21263                   1.00   0.00  0.00  0.00  0.26  0.74  0.00  0.00  0.99  0.00
  21264                   1.00   0.00  0.00  0.00  0.18  0.82  0.00  0.00  0.98  0.00
  21265                   1.00   0.00  0.00  0.00  0.99  0.01  0.00  0.00  0.99  0.00
  21266                   1.00   0.00  0.00  0.00  0.64  0.36  0.00  0.00  0.34  0.00
  21267                   1.00   0.00  0.00  0.00  0.58  0.42  0.00  0.00  0.59  0.00
  21268                   1.00   0.00  0.00  0.00  0.06  0.94  0.00  0.00  0.33  0.00
  21271                   1.00   0.00  0.00  0.00  0.00  0.00  0.00  1.00  0.00  0.00
  21272                   1.00   0.00  0.00  0.00  0.81  0.05  0.00  0.14  0.19  0.00
  21273                   1.00   0.00  0.00  0.00  0.81  0.19  0.00  0.00  0.07  0.00
  21274                   1.00   0.00  0.00  0.00  1.00  0.00  0.00  0.00  0.26  0.00
  21275                   1.00   0.00  0.00  0.00  0.89  0.11  0.00  0.00  0.30  0.00
  21276                   1.00   0.00  0.00  0.00  1.00  0.00  0.00  0.00  0.98  0.00
  21277                   1.00   0.00  0.00  0.00  1.00  0.00  0.00  0.00  0.34  0.00
  21279                   1.00   0.00  0.00  0.00  1.00  0.00  0.00  0.00  0.31  0.00
  21281                   1.00   0.00  0.00  0.00  1.00  0.00  0.00  0.00  0.00  0.00
  21282                   1.00   0.00  0.00  0.00  1.00  0.00  0.00  0.00  0.28  0.00
  21283                   1.00   0.00  0.00  0.00  1.00  0.00  0.00  0.00  0.25  0.00
  21284                   1.00   0.00  0.00  0.00  1.00  0.00  0.00  0.00  0.17  0.00
  21285                   1.00   0.00  0.00  0.00  1.00  0.00  0.00  0.00  0.00  0.00
  21286                   1.00   0.00  0.00  0.00  1.00  0.00  0.00  0.00  0.99  0.00
  21300                   1.00   0.00  0.00  0.00  0.00  0.00  0.00  1.00  0.00  0.00
  21301                   1.00   0.00  0.00  0.00  1.00  0.00  0.00  0.00  0.29  0.00
  21302                   1.00   0.00  0.00  0.00  1.00  0.00  0.00  0.00  0.00  0.00
  21303                   1.00   0.00  0.00  0.00  1.00  0.00  0.00  0.00  0.31  0.00
  21304                   1.00   0.00  0.00  0.00  1.00  0.00  0.00  0.00  0.22  0.00
  21305                   1.00   0.00  0.00  0.00  1.00  0.00  0.00  0.00  0.16  0.00
  21306                   1.00   0.00  0.00  0.00  0.99  0.01  0.00  0.00  0.99  0.00
  21307                   1.00   0.00  0.00  0.00  0.21  0.79  0.00  0.00  0.33  0.00
  21308                   1.00   0.00  0.00  0.00  0.74  0.00  0.00  0.26  0.03  0.00
  21309                   1.00   0.00  0.00  0.00  0.19  0.81  0.00  0.00  0.97  0.00
  21310                   1.00   0.00  0.00  0.00  0.19  0.81  0.00  0.00  0.99  0.00
  21311                   1.00   0.00  0.00  0.00  0.06  0.94  0.00  0.00  0.33  0.00
  21312                   1.00   0.00  0.00  0.00  0.01  0.99  0.00  0.00  0.33  0.00
  21314                   1.00   0.00  0.00  0.00  0.00  1.00  0.00  0.00  0.25  0.00
  21315                   1.00   0.00  0.00  0.00  0.91  0.09  0.00  0.00  0.30  0.00
  21316                   1.00   0.00  0.00  0.00  0.94  0.06  0.00  0.00  0.30  0.00
  21317                   1.00   0.00  0.00  0.00  0.61  0.00  0.00  0.39  0.00  0.00
  21318                   1.00   0.00  0.00  0.00  0.63  0.00  0.00  0.37  0.01  0.00
  21319                   1.00   0.00  0.00  0.00  0.99  0.01  0.00  0.00  0.99  0.00
  21320                   1.00   0.00  0.00  0.00  1.00  0.00  0.00  0.00  0.99  0.00
  21321                   1.00   0.00  0.00  0.00  0.68  0.32  0.00  0.00  0.32  0.00
  21322                   1.00   0.00  0.00  0.00  1.00  0.00  0.00  0.00  0.39  0.00
  21323                   1.00   0.00  0.00  0.00  1.00  0.00  0.00  0.00  0.48  0.00
  21324                   1.00   0.00  0.00  0.00  1.00  0.00  0.00  0.00  0.43  0.00
  21325                   1.00   0.00  0.00  0.00  1.00  0.00  0.00  0.00  0.29  0.00
  21326                   1.00   0.00  0.00  0.00  1.00  0.00  0.00  0.00  0.24  0.00
  21327                   1.00   0.00  0.00  0.00  1.00  0.00  0.00  0.00  0.02  0.00
  21328                   1.00   0.00  0.00  0.00  1.00  0.00  0.00  0.00  0.28  0.00
  21329                   1.00   0.00  0.00  0.00  1.00  0.00  0.00  0.00  0.18  0.00
  21330                   1.00   0.00  0.00  0.00  0.69  0.31  0.00  0.00  0.00  0.00
  21331                   1.00   0.00  0.00  0.00  0.05  0.95  0.00  0.00  0.01  0.00
  21333                   1.00   0.00  0.00  0.00  1.00  0.00  0.00  0.00  0.13  0.00
  21334                   1.00   0.00  0.00  0.00  1.00  0.00  0.00  0.00  0.27  0.00
  21335                   1.00   0.00  0.00  0.00  1.00  0.00  0.00  0.00  0.01  0.00
  21336                   1.00   0.00  0.00  0.00  1.00  0.00  0.00  0.00  0.26  0.00
  21337                   1.00   0.00  0.00  0.00  1.00  0.00  0.00  0.00  0.00  0.00
  21338                   1.00   0.00  0.00  0.00  1.00  0.00  0.00  0.00  0.00  0.00
  12453                   1.00   0.00  0.00  0.00  1.00  0.00  0.00  0.00  0.00  0.00
  12454                   1.00   0.00  0.00  0.00  1.00  0.00  0.00  0.00  0.00  0.00
  12455                   1.00   0.01  0.00  0.00  0.99  0.00  0.00  0.00  0.00  0.00
  12456                   1.00   0.00  0.00  0.00  0.95  0.02  0.00  0.03  0.14  0.00
  12457                   1.00   0.00  0.00  0.00  1.00  0.00  0.00  0.00  0.28  0.00
  12458                   1.00   0.00  0.00  0.00  0.00  1.00  0.00  0.00  0.94  0.00
  12459                   1.00   0.00  0.00  0.00  1.00  0.00  0.00  0.00  0.01  0.00
  12460                   1.00   0.00  0.00  0.00  0.00  0.00  0.00  1.00  0.00  0.00
  12461                   1.00   0.00  0.00  0.00  1.00  0.00  0.00  0.00  0.00  0.00
  12599                   1.00   0.00  0.00  0.00  1.00  0.00  0.00  0.00  0.00  0.00
  12600                   1.00   0.00  0.00  0.00  0.00  0.00  1.00  0.00  0.00  0.00
  12602                   1.00   0.00  0.00  0.00  0.64  0.36  0.00  0.00  0.18  0.00
  14287                   1.00   0.00  0.00  0.00  0.00  0.00  0.00  1.00  0.00  0.00
  14289                   1.00   0.00  0.00  0.00  1.00  0.00  0.00  0.00  0.23  0.00
  14290                   1.00   0.00  0.00  0.00  1.00  0.00  0.00  0.00  0.25  0.00
  14291                   1.00   0.00  0.00  0.00  1.00  0.00  0.00  0.00  0.20  0.00
  14292                   1.00   0.00  0.00  0.00  1.00  0.00  0.00  0.00  0.16  0.00
  14293                   1.00   0.00  0.00  0.00  1.00  0.00  0.00  0.00  0.22  0.00
  14295                   1.00   0.00  0.00  0.00  1.00  0.00  0.00  0.00  0.23  0.00
  14296                   1.00   0.00  0.00  0.00  1.00  0.00  0.00  0.00  0.25  0.00
  14297                   1.00   0.00  0.00  0.00  1.00  0.00  0.00  0.00  0.01  0.00
  14298                   1.00   0.00  0.00  0.00  0.73  0.00  0.00  0.26  0.02  0.00
  14299                   1.00   0.00  0.00  0.00  1.00  0.00  0.00  0.00  0.00  0.00
  14300                   1.00   0.00  0.00  0.00  1.00  0.00  0.00  0.00  0.28  0.00
  14301                   1.00   0.00  0.00  0.00  1.00  0.00  0.00  0.00  0.00  0.00
  14302                   1.00   0.00  0.00  0.00  1.00  0.00  0.00  0.00  0.00  0.00
  14304                   1.00   0.00  0.00  0.00  1.00  0.00  0.00  0.00  0.00  0.00
  14305                   1.00   0.00  0.00  0.00  1.00  0.00  0.00  0.00  0.02  0.00
  14311                   1.00   0.00  0.00  0.00  1.00  0.00  0.00  0.00  0.00  0.00
  14312                   1.00   0.00  0.00  0.00  1.00  0.00  0.00  0.00  0.07  0.00
  14313                   1.00   0.00  0.00  0.00  1.00  0.00  0.00  0.00  0.09  0.00
  14322                   1.00   0.00  0.00  0.00  1.00  0.00  0.00  0.00  0.00  0.00
  14344                   1.00   0.00  0.00  0.00  0.01  0.99  0.00  0.00  0.31  0.00
  14345                   1.00   0.00  0.00  0.00  0.01  0.99  0.00  0.00  0.30  0.00
  14346                   1.00   0.00  0.00  0.00  1.00  0.00  0.00  0.00  0.00  0.00
  14347                   1.00   0.01  0.01  0.00  0.72  0.00  0.26  0.00  0.00  0.00
  14348                   1.00   0.00  0.00  0.00  1.00  0.00  0.00  0.00  0.18  0.00
  14349                   1.00   0.00  0.00  0.00  1.00  0.00  0.00  0.00  0.01  0.00
  14350                   1.00   0.00  0.01  0.00  0.97  0.02  0.00  0.00  0.07  0.00
  14351                   1.00   0.00  0.00  0.00  0.00  0.00  0.00  1.00  0.00  0.00
  14352                   1.00   0.00  0.00  0.00  0.46  0.54  0.00  0.00  0.23  0.00
  14353                   1.00   0.00  0.00  0.00  1.00  0.00  0.00  0.00  0.03  0.00
  14354                   1.00   0.00  0.00  0.00  0.00  1.00  0.00  0.00  0.30  0.00
  14355                   1.00   0.00  0.00  0.00  0.00  1.00  0.00  0.00  0.26  0.00
  14358                   1.00   0.00  0.00  0.00  1.00  0.00  0.00  0.00  0.01  0.00
  14360                   1.00   0.00  0.00  0.00  1.00  0.00  0.00  0.00  0.01  0.00
  14361                   1.00   0.00  0.00  0.00  1.00  0.00  0.00  0.00  0.03  0.00
  14362                   1.00   0.00  0.00  0.00  1.00  0.00  0.00  0.00  0.14  0.00
  14363                   1.00   0.00  0.00  0.00  1.00  0.00  0.00  0.00  0.12  0.00
  14365                   1.00   0.00  0.00  0.00  1.00  0.00  0.00  0.00  0.41  0.00
  14366                   1.00   0.00  0.00  0.00  1.00  0.00  0.00  0.00  0.31  0.00
  14368                   1.00   0.00  0.00  0.00  0.99  0.01  0.00  0.00  0.99  0.00
  14369                   1.00   0.00  0.00  0.00  1.00  0.00  0.00  0.00  0.00  0.00
  14373                   1.00   0.00  0.00  0.00  0.26  0.74  0.00  0.00  0.49  0.00
  14374                   1.00   0.00  0.00  0.00  0.01  0.99  0.00  0.00  0.33  0.00
  14379                   1.00   0.00  0.00  0.00  0.05  0.95  0.00  0.00  0.33  0.00
  14380                   1.00   0.00  0.00  0.00  0.19  0.81  0.00  0.00  0.32  0.00
  14381                   1.00   0.00  0.00  0.00  1.00  0.00  0.00  0.00  0.99  0.00
  14382                   1.00   0.00  0.00  0.00  1.00  0.00  0.00  0.00  0.00  0.00
  14383                   1.00   0.00  0.00  0.00  1.00  0.00  0.00  0.00  0.05  0.00
  14384                   1.00   0.00  0.00  0.00  1.00  0.00  0.00  0.00  0.03  0.00
  14385                   1.00   0.00  0.00  0.00  1.00  0.00  0.00  0.00  0.05  0.00
  14386                   1.00   0.00  0.00  0.00  1.00  0.00  0.00  0.00  0.13  0.00
  14387                   1.00   0.00  0.00  0.00  1.00  0.00  0.00  0.00  0.32  0.00
  14388                   1.00   0.00  0.00  0.00  1.00  0.00  0.00  0.00  0.01  0.00
  14389                   1.00   0.00  0.00  0.00  1.00  0.00  0.00  0.00  0.00  0.00
  14390                   1.00   0.00  0.00  0.00  1.00  0.00  0.00  0.00  0.18  0.00
  14391                   1.00   0.00  0.00  0.00  1.00  0.00  0.00  0.00  0.27  0.00
  14392                   1.00   0.00  0.00  0.00  1.00  0.00  0.00  0.00  0.31  0.00
  14393                   1.00   0.00  0.00  0.00  1.00  0.00  0.00  0.00  0.29  0.00
  14394                   1.00   0.00  0.00  0.00  0.64  0.02  0.00  0.34  0.64  0.00
  14395                   1.00   0.00  0.00  0.00  0.00  0.00  0.00  1.00  0.00  0.00
  14396                   1.00   0.00  0.00  0.00  0.72  0.28  0.00  0.00  0.21  0.00
  14397                   1.00   0.00  0.00  0.00  0.00  0.00  0.00  1.00  0.00  0.00
  14398                   1.00   0.00  0.00  0.00  0.70  0.30  0.00  0.00  0.30  0.00
  14399                   1.00   0.00  0.00  0.00  0.23  0.77  0.00  0.00  0.02  0.00
  14400                   1.00   0.00  0.00  0.00  0.65  0.35  0.00  0.00  0.32  0.00
  14401                   1.00   0.00  0.00  0.00  1.00  0.00  0.00  0.00  0.31  0.00
  14404                   1.00   0.00  0.00  0.00  0.99  0.01  0.00  0.00  0.99  0.00
  14407                   1.00   0.00  0.00  0.00  1.00  0.00  0.00  0.00  0.01  0.00
  14408                   1.00   0.00  0.00  0.00  1.00  0.00  0.00  0.00  0.29  0.00
  14409                   1.00   0.00  0.00  0.00  1.00  0.00  0.00  0.00  0.22  0.00
  14410                   1.00   0.06  0.17  0.00  0.61  0.00  0.16  0.00  0.00  0.00
  14411                   1.00   0.00  0.00  0.00  1.00  0.00  0.00  0.00  0.02  0.00
  14412                   1.00   0.00  0.00  0.00  0.00  0.00  0.00  1.00  0.00  0.00
  14413                   1.00   0.00  0.00  0.00  1.00  0.00  0.00  0.00  0.29  0.00
  14414                   1.00   0.00  0.00  0.00  1.00  0.00  0.00  0.00  0.01  0.00
  14415                   1.00   0.00  0.00  0.00  1.00  0.00  0.00  0.00  0.36  0.00
  14416                   1.00   0.00  0.00  0.00  1.00  0.00  0.00  0.00  0.21  0.00
  14417                   1.00   0.00  0.00  0.00  1.00  0.00  0.00  0.00  0.43  0.00
  14421                   1.00   0.00  0.00  0.00  1.00  0.00  0.00  0.00  0.02  0.00
  14422                   1.00   0.00  0.00  0.00  1.00  0.00  0.00  0.00  0.20  0.00
  14423                   1.00   0.00  0.00  0.00  1.00  0.00  0.00  0.00  0.02  0.00
  14424                   1.00   0.00  0.00  0.00  1.00  0.00  0.00  0.00  0.17  0.00
  14425                   1.00   0.00  0.00  0.00  1.00  0.00  0.00  0.00  0.01  0.00
  14426                   1.00   0.00  0.00  0.00  0.90  0.00  0.00  0.10  0.17  0.00
  14427                   1.00   0.00  0.00  0.00  1.00  0.00  0.00  0.00  0.06  0.00
  14428                   1.00   0.00  0.00  0.00  1.00  0.00  0.00  0.00  0.00  0.00
  14430                   1.00   0.00  0.00  0.00  0.00  0.00  0.00  1.00  0.00  0.00
  14433                   1.00   0.00  0.00  0.00  1.00  0.00  0.00  0.00  0.00  0.00
  14434                   1.00   0.00  0.00  0.00  1.00  0.00  0.00  0.00  0.00  0.00
  14435                   1.00   0.00  0.00  0.00  1.00  0.00  0.00  0.00  0.17  0.00
  14436                   1.00   0.00  0.00  0.00  1.00  0.00  0.00  0.00  0.04  0.00
  14437                   1.00   0.00  0.00  0.00  1.00  0.00  0.00  0.00  0.21  0.00
  14438                   1.00   0.00  0.00  0.00  1.00  0.00  0.00  0.00  0.31  0.00
  14440                   1.00   0.00  0.00  0.00  1.00  0.00  0.00  0.00  0.32  0.00
  14441                   1.00   0.00  0.00  0.00  0.00  0.00  0.00  1.00  0.00  0.00
  14442                   1.00   0.00  0.00  0.00  1.00  0.00  0.00  0.00  0.19  0.00
  14443                   1.00   0.00  0.00  0.00  1.00  0.00  0.00  0.00  0.35  0.00
  14455                   1.00   0.00  0.00  0.00  1.00  0.00  0.00  0.00  0.28  0.00
  14457                   1.00   0.00  0.00  0.00  1.00  0.00  0.00  0.00  0.30  0.00
  14458                   1.00   0.00  0.00  0.00  1.00  0.00  0.00  0.00  0.27  0.00
  14459                   1.00   0.00  0.00  0.00  1.00  0.00  0.00  0.00  0.26  0.00
  14460                   1.00   0.00  0.00  0.00  1.00  0.00  0.00  0.00  0.23  0.00
  14461                   1.00   0.00  0.00  0.00  1.00  0.00  0.00  0.00  0.27  0.00
  14462                   1.00   0.00  0.00  0.00  1.00  0.00  0.00  0.00  0.00  0.00
  14463                   1.00   0.00  0.00  0.00  1.00  0.00  0.00  0.00  0.06  0.00
  14464                   1.00   0.00  0.00  0.00  1.00  0.00  0.00  0.00  0.26  0.00
  14465                   1.00   0.00  0.00  0.00  0.99  0.01  0.00  0.00  0.99  0.00
  14466                   1.00   0.00  0.00  0.00  1.00  0.00  0.00  0.00  0.30  0.00
  14467                   1.00   0.00  0.00  0.00  1.00  0.00  0.00  0.00  0.00  0.00
  14468                   1.00   0.00  0.00  0.00  1.00  0.00  0.00  0.00  0.33  0.00
  14470                   1.00   0.00  0.00  0.00  0.64  0.00  0.00  0.36  0.06  0.00
  14474                   1.00   0.00  0.00  0.00  1.00  0.00  0.00  0.00  0.10  0.00
  14475                   1.00   0.00  0.00  0.00  1.00  0.00  0.00  0.00  0.03  0.00
  14478                   1.00   0.00  0.00  0.00  1.00  0.00  0.00  0.00  0.32  0.00
  14480                   1.00   0.00  0.00  0.00  1.00  0.00  0.00  0.00  0.02  0.00
  14483                   1.00   0.00  0.00  0.00  1.00  0.00  0.00  0.00  0.04  0.00
  14484                   1.00   0.00  0.00  0.00  1.00  0.00  0.00  0.00  0.13  0.00
  14486                   1.00   0.00  0.00  0.00  1.00  0.00  0.00  0.00  0.07  0.00
  14487                   1.00   0.00  0.00  0.00  0.02  0.98  0.00  0.00  0.00  0.00
  14488                   1.00   0.00  0.00  0.00  1.00  0.00  0.00  0.00  0.24  0.00
  14489                   1.00   0.00  0.00  0.00  1.00  0.00  0.00  0.00  0.25  0.00
  14492                   1.00   0.00  0.00  0.00  0.00  0.00  0.00  1.00  0.00  0.00
  14494                   1.00   0.00  0.00  0.00  1.00  0.00  0.00  0.00  0.07  0.00
  14499                   1.00   0.00  0.00  0.00  0.00  1.00  0.00  0.00  0.38  0.00
  14500                   1.00   0.00  0.00  0.00  0.69  0.31  0.00  0.00  0.12  0.00
  14501                   1.00   0.00  0.00  0.00  0.00  0.00  0.00  1.00  0.00  0.00
  14503                   1.00   0.00  0.00  0.00  1.00  0.00  0.00  0.00  0.30  0.00
  14507                   1.00   0.00  0.00  0.00  1.00  0.00  0.00  0.00  0.28  0.00
  14508                   1.00   0.00  0.00  0.00  1.00  0.00  0.00  0.00  0.26  0.00
  14509                   1.00   0.00  0.00  0.00  1.00  0.00  0.00  0.00  0.30  0.00
  14510                   1.00   0.00  0.00  0.00  1.00  0.00  0.00  0.00  0.00  0.00
  14512                   1.00   0.00  0.00  0.00  0.02  0.98  0.00  0.00  0.64  0.00
  14513                   1.00   0.00  0.00  0.00  1.00  0.00  0.00  0.00  0.33  0.00
  14515                   1.00   0.00  0.00  0.00  0.99  0.01  0.00  0.00  0.99  0.00
  14518                   1.00   0.00  0.00  0.00  1.00  0.00  0.00  0.00  0.31  0.00
  14519                   1.00   0.00  0.00  0.00  0.00  0.00  0.00  1.00  0.00  0.00
  14520                   1.00   0.00  0.00  0.00  1.00  0.00  0.00  0.00  0.38  0.00
  14521                   1.00   0.00  0.00  0.00  1.00  0.00  0.00  0.00  0.28  0.00
  14523                   1.00   0.00  0.00  0.00  1.00  0.00  0.00  0.00  0.33  0.00
  14524                   1.00   0.00  0.00  0.00  1.00  0.00  0.00  0.00  0.32  0.00
  14526                   1.00   0.00  0.00  0.00  1.00  0.00  0.00  0.00  0.33  0.00
  14527                   1.00   0.00  0.00  0.00  0.17  0.83  0.00  0.00  0.38  0.00
  14528                   1.00   0.00  0.00  0.00  0.26  0.74  0.00  0.00  0.02  0.00
  14529                   1.00   0.00  0.00  0.00  1.00  0.00  0.00  0.00  0.24  0.00
  14530                   1.00   0.00  0.00  0.00  1.00  0.00  0.00  0.00  0.21  0.00
  14531                   1.00   0.00  0.00  0.00  1.00  0.00  0.00  0.00  0.27  0.00
  14532                   1.00   0.00  0.00  0.00  1.00  0.00  0.00  0.00  0.29  0.00
  14533                   1.00   0.00  0.00  0.00  1.00  0.00  0.00  0.00  0.22  0.00
  14534                   1.00   0.00  0.00  0.00  1.00  0.00  0.00  0.00  0.22  0.00
  14535                   1.00   0.00  0.00  0.00  1.00  0.00  0.00  0.00  0.20  0.00
  14536                   1.00   0.00  0.00  0.00  1.00  0.00  0.00  0.00  0.18  0.00
  14537                   1.00   0.00  0.00  0.00  1.00  0.00  0.00  0.00  0.31  0.00
  14539                   1.00   0.00  0.00  0.00  0.01  0.99  0.00  0.00  0.01  0.00
  14540                   1.00   0.00  0.00  0.00  0.69  0.31  0.00  0.00  0.28  0.00
  14541                   1.00   0.00  0.00  0.00  0.68  0.32  0.00  0.00  0.28  0.00
  14542                   1.00   0.00  0.00  0.00  0.67  0.33  0.00  0.00  0.28  0.00
  14543                   1.00   0.00  0.00  0.00  1.00  0.00  0.00  0.00  0.30  0.00
  14544                   1.00   0.00  0.00  0.00  0.68  0.32  0.00  0.00  0.28  0.00
  14545                   1.00   0.00  0.00  0.00  1.00  0.00  0.00  0.00  0.09  0.00
  14546                   1.00   0.00  0.00  0.00  0.68  0.32  0.00  0.00  0.28  0.00
  14549                   1.00   0.00  0.00  0.00  0.66  0.34  0.00  0.00  0.17  0.00
  14550                   1.00   0.00  0.00  0.00  1.00  0.00  0.00  0.00  0.00  0.00
  14551                   1.00   0.00  0.00  0.00  0.88  0.12  0.00  0.00  0.26  0.00
  14552                   1.00   0.00  0.00  0.00  0.64  0.36  0.00  0.00  0.30  0.00
  14580                   1.00   0.00  0.00  0.00  0.01  0.99  0.00  0.00  0.00  0.00
  14581                   1.00   0.00  0.00  0.00  1.00  0.00  0.00  0.00  0.99  0.00
  14588                   1.00   0.00  0.00  0.00  1.00  0.00  0.00  0.00  0.00  0.00
  14638                   1.00   0.00  0.00  0.00  1.00  0.00  0.00  0.00  0.00  0.00
  14640                   1.00   0.00  0.00  0.00  1.00  0.00  0.00  0.00  0.00  0.00
  14644                   1.00   0.00  0.00  0.00  0.51  0.00  0.00  0.49  0.00  0.00
  14645                   1.00   0.00  0.00  0.00  1.00  0.00  0.00  0.00  0.21  0.00
  14647                   1.00   0.00  0.00  0.00  1.00  0.00  0.00  0.00  0.09  0.00
  14649                   1.00   0.00  0.00  0.00  1.00  0.00  0.00  0.00  0.00  0.00
  14653                   1.00   0.00  0.00  0.00  1.00  0.00  0.00  0.00  0.15  0.00
  14655                   1.00   0.00  0.00  0.00  1.00  0.00  0.00  0.00  0.27  0.00
  14658                   1.00   0.00  0.00  0.00  1.00  0.00  0.00  0.00  0.31  0.00
  14660                   1.00   0.00  0.00  0.00  0.68  0.00  0.00  0.32  0.00  0.00
  14661                   1.00   0.00  0.00  0.00  1.00  0.00  0.00  0.00  0.26  0.00
  14665                   1.00   0.00  0.00  0.00  0.00  1.00  0.00  0.00  0.23  0.00
  14666                   1.00   0.00  0.00  0.00  0.07  0.93  0.00  0.00  0.32  0.00
  14667                   1.00   0.00  0.00  0.00  0.99  0.01  0.00  0.00  0.31  0.00
  14668                   1.00   0.00  0.00  0.00  1.00  0.00  0.00  0.00  0.16  0.00
  14670                   1.00   0.00  0.00  0.00  1.00  0.00  0.00  0.00  0.31  0.00
  14672                   1.00   0.00  0.00  0.00  1.00  0.00  0.00  0.00  0.00  0.00
  14673                   1.00   0.00  0.00  0.00  1.00  0.00  0.00  0.00  0.00  0.00
  14691                   1.00   0.00  0.00  0.00  1.00  0.00  0.00  0.00  0.99  0.00
  14692                   1.00   0.00  0.00  0.00  1.00  0.00  0.00  0.00  0.11  0.00
  14693                   1.00   0.00  0.00  0.00  1.00  0.00  0.00  0.00  0.34  0.00
  14694                   1.00   0.00  0.00  0.00  1.00  0.00  0.00  0.00  0.00  0.00
  14695                   1.00   0.00  0.00  0.00  1.00  0.00  0.00  0.00  0.23  0.00
  14696                   1.00   0.00  0.00  0.00  0.75  0.25  0.00  0.00  0.28  0.00
  14697                   1.00   0.00  0.00  0.00  0.73  0.27  0.00  0.00  0.20  0.00
  14698                   1.00   0.00  0.00  0.00  0.75  0.25  0.00  0.00  0.19  0.00
  14699                   1.00   0.00  0.00  0.00  0.70  0.30  0.00  0.00  0.12  0.00
  14700                   1.00   0.00  0.00  0.00  1.00  0.00  0.00  0.00  0.05  0.00
  14701                   1.00   0.00  0.00  0.00  1.00  0.00  0.00  0.00  0.18  0.00
  14703                   1.00   0.00  0.00  0.00  0.67  0.33  0.00  0.00  0.15  0.00
  14704                   1.00   0.00  0.00  0.00  1.00  0.00  0.00  0.00  0.31  0.00
  14705                   1.00   0.00  0.00  0.00  0.08  0.92  0.00  0.00  0.02  0.00
  14708                   1.00   0.00  0.00  0.00  0.83  0.17  0.00  0.00  0.00  0.00
  14709                   1.00   0.00  0.00  0.00  1.00  0.00  0.00  0.00  0.00  0.00
  14710                   1.00   0.00  0.00  0.00  1.00  0.00  0.00  0.00  0.00  0.00
  14711                   1.00   0.00  0.00  0.00  0.93  0.07  0.00  0.00  0.00  0.00
  14712                   1.00   0.00  0.00  0.00  1.00  0.00  0.00  0.00  0.25  0.00
  14713                   1.00   0.00  0.00  0.00  1.00  0.00  0.00  0.00  0.31  0.00
  14714                   1.00   0.00  0.00  0.00  1.00  0.00  0.00  0.00  0.35  0.00
  14715                   1.00   0.00  0.00  0.00  0.63  0.00  0.00  0.37  0.00  0.00
  14716                   1.00   0.00  0.00  0.00  0.62  0.38  0.00  0.00  0.31  0.00
  14717                   1.00   0.00  0.00  0.00  0.71  0.29  0.00  0.00  0.31  0.00
  14718                   1.00   0.00  0.00  0.00  0.64  0.36  0.00  0.00  0.05  0.00
  14722                   1.00   0.00  0.00  0.00  0.99  0.01  0.00  0.00  0.99  0.00
  14724                   1.00   0.00  0.00  0.00  0.00  1.00  0.00  0.00  0.26  0.00
  14725                   1.00   0.00  0.00  0.00  0.00  1.00  0.00  0.00  0.10  0.00
  14726                   1.00   0.00  0.00  0.00  1.00  0.00  0.00  0.00  0.47  0.00
  14729                   1.00   0.00  0.00  0.00  1.00  0.00  0.00  0.00  0.99  0.00
  14735                   1.00   0.00  0.00  0.00  1.00  0.00  0.00  0.00  0.29  0.00
  14736                   1.00   0.00  0.00  0.00  1.00  0.00  0.00  0.00  0.31  0.00
  14737                   1.00   0.00  0.00  0.00  1.00  0.00  0.00  0.00  0.00  0.00
  14744                   1.00   0.00  0.00  0.00  0.00  0.00  0.00  1.00  0.00  0.00
  14745                   1.00   0.00  0.00  0.00  1.00  0.00  0.00  0.00  0.26  0.00
  14746                   1.00   0.00  0.00  0.00  1.00  0.00  0.00  0.00  0.40  0.00
  14747                   1.00   0.00  0.00  0.00  1.00  0.00  0.00  0.00  0.99  0.00
  14748                   1.00   0.00  0.00  0.00  1.00  0.00  0.00  0.00  0.28  0.00
  14749                   1.00   0.00  0.00  0.00  0.00  0.00  0.00  1.00  0.00  0.00
  14750                   1.00   0.00  0.00  0.00  1.00  0.00  0.00  0.00  0.30  0.00
  14754                   1.00   0.00  0.00  0.00  1.00  0.00  0.00  0.00  0.31  0.00
  14755                   1.00   0.00  0.00  0.00  0.68  0.32  0.00  0.00  0.32  0.00
  14756                   1.00   0.00  0.00  0.00  0.99  0.00  0.00  0.00  0.32  0.00
  14757                   1.00   0.00  0.00  0.00  0.68  0.32  0.00  0.00  0.29  0.00
  14758                   1.00   0.00  0.00  0.00  0.00  0.00  0.00  1.00  0.00  0.00
  14760                   1.00   0.00  0.00  0.00  0.00  0.00  0.00  1.00  0.00  0.00
  14765                   1.00   0.00  0.00  0.00  0.00  0.00  0.00  1.00  0.00  0.00
  14766                   1.00   0.00  0.00  0.00  1.00  0.00  0.00  0.00  0.00  0.00
  14768                   1.00   0.00  0.00  0.00  1.00  0.00  0.00  0.00  0.01  0.00
  14772                   1.00   0.00  0.00  0.00  0.98  0.02  0.00  0.00  0.38  0.00
  14773                   1.00   0.00  0.00  0.00  0.85  0.15  0.00  0.00  0.00  0.00
  14775                   1.00   0.00  0.00  0.00  1.00  0.00  0.00  0.00  0.33  0.00
  14776                   1.00   0.00  0.00  0.00  0.26  0.74  0.00  0.00  0.00  0.00
  14777                   1.00   0.00  0.00  0.00  0.00  0.00  0.00  1.00  0.00  0.00
  14800                   1.00   0.00  0.00  0.00  0.01  0.99  0.00  0.00  0.80  0.00
  14802                   1.00   0.00  0.00  0.00  0.01  0.99  0.00  0.00  0.02  0.00
  14806                   1.00   0.00  0.00  0.00  0.00  0.00  0.00  1.00  0.00  0.00
  14807                   1.00   0.00  0.00  0.00  0.65  0.03  0.00  0.33  0.14  0.00
  14808                   1.00   0.00  0.00  0.00  0.01  0.99  0.00  0.00  0.00  0.00
  14809                   1.00   0.00  0.00  0.00  1.00  0.00  0.00  0.00  0.20  0.00
  14810                   1.00   0.00  0.00  0.00  1.00  0.00  0.00  0.00  0.26  0.00
  14811                   1.00   0.00  0.00  0.00  1.00  0.00  0.00  0.00  0.33  0.00
  14812                   1.00   0.00  0.00  0.00  0.95  0.05  0.00  0.00  0.36  0.00
  14813                   1.00   0.00  0.00  0.00  0.98  0.02  0.00  0.00  0.36  0.00
  14814                   1.00   0.00  0.00  0.00  0.62  0.00  0.00  0.38  0.00  0.00
  14815                   1.00   0.00  0.00  0.00  0.90  0.10  0.00  0.00  0.00  0.00
  14817                   1.00   0.00  0.00  0.00  0.44  0.00  0.00  0.56  0.00  0.00
  14819                   1.00   0.00  0.00  0.00  0.99  0.01  0.00  0.00  0.32  0.00
  14820                   1.00   0.00  0.00  0.00  0.00  0.00  0.00  1.00  0.00  0.00
  14821                   1.00   0.00  0.00  0.00  0.57  0.07  0.00  0.36  0.02  0.00
  14822                   1.00   0.00  0.00  0.00  1.00  0.00  0.00  0.00  0.01  0.00
  14823                   1.00   0.03  0.08  0.00  0.78  0.00  0.11  0.00  0.00  0.00
  14824                   1.00   0.00  0.00  0.00  1.00  0.00  0.00  0.00  0.02  0.00
  14825                   1.00   0.00  0.00  0.00  1.00  0.00  0.00  0.00  0.02  0.00
  14826                   1.00   0.00  0.00  0.00  1.00  0.00  0.00  0.00  0.00  0.00
  14851                   1.00   0.00  0.00  0.00  0.63  0.00  0.00  0.37  0.00  0.00
  14852                   1.00   0.00  0.00  0.00  1.00  0.00  0.00  0.00  0.33  0.00
  14854                   1.00   0.00  0.00  0.00  0.55  0.00  0.00  0.45  0.00  0.00
  14856                   1.00   0.00  0.00  0.00  0.84  0.16  0.00  0.00  0.30  0.00
  14858                   1.00   0.00  0.00  0.00  0.62  0.38  0.00  0.00  0.08  0.00
  14859                   1.00   0.00  0.00  0.00  1.00  0.00  0.00  0.00  0.31  0.00
  14860                   1.00   0.00  0.00  0.00  0.99  0.01  0.00  0.00  0.33  0.00
  14861                   1.00   0.00  0.00  0.00  1.00  0.00  0.00  0.00  0.00  0.00
  14862                   1.00   0.00  0.00  0.00  0.90  0.10  0.00  0.00  0.44  0.00
  14863                   1.00   0.00  0.00  0.00  1.00  0.00  0.00  0.00  0.33  0.00
  14864                   1.00   0.00  0.00  0.00  0.75  0.25  0.00  0.00  0.89  0.00
  14865                   1.00   0.00  0.00  0.00  0.00  0.00  0.00  1.00  0.00  0.00
  14866                   1.00   0.00  0.00  0.00  1.00  0.00  0.00  0.00  0.37  0.00
  14867                   1.00   0.00  0.00  0.00  1.00  0.00  0.00  0.00  0.15  0.00
  14868                   1.00   0.00  0.00  0.00  1.00  0.00  0.00  0.00  0.15  0.00
  14869                   1.00   0.00  0.00  0.00  1.00  0.00  0.00  0.00  0.00  0.00
  14870                   1.00   0.00  0.00  0.00  1.00  0.00  0.00  0.00  0.32  0.00
  14871                   1.00   0.00  0.00  0.00  1.00  0.00  0.00  0.00  0.16  0.00
  14872                   1.00   0.00  0.00  0.00  1.00  0.00  0.00  0.00  0.43  0.00
  14873                   1.00   0.00  0.00  0.00  1.00  0.00  0.00  0.00  0.05  0.00
  14879                   1.00   0.00  0.00  0.00  1.00  0.00  0.00  0.00  0.26  0.00
  14908                   1.00   0.00  0.00  0.00  1.00  0.00  0.00  0.00  0.22  0.00
  14909                   1.00   0.00  0.00  0.00  0.79  0.00  0.00  0.20  0.14  0.00
  14910                   1.00   0.00  0.00  0.00  0.02  0.98  0.00  0.00  0.00  0.00
  14911                   1.00   0.00  0.00  0.00  1.00  0.00  0.00  0.00  0.00  0.00
  14915                   1.00   0.00  0.00  0.00  0.64  0.01  0.00  0.35  0.02  0.00
  14916                   1.00   0.00  0.00  0.00  0.99  0.01  0.00  0.00  0.24  0.00
  14917                   1.00   0.00  0.00  0.00  1.00  0.00  0.00  0.00  0.00  0.00
  14918                   1.00   0.00  0.00  0.00  1.00  0.00  0.00  0.00  0.16  0.00
  14919                   1.00   0.00  0.00  0.00  1.00  0.00  0.00  0.00  0.20  0.00
  14921                   1.00   0.00  0.00  0.00  1.00  0.00  0.00  0.00  0.01  0.00
  14923                   1.00   0.00  0.00  0.00  0.52  0.13  0.00  0.35  0.65  0.00
  14925                   1.00   0.00  0.00  0.00  0.63  0.00  0.00  0.37  0.00  0.00
  14926                   1.00   0.00  0.00  0.00  0.01  0.99  0.00  0.00  0.00  0.00
  14949                   1.00   0.00  0.00  0.00  1.00  0.00  0.00  0.00  0.04  0.00
  14951                   1.00   0.00  0.00  0.00  1.00  0.00  0.00  0.00  0.00  0.00
  14952                   1.00   0.00  0.00  0.00  1.00  0.00  0.00  0.00  0.00  0.00
  14953                   1.00   0.00  0.00  0.00  1.00  0.00  0.00  0.00  0.01  0.00
  14954                   1.00   0.00  0.00  0.00  1.00  0.00  0.00  0.00  0.05  0.00
  14955                   1.00   0.00  0.00  0.00  0.68  0.02  0.00  0.30  0.09  0.00
  14956                   1.00   0.00  0.00  0.00  1.00  0.00  0.00  0.00  0.16  0.00
  14957                   1.00   0.00  0.00  0.00  1.00  0.00  0.00  0.00  0.17  0.00
  14959                   1.00   0.00  0.00  0.00  0.99  0.01  0.00  0.00  0.99  0.00
  14979                   1.00   0.00  0.00  0.00  0.99  0.01  0.00  0.00  0.34  0.00
  14980                   1.00   0.00  0.00  0.00  0.99  0.01  0.00  0.00  0.32  0.00
  14990                   1.00   0.00  0.00  0.00  0.65  0.00  0.00  0.35  0.00  0.00
  14991                   1.00   0.00  0.00  0.00  0.57  0.43  0.00  0.00  0.25  0.00
  14992                   1.00   0.00  0.00  0.00  0.57  0.43  0.00  0.00  0.06  0.00
  14995                   1.00   0.00  0.00  0.00  0.00  0.00  0.00  1.00  0.00  0.00
  14996                   1.00   0.00  0.00  0.00  0.65  0.35  0.00  0.00  0.29  0.00
  14997                   1.00   0.00  0.00  0.00  0.00  1.00  0.00  0.00  0.77  0.00
  14998                   1.00   0.00  0.00  0.00  0.66  0.34  0.00  0.00  0.29  0.00
  14999                   1.00   0.00  0.00  0.00  0.00  1.00  0.00  0.00  0.07  0.00
  15000                   1.00   0.00  0.00  0.00  0.71  0.28  0.00  0.00  0.29  0.00
  15001                   1.00   0.00  0.00  0.00  0.72  0.28  0.00  0.00  0.25  0.00
  15003                   1.00   0.00  0.00  0.00  1.00  0.00  0.00  0.00  0.00  0.00
  15004                   1.00   0.00  0.00  0.00  0.87  0.13  0.00  0.00  0.28  0.00
  15005                   1.00   0.00  0.00  0.00  1.00  0.00  0.00  0.00  0.41  0.00
  15012                   1.00   0.00  0.00  0.00  1.00  0.00  0.00  0.00  0.00  0.00
  15014                   1.00   0.00  0.00  0.00  1.00  0.00  0.00  0.00  0.28  0.00
  15015                   1.00   0.00  0.00  0.00  1.00  0.00  0.00  0.00  0.37  0.00
  15025                   1.00   0.00  0.00  0.00  1.00  0.00  0.00  0.00  0.00  0.00
  15026                   1.00   0.00  0.00  0.00  1.00  0.00  0.00  0.00  0.28  0.00
  15040                   1.00   0.00  0.00  0.00  1.00  0.00  0.00  0.00  0.16  0.00
  15042                   1.00   0.00  0.00  0.00  1.00  0.00  0.00  0.00  0.37  0.00
  15044                   1.00   0.00  0.00  0.00  1.00  0.00  0.00  0.00  0.04  0.00
  15047                   1.00   0.00  0.00  0.00  0.87  0.00  0.00  0.13  0.00  0.00
  15048                   1.00   0.00  0.00  0.00  0.99  0.00  0.01  0.00  0.14  0.00
  15049                   1.00   0.00  0.00  0.00  1.00  0.00  0.00  0.00  0.01  0.00
  15050                   1.00   0.00  0.00  0.00  0.96  0.04  0.00  0.00  0.23  0.00
  15051                   1.00   0.00  0.00  0.00  0.00  1.00  0.00  0.00  0.22  0.00
  15053                   1.00   0.00  0.00  0.00  1.00  0.00  0.00  0.00  0.00  0.00
  15067                   1.00   0.00  0.00  0.00  1.00  0.00  0.00  0.00  0.00  0.00
  15081                   1.00   0.00  0.00  0.00  0.00  1.00  0.00  0.00  0.23  0.00
  15106                   1.00   0.00  0.00  0.00  0.00  0.00  0.00  1.00  0.00  0.00
  15107                   1.00   0.00  0.00  0.00  1.00  0.00  0.00  0.00  0.30  0.00
  15114                   1.00   0.00  0.00  0.00  0.95  0.05  0.00  0.00  0.38  0.00
  15117                   1.00   0.00  0.00  0.00  0.94  0.06  0.00  0.00  0.30  0.00
  15118                   1.00   0.00  0.00  0.00  1.00  0.00  0.00  0.00  0.00  0.00
  15121                   1.00   0.00  0.00  0.00  0.66  0.34  0.00  0.00  0.34  0.00
  15122                   1.00   0.00  0.00  0.00  0.00  0.00  0.00  1.00  0.00  0.00
  15124                   1.00   0.00  0.00  0.00  0.99  0.01  0.00  0.00  0.33  0.00
  15127                   1.00   0.00  0.00  0.00  0.01  0.99  0.00  0.00  0.04  0.00
  15128                   1.00   0.00  0.00  0.00  0.99  0.01  0.00  0.00  0.33  0.00
  15130                   1.00   0.00  0.00  0.00  0.00  0.00  0.00  1.00  0.00  0.00
  15132                   1.00   0.00  0.00  0.00  1.00  0.00  0.00  0.00  0.28  0.00
  15133                   1.00   0.00  0.00  0.00  0.62  0.00  0.00  0.38  0.00  0.00
  15134                   1.00   0.00  0.00  0.00  1.00  0.00  0.00  0.00  0.31  0.00
  15135                   1.00   0.00  0.00  0.00  0.86  0.14  0.00  0.00  0.09  0.00
  15136                   1.00   0.00  0.00  0.00  1.00  0.00  0.00  0.00  0.33  0.00
  15137                   1.00   0.00  0.00  0.00  0.65  0.00  0.00  0.35  0.00  0.00
  15153                   1.00   0.00  0.00  0.00  1.00  0.00  0.00  0.00  0.28  0.00
  15154                   1.00   0.00  0.00  0.00  1.00  0.00  0.00  0.00  0.26  0.00
  15155                   1.00   0.00  0.00  0.00  1.00  0.00  0.00  0.00  0.17  0.00
  15156                   1.00   0.00  0.00  0.00  0.00  0.00  0.00  1.00  0.00  0.00
  15157                   1.00   0.00  0.00  0.00  1.00  0.00  0.00  0.00  0.29  0.00
  15162                   1.00   0.00  0.00  0.00  0.06  0.94  0.00  0.00  0.00  0.00
  15169                   1.00   0.00  0.00  0.00  0.77  0.23  0.00  0.00  0.30  0.00
  15170                   1.00   0.00  0.00  0.00  0.68  0.32  0.00  0.00  0.00  0.00
  15173                   1.00   0.00  0.00  0.00  0.00  0.00  0.00  1.00  0.00  0.00
  15174                   1.00   0.00  0.00  0.00  0.99  0.01  0.00  0.00  0.40  0.00
  15175                   1.00   0.00  0.00  0.00  0.00  0.00  0.00  1.00  0.00  0.00
  15181                   1.00   0.00  0.00  0.00  1.00  0.00  0.00  0.00  0.00  0.00
  15182                   1.00   0.00  0.00  0.00  1.00  0.00  0.00  0.00  0.29  0.00
  15183                   1.00   0.00  0.00  0.00  1.00  0.00  0.00  0.00  0.29  0.00
  15185                   1.00   0.00  0.00  0.00  0.01  0.99  0.00  0.00  0.03  0.00
  15186                   1.00   0.00  0.00  0.00  1.00  0.00  0.00  0.00  0.36  0.00
  15187                   1.00   0.00  0.00  0.00  0.00  0.00  0.00  1.00  0.00  0.00
  15194                   1.00   0.00  0.00  0.00  1.00  0.00  0.00  0.00  0.00  0.00
  15195                   1.00   0.00  0.00  0.00  1.00  0.00  0.00  0.00  0.00  0.00
  15196                   1.00   0.00  0.00  0.00  1.00  0.00  0.00  0.00  0.26  0.00
  15220                   1.00   0.00  0.00  0.00  1.00  0.00  0.00  0.00  0.00  0.00
  15228                   1.00   0.00  0.00  0.00  0.82  0.18  0.00  0.00  0.27  0.00
  15229                   1.00   0.00  0.00  0.00  0.72  0.28  0.00  0.00  0.18  0.00
  15230                   1.00   0.00  0.00  0.00  0.93  0.07  0.00  0.00  0.19  0.00
  15234                   1.00   0.00  0.00  0.00  0.80  0.20  0.00  0.00  0.21  0.00
  15236                   1.00   0.00  0.00  0.00  0.68  0.32  0.00  0.00  0.30  0.00
  15237                   1.00   0.00  0.00  0.00  0.84  0.16  0.00  0.00  0.31  0.00
  15239                   1.00   0.00  0.00  0.00  0.63  0.00  0.00  0.37  0.00  0.00
  15240                   1.00   0.00  0.00  0.00  1.00  0.00  0.00  0.00  0.23  0.00
  15242                   1.00   0.00  0.00  0.00  0.93  0.07  0.00  0.00  0.34  0.00
  15243                   1.00   0.00  0.00  0.00  0.90  0.10  0.00  0.00  0.37  0.00
  15244                   1.00   0.00  0.00  0.00  0.65  0.00  0.00  0.35  0.00  0.00
  15245                   1.00   0.00  0.00  0.00  1.00  0.00  0.00  0.00  0.28  0.00
  15246                   1.00   0.00  0.00  0.00  1.00  0.00  0.00  0.00  0.22  0.00
  15280                   1.00   0.00  0.00  0.00  0.00  1.00  0.00  0.00  0.16  0.00
  15281                   1.00   0.00  0.00  0.00  0.99  0.01  0.00  0.00  0.32  0.00
  15283                   1.00   0.00  0.00  0.00  0.01  0.99  0.00  0.00  0.00  0.00
  15285                   1.00   0.00  0.00  0.00  1.00  0.00  0.00  0.00  0.29  0.00
  15286                   1.00   0.00  0.00  0.00  0.99  0.01  0.00  0.00  0.40  0.00
  15287                   1.00   0.00  0.00  0.00  1.00  0.00  0.00  0.00  0.41  0.00
  15288                   1.00   0.00  0.00  0.00  1.00  0.00  0.00  0.00  0.33  0.00
  15289                   1.00   0.00  0.00  0.00  0.00  0.00  0.00  1.00  0.00  0.00
  15290                   1.00   0.00  0.00  0.00  1.00  0.00  0.00  0.00  0.29  0.00
  15291                   1.00   0.00  0.00  0.00  0.66  0.00  0.00  0.34  0.00  0.00
  15295                   1.00   0.00  0.00  0.00  1.00  0.00  0.00  0.00  0.31  0.00
  15296                   1.00   0.00  0.00  0.00  1.00  0.00  0.00  0.00  0.00  0.00
  2171049803_COLLECT      1.00   0.00  0.00  0.00  0.02  0.98  0.00  0.00  0.00  0.00
  2172038505_COLLECT      1.00   0.00  0.00  0.00  0.01  0.99  0.00  0.00  0.00  0.00
  2172038509_COLLECT      1.00   0.00  0.00  0.00  0.38  0.62  0.00  0.00  0.05  0.00
  2172039202_COLLECT      1.00   0.00  0.00  0.00  0.01  0.99  0.00  0.00  0.00  0.00
  2172039304_COLLECT      1.00   0.00  0.00  0.00  0.07  0.93  0.00  0.00  0.01  0.00
  2172043605_COLLECT      1.00   0.00  0.00  0.00  0.06  0.94  0.00  0.00  0.01  0.00
  2172043606_COLLECT      1.00   0.00  0.00  0.00  0.01  0.99  0.00  0.00  0.00  0.00
  2172043905_COLLECT      1.00   0.00  0.00  0.00  0.02  0.98  0.00  0.00  0.00  0.00
  2172044706_COLLECT      1.00   0.00  0.00  0.00  0.03  0.97  0.00  0.00  0.00  0.00
  2172045701_COLLECT      1.00   0.00  0.00  0.00  0.01  0.99  0.00  0.00  0.00  0.00
  2172052105_COLLECT      1.00   0.00  0.00  0.00  0.01  0.99  0.00  0.00  0.00  0.00
  2172056405_COLLECT      1.00   0.00  0.00  0.00  0.01  0.99  0.00  0.00  0.00  0.00
  2172057101_COLLECT      1.00   0.00  0.00  0.00  0.01  0.99  0.00  0.00  0.00  0.00
  2172057309_COLLECT      1.00   0.00  0.00  0.00  0.54  0.46  0.00  0.00  0.00  0.00
  2172059301_COLLECT      1.00   0.00  0.00  0.00  0.01  0.99  0.00  0.00  0.00  0.00
  2173031302_COLLECT      1.00   0.00  0.00  0.00  0.02  0.98  0.00  0.00  0.00  0.00
  2173031402_COLLECT      1.00   0.00  0.00  0.00  0.03  0.97  0.00  0.00  0.01  0.00
  2173033601_COLLECT      1.00   0.00  0.00  0.00  0.01  0.99  0.00  0.00  0.00  0.00
  2173035301_COLLECT      1.00   0.00  0.00  0.00  0.01  0.99  0.00  0.00  0.00  0.00
  2173047701_COLLECT      1.00   0.00  0.00  0.00  0.37  0.63  0.00  0.00  0.00  0.00
  2173048204_COLLECT      1.00   0.00  0.00  0.00  0.02  0.98  0.00  0.00  0.00  0.00
  2173059104_COLLECT      1.00   0.00  0.00  0.00  0.01  0.99  0.00  0.00  0.00  0.00
  2174041502_COLLECT      1.00   0.00  0.00  0.00  0.01  0.99  0.00  0.00  0.00  0.00
  2174041801_COLLECT      1.00   0.00  0.00  0.00  0.01  0.99  0.00  0.00  0.00  0.00
  2174042901_COLLECT      1.00   0.00  0.00  0.00  0.25  0.75  0.00  0.00  0.05  0.00
  2174052402_COLLECT      1.00   0.00  0.00  0.00  0.03  0.97  0.00  0.00  0.00  0.00
  2174053507_COLLECT      1.00   0.00  0.00  0.00  0.04  0.96  0.00  0.00  0.00  0.00
  
  
  *************************
  Conduit Surcharge Summary
  *************************
  
  ----------------------------------------------------------------------------
                                                           Hours        Hours 
                         --------- Hours Full --------   Above Full   Capacity
  Conduit                Both Ends  Upstream  Dnstream   Normal Flow   Limited
  ----------------------------------------------------------------------------
  17239                       1.94      1.95      1.94      1.96         1.94
  17240                       1.94      1.94      1.95      0.22         0.29
  17241                       1.93      1.93      1.94      0.01         0.01
  17242                       1.92      1.92      1.93      0.01         0.01
  17248                       1.55      1.55      1.65      1.51         1.30
  17250                       0.46      1.65      0.46      1.87         0.38
  17252                       1.91      1.95      1.91      2.08         1.91
  17253                       1.84      1.84      1.91      0.01         0.01
  17254                       1.95      1.98      1.95      2.07         1.95
  17255                       0.01      0.01      0.01      1.85         0.01
  17256                       0.01      0.01      0.01      1.83         0.01
  17257                       1.43      1.43      1.84      0.01         0.01
  17260                       1.31      1.31      1.55      0.01         0.03
  17263                       1.98      2.00      1.98      2.06         1.98
  17264                       2.00      2.00      2.00      2.04         1.99
  17265                       2.00      2.00      2.00      2.02         1.99
  17266                       2.00      2.00      2.00      1.98         1.96
  17270                       2.00      2.00      2.00      0.12         0.83
  17271                       1.99      1.99      2.00      0.01         0.03
  17272                       1.74      1.74      1.82      0.01         0.01
  17273                       1.47      1.47      1.51      0.01         0.01
  17274                       1.65      1.65      1.74      0.01         0.01
  17275                       1.51      1.51      1.65      0.01         0.01
  17276                       1.53      1.53      1.65      0.01         0.01
  17277                       1.50      1.50      1.53      0.01         0.01
  17278                       0.01      0.01      1.50      0.01         0.01
  17290                       0.01      0.01      0.01      1.81         0.01
  17295                       0.01      0.47      0.01      1.93         0.01
  17300                       0.01      0.01      1.31      0.01         0.01
  17308                       1.98      1.98      1.99      0.01         0.01
  17309                       1.95      1.95      1.97      0.01         0.01
  17312                       1.93      1.93      1.95      0.01         0.01
  17313                       1.91      1.91      1.93      0.01         0.01
  17319                       1.90      1.90      1.91      0.01         0.01
  17320                       1.89      1.89      1.90      0.01         0.01
  17322                       1.89      1.89      1.89      0.01         0.01
  17339                       0.01      0.01      0.01      1.55         0.01
  17392                       0.01      0.01      0.01      1.62         0.01
  17410                       1.78      1.78      1.80      0.01         0.01
  17411                       1.80      1.80      1.84      0.01         0.01
  17412                       1.84      1.84      1.87      0.01         0.02
  17413                       1.87      1.87      1.89      1.78         1.79
  17415                       1.88      1.89      1.88      1.92         1.88
  17416                       0.01      1.88      0.01      1.95         0.01
  17440                       0.01      0.01      1.47      0.01         0.01
  17441                       0.01      1.47      0.01      1.90         0.01
  17444                       0.01      1.88      0.01      2.03         0.01
  17445                       1.88      1.91      1.88      1.99         1.88
  17446                       1.91      1.91      1.91      1.94         1.91
  17447                       1.91      1.92      1.91      1.93         1.91
  17448                       1.91      1.91      1.92      1.80         1.79
  17449                       1.90      1.90      1.91      0.01         0.01
  17483                       0.01      0.01      1.48      0.01         0.01
  17484                       1.48      1.48      1.63      0.01         0.01
  17500                       1.63      1.63      1.76      0.01         0.01
  17508                       1.44      1.44      1.69      0.01         0.01
  17526                       0.01      0.01      0.01      1.82         0.01
  17561                       0.01      0.01      0.01      1.83         0.01
  17587                       0.01      0.01      0.01      1.46         0.01
  17588                       0.01      0.01      0.01      1.83         0.01
  17589                       0.01      0.01      0.01      1.52         0.01
  17598                       0.01      0.01      0.01      1.91         0.01
  17599                       0.01      1.63      0.01      1.90         0.01
  17604                       0.01      0.01      0.36      0.01         0.01
  17605                       0.01      0.36      0.01      1.75         0.01
  17606                       0.01      0.01      0.01      1.93         0.01
  17611                       0.01      0.01      0.01      1.62         0.01
  17615                       0.01      1.90      0.01      2.06         0.01
  17618                       0.01      1.39      0.01      1.97         0.01
  17619                       1.39      1.70      1.39      1.94         1.39
  17620                       1.75      1.75      1.80      0.01         0.01
  17621                       1.70      1.80      1.70      1.91         1.70
  17622                       1.48      1.48      1.80      0.01         0.01
  17627                       0.01      0.01      1.48      0.01         0.01
  17630                       0.01      0.01      0.01      1.84         0.01
  17632                       0.01      0.01      0.01      1.56         0.01
  17633                       1.70      1.71      1.70      1.98         1.70
  17635                       1.71      1.72      1.71      1.99         1.71
  17636                       1.63      1.68      1.63      1.89         1.63
  17637                       1.68      1.70      1.68      1.89         1.68
  17655                       1.90      1.92      1.90      2.04         1.90
  17658                       1.92      1.94      1.92      2.02         1.92
  17661                       0.01      0.01      0.01      1.68         0.01
  17662                       1.94      1.94      1.94      2.00         1.94
  17663                       1.94      1.95      1.94      1.96         1.94
  17664                       1.94      1.94      1.95      1.93         1.92
  17665                       1.94      1.94      1.94      1.90         1.76
  17666                       1.94      1.94      1.94      0.26         0.51
  17667                       1.93      1.93      1.94      0.01         0.06
  17671                       1.72      1.74      1.72      1.98         1.72
  17672                       1.74      1.75      1.74      1.98         1.74
  17673                       1.75      1.77      1.75      1.97         1.75
  17675                       1.76      1.76      1.77      1.69         1.67
  17676                       1.74      1.74      1.76      1.37         1.03
  17689                       0.01      1.90      0.01      1.96         0.01
  17691                       1.90      1.91      1.90      1.94         1.90
  17694                       0.01      0.01      0.01      1.19         0.01
  17696                       1.74      1.74      1.77      0.01         0.01
  17697                       1.92      1.92      1.93      0.01         0.01
  17698                       1.91      1.91      1.92      0.01         0.01
  17699                       1.91      1.91      1.91      0.01         0.01
  17700                       1.91      1.91      1.91      0.01         0.01
  17701                       1.71      1.71      1.74      0.01         0.01
  17703                       1.70      1.70      1.71      0.01         0.05
  17706                       1.70      1.71      1.70      1.91         1.69
  17707                       1.68      1.68      1.70      0.01         0.01
  17709                       1.68      1.70      1.68      1.97         1.68
  17710                       1.71      1.71      1.74      0.01         0.01
  17712                       1.68      1.68      1.71      0.01         0.01
  17713                       1.65      1.65      1.68      0.01         0.01
  17731                       1.83      1.83      1.91      0.01         0.01
  17733                       1.76      1.76      1.83      0.01         0.01
  17734                       0.01      0.01      1.76      0.01         0.01
  17736                       1.90      1.90      1.91      1.18         1.18
  17737                       1.89      1.89      1.90      0.04         0.05
  17738                       0.01      1.78      0.01      1.89         0.01
  17739                       1.87      1.87      1.89      1.68         1.68
  17740                       1.78      1.79      1.78      1.84         1.78
  17750                       1.70      1.75      1.70      1.95         1.70
  17753                       1.70      1.71      1.71      1.78         1.68
  17754                       1.69      1.69      1.71      0.01         0.33
  17755                       1.75      1.77      1.75      1.94         1.75
  17756                       1.68      1.68      1.69      0.01         0.01
  17757                       1.77      1.79      1.77      1.93         1.77
  17758                       1.79      1.80      1.79      1.91         1.79
  17759                       1.80      1.93      1.80      2.11         1.80
  17760                       1.67      1.67      1.68      0.01         0.01
  17761                       1.93      1.98      1.93      2.10         1.93
  17762                       1.80      1.81      1.80      1.88         1.79
  17764                       0.01      0.01      0.01      1.88         0.01
  17765                       0.01      1.80      0.01      2.13         0.01
  17766                       0.01      0.01      0.01      1.78         0.01
  17777                       1.81      1.81      1.82      0.01         0.01
  17778                       1.82      1.82      1.83      0.01         0.01
  17780                       1.83      1.83      1.85      0.01         0.01
  17781                       0.01      0.01      0.12      0.01         0.01
  17782                       0.11      0.11      1.38      0.01         0.01
  17783                       1.42      1.42      1.52      0.01         0.01
  17784                       1.51      1.54      1.51      2.21         1.51
  17785                       1.85      1.85      1.87      0.01         0.03
  17786                       1.77      1.77      1.79      1.67         1.64
  17787                       1.72      1.72      1.77      0.47         0.54
  17788                       1.67      1.67      1.72      0.01         0.01
  17790                       1.52      1.52      1.67      0.01         0.01
  17797                       0.01      1.32      0.01      1.82         0.01
  17799                       1.32      1.39      1.32      1.66         1.32
  17802                       1.30      1.30      1.39      0.01         0.01
  17805                       1.92      1.92      1.93      1.79         1.79
  17807                       1.96      1.96      1.98      0.01         0.47
  17808                       1.80      1.81      1.81      1.83         1.57
  17809                       1.98      1.98      1.98      1.94         1.92
  17810                       1.80      1.80      1.81      1.45         1.15
  17811                       1.93      1.93      1.94      1.91         1.90
  17812                       1.98      1.98      1.98      1.92         1.91
  17813                       1.79      1.79      1.80      0.01         0.12
  17814                       1.97      1.97      1.98      1.91         1.90
  17815                       1.77      1.77      1.79      0.01         0.01
  17816                       1.96      1.96      1.97      1.86         1.84
  17825                       1.76      1.76      1.80      1.19         0.91
  17826                       1.80      1.80      1.81      1.81         1.79
  17830                       0.01      1.94      0.01      2.09         0.01
  17831                       1.94      1.98      1.94      2.09         1.94
  17832                       1.98      1.99      1.98      2.06         1.98
  17833                       1.92      1.92      1.98      0.01         0.01
  17834                       1.99      2.00      1.99      2.05         1.99
  17835                       1.90      1.90      1.92      0.01         0.01
  17836                       1.95      1.95      2.06      0.01         0.01
  17837                       0.01      1.69      0.01      1.89         0.01
  17838                       1.69      1.72      1.69      1.88         1.69
  17839                       1.72      1.75      1.72      1.86         1.72
  17840                       1.75      1.76      1.75      1.83         1.75
  17841                       0.01      0.01      1.30      0.01         0.01
  17846                       1.89      1.89      1.92      1.76         1.75
  17850                       1.85      1.85      1.89      1.40         1.27
  17851                       1.82      1.82      1.85      0.01         0.01
  17852                       1.80      1.80      1.82      0.01         0.01
  17853                       1.76      1.76      1.77      0.01         0.01
  17854                       1.76      1.76      1.76      0.01         0.01
  17855                       1.95      1.95      1.96      0.01         0.73
  17857                       1.94      1.94      1.95      0.01         0.14
  17859                       1.75      1.75      1.76      0.01         0.01
  17860                       0.01      1.67      0.01      1.90         0.01
  17861                       1.67      1.76      1.67      1.87         1.67
  17867                       1.96      1.96      1.97      0.01         0.01
  17869                       1.75      1.76      1.76      1.80         1.75
  17882                       0.01      0.01      0.01      1.86         0.01
  17941                       1.81      1.81      1.86      0.01         0.01
  17942                       1.86      1.86      1.87      1.82         1.80
  17943                       1.71      1.71      1.74      1.17         0.69
  17945                       1.74      1.74      1.77      1.44         1.22
  17947                       1.22      1.22      1.83      0.01         0.01
  17948                       1.83      1.83      1.89      0.01         0.01
  17949                       1.89      1.89      1.98      0.01         0.01
  17985                       2.08      2.08      2.08      2.05         2.02
  17988                       2.11      2.11      2.12      2.07         2.05
  17993                       1.98      1.98      2.08      0.01         0.01
  18000                       0.01      0.01      0.01      1.39         0.01
  18005                       0.98      1.68      0.98      1.86         0.98
  18006                       0.98      1.67      0.98      1.86         0.98
  18008                       0.01      0.01      0.01      1.92         0.01
  18033                       0.01      0.01      0.01      1.80         0.01
  18034                       0.01      0.01      0.01      0.94         0.01
  18085                       0.01      0.01      0.01      1.68         0.01
  18089                       2.06      2.06      2.07      0.13         0.14
  18091                       2.04      2.07      2.04      2.11         2.04
  18093                       0.01      1.92      0.01      2.07         0.01
  18094                       1.92      1.95      1.92      2.06         1.92
  18096                       1.95      1.97      1.95      2.06         1.95
  18097                       2.02      2.02      2.06      0.01         0.01
  18098                       2.04      2.04      2.05      1.94         1.94
  18105                       1.97      1.97      1.97      0.01         0.01
  18107                       1.97      1.97      1.98      0.01         0.04
  18112                       0.01      1.89      0.01      2.15         0.01
  18117                       1.97      1.98      1.97      2.04         1.96
  18119                       2.05      2.05      2.05      0.14         0.12
  18120                       2.02      2.05      2.02      0.27         0.17
  18121                       1.98      1.98      1.98      2.01         1.97
  18122                       1.98      1.98      1.98      1.98         1.31
  18123                       1.98      1.98      1.98      0.04         0.06
  18124                       1.97      1.97      1.98      0.01         0.02
  18125                       1.96      1.96      1.97      0.01         0.01
  18126                       1.95      1.95      1.96      1.87         1.86
  18127                       2.02      2.02      2.03      0.06         0.06
  18128                       2.03      2.03      2.04      2.02         2.00
  18129                       2.03      2.04      2.03      2.07         2.03
  18130                       2.02      2.03      2.02      1.78         0.14
  18131                       1.98      2.02      1.98      1.69         0.15
  18132                       1.98      1.98      1.99      0.38         0.71
  20767                       0.01      1.81      0.01      1.91         0.01
  20776                       2.00      2.00      2.00      2.01         1.97
  20777                       1.97      1.97      1.99      0.11         0.13
  20778                       1.99      1.99      1.99      0.57         0.97
  20779                       1.99      1.99      2.00      1.94         1.93
  20780                       1.97      1.99      1.97      2.07         1.97
  20781                       1.99      2.01      1.99      2.06         1.73
  20782                       1.96      1.96      1.99      0.01         0.01
  20783                       1.93      1.93      1.96      0.01         0.01
  20784                       1.91      1.91      1.93      0.01         0.01
  20785                       1.89      1.89      1.91      0.01         0.01
  20786                       1.76      1.76      1.76      1.81         1.75
  20787                       1.89      1.89      1.93      1.79         1.79
  20788                       1.85      1.85      1.89      1.51         1.50
  20790                       1.69      1.69      1.76      0.01         0.01
  20793                       1.61      1.61      1.69      0.01         0.01
  20795                       1.78      1.78      1.79      0.01         0.01
  20798                       1.79      1.79      1.81      0.01         0.01
  20799                       1.81      1.81      1.83      0.01         0.01
  20800                       1.83      1.83      1.85      1.65         1.57
  20801                       1.78      1.78      1.80      0.01         0.01
  20802                       1.77      1.77      1.78      0.01         0.01
  20803                       1.81      1.84      1.81      1.95         1.81
  20804                       1.85      1.85      1.85      1.81         1.81
  20805                       0.01      1.81      0.01      1.99         0.01
  20806                       1.84      1.85      1.84      1.90         1.84
  20810                       1.74      1.74      1.76      1.59         1.57
  20811                       1.63      1.63      1.74      0.01         0.01
  20813                       1.63      1.67      1.63      2.08         1.63
  20816                       1.45      1.45      1.67      0.01         0.01
  20822                       2.01      2.03      2.01      0.25         0.20
  20823                       2.00      2.00      2.03      0.01         0.01
  20824                       1.97      1.97      2.01      0.01         0.01
  20825                       1.93      1.93      1.97      0.01         0.01
  20826                       1.91      1.91      1.93      0.01         0.01
  20827                       2.00      2.00      2.00      0.05         0.05
  20828                       1.99      1.99      2.00      1.86         1.87
  20829                       1.97      1.98      1.99      0.01         0.73
  20830                       1.94      1.94      1.99      0.01         0.01
  20831                       1.95      1.95      1.98      0.01         0.01
  20832                       1.95      1.95      1.95      0.01         0.01
  20833                       1.92      1.92      1.94      0.01         0.01
  20834                       1.93      1.93      1.95      0.01         0.01
  20835                       1.79      1.79      1.85      0.01         0.01
  20836                       1.73      1.73      1.79      0.01         0.01
  20837                       0.01      0.01      1.40      0.01         0.01
  20838                       1.71      1.71      1.73      0.01         0.01
  20840                       1.52      1.52      1.61      0.01         0.01
  20842                       1.40      1.40      1.52      0.01         0.01
  20870                       1.92      1.92      1.93      1.21         0.99
  20871                       1.90      1.90      1.92      0.01         0.01
  20872                       1.89      1.89      1.90      0.01         0.01
  20879                       1.87      1.87      1.88      0.01         0.01
  20880                       1.88      1.88      1.89      0.01         0.01
  20881                       1.89      1.89      1.92      0.01         0.01
  20882                       1.92      1.92      1.95      0.01         0.05
  20886                       1.95      1.95      1.99      0.01         0.01
  20888                       1.99      1.99      1.99      1.97         1.96
  20892                       1.99      1.99      1.99      2.04         1.95
  20897                       0.01      0.01      0.01      1.90         0.01
  20898                       0.01      1.76      0.01      1.90         0.01
  20899                       1.76      1.77      1.76      1.86         1.76
  20900                       1.67      1.67      1.77      0.01         0.01
  20901                       0.01      1.84      0.01      1.89         0.01
  20902                       1.84      1.85      1.84      1.91         1.84
  20914                       0.01      1.66      0.01      1.94         0.01
  20915                       1.66      1.76      1.66      1.91         1.66
  20916                       1.76      1.77      1.76      1.82         1.76
  20917                       1.74      1.74      1.77      1.59         1.56
  20918                       1.69      1.69      1.74      0.01         0.01
  20919                       1.66      1.66      1.69      0.01         0.01
  20920                       1.63      1.63      1.66      0.01         0.01
  20921                       1.59      1.59      1.63      0.01         0.01
  20922                       1.97      1.99      1.97      2.07         1.97
  20923                       1.94      1.97      1.94      2.09         1.94
  20924                       1.91      1.94      1.91      2.11         1.91
  20925                       1.86      1.91      1.86      2.12         1.86
  20926                       1.85      1.85      1.85      1.90         1.84
  20927                       1.84      1.86      1.84      2.12         1.84
  20928                       1.85      1.85      1.85      1.86         1.84
  20929                       1.85      1.85      1.85      0.01         0.53
  20930                       1.84      1.84      1.85      0.01         0.01
  21139                       1.98      1.98      1.98      0.07         0.14
  21140                       1.98      1.98      1.98      0.21         0.22
  21141                       1.88      1.88      1.97      0.01         0.01
  21142                       0.01      0.01      1.45      0.01         0.01
  21143                       1.89      1.96      1.89      2.13         1.89
  21144                       1.96      1.98      1.96      2.11         1.96
  21145                       1.97      1.97      1.98      0.01         0.21
  21147                       1.94      1.94      1.97      0.01         0.01
  21148                       1.91      1.91      1.94      0.01         0.01
  21152                       0.01      0.01      0.01      1.63         0.01
  21159                       1.95      1.95      1.95      1.62         1.44
  21165                       1.94      1.94      1.95      0.01         0.01
  21166                       1.98      1.98      1.98      1.90         1.89
  21167                       1.98      1.98      1.98      1.90         1.87
  21168                       1.93      1.93      1.95      0.01         0.01
  21169                       1.98      1.98      2.02      0.01         0.01
  21170                       1.98      1.98      1.98      1.77         1.45
  21171                       1.35      1.35      1.93      0.01         0.01
  21172                       1.98      1.98      1.98      2.09         1.97
  21173                       1.94      1.94      1.95      0.01         0.01
  21174                       1.96      1.96      1.98      0.01         0.01
  21175                       1.94      1.94      1.96      0.01         0.01
  21176                       1.92      1.92      1.94      0.01         0.01
  21177                       1.99      1.99      2.01      1.94         1.94
  21178                       2.01      2.01      2.02      1.96         1.95
  21179                       1.96      2.02      1.96      2.33         1.96
  21180                       2.02      2.02      2.04      0.01         0.01
  21181                       2.02      2.02      2.13      0.01         0.01
  21182                       2.02      2.04      2.02      2.25         2.02
  21183                       1.97      1.97      2.02      0.01         0.01
  21184                       1.97      1.97      2.04      0.01         0.01
  21186                       0.01      1.96      0.01      2.34         0.01
  21201                       1.86      1.86      1.91      0.01         0.01
  21218                       1.95      1.95      1.97      0.01         0.01
  21219                       1.98      1.98      2.04      0.01         0.01
  21220                       1.95      1.95      1.98      0.01         0.01
  21221                       1.94      1.94      1.95      0.01         0.01
  21225                       1.94      1.94      1.97      0.01         0.01
  21253                       1.77      1.79      1.77      1.90         1.77
  21254                       1.78      1.78      1.79      1.75         1.75
  21255                       1.74      1.74      1.78      0.01         0.01
  21256                       1.78      1.78      1.78      1.84         1.76
  21259                       1.70      1.70      1.74      0.01         0.01
  21260                       1.67      1.67      1.70      0.01         0.01
  21266                       1.48      1.48      1.79      0.01         0.01
  21267                       0.01      0.01      1.48      0.01         0.01
  21271                       1.69      1.93      1.69      1.98         1.69
  21272                       1.79      1.79      1.93      0.01         0.01
  21274                       1.91      1.91      1.93      1.81         1.79
  21275                       1.87      1.87      1.91      1.62         1.62
  21281                       0.01      0.01      0.01      1.81         0.01
  21284                       1.74      1.74      1.78      0.01         0.01
  21301                       1.77      1.77      1.78      0.01         0.01
  21302                       0.01      1.58      0.01      1.95         0.01
  21303                       1.75      1.75      1.77      0.01         0.01
  21304                       1.58      1.58      1.62      0.01         0.01
  21305                       1.58      1.62      1.58      1.81         1.58
  21308                       1.48      1.48      1.67      0.01         0.01
  21315                       1.83      1.83      1.87      0.01         0.06
  21316                       1.76      1.76      1.83      0.01         0.01
  21317                       1.73      1.73      1.76      1.43         1.36
  21318                       1.58      1.58      1.63      0.01         0.01
  21322                       1.63      1.63      1.73      0.01         0.01
  21324                       1.56      1.56      1.63      0.01         0.01
  21328                       0.01      0.01      0.01      0.49         0.01
  21329                       0.01      0.01      0.01      1.79         0.01
  21330                       0.01      0.01      0.01      1.88         0.01
  21331                       0.01      0.01      0.01      2.02         0.01
  21333                       1.78      1.78      1.81      0.01         0.02
  21334                       0.01      0.01      1.55      0.01         0.01
  21335                       1.81      1.81      1.82      1.54         1.10
  21336                       1.55      1.55      1.82      0.01         0.01
  21337                       1.79      1.82      1.79      1.96         1.79
  21338                       0.01      1.79      0.01      2.00         0.01
  12454                       0.01      0.01      0.01      1.21         0.01
  12461                       0.01      0.01      0.01      0.05         0.01
  12599                       1.93      1.93      1.99      2.20         0.01
  12600                       0.01      0.01      1.93      2.28         0.01
  12602                       0.01      1.85      0.01      1.90         0.01
  14287                       0.01      0.01      0.01      1.43         0.01
  14297                       0.01      0.01      0.01      1.52         0.01
  14299                       0.01      0.01      0.01      2.15         0.01
  14301                       0.01      0.01      0.01      1.98         0.01
  14304                       0.01      0.01      0.01      2.14         0.01
  14311                       0.01      0.01      0.01      1.94         0.01
  14312                       0.01      0.01      0.01      1.89         0.01
  14313                       0.01      0.01      0.01      1.72         0.01
  14322                       0.01      0.01      0.01      1.42         0.01
  14346                       0.01      0.01      0.01      2.14         0.01
  14349                       0.01      0.01      0.01      2.00         0.01
  14358                       0.01      0.01      0.01      1.98         0.01
  14360                       0.01      0.01      0.01      2.07         0.01
  14487                       0.01      0.01      0.01      1.54         0.01
  14499                       0.01      0.10      0.01      1.97         0.01
  14500                       0.09      1.65      0.09      1.96         0.05
  14501                       0.01      0.01      0.01      1.88         0.01
  14509                       0.01      0.01      0.01      1.39         0.01
  14510                       0.01      0.01      0.01      1.81         0.01
  14519                       0.01      1.92      0.01      2.06         0.01
  14521                       1.92      1.94      1.92      2.02         1.92
  14527                       0.01      0.01      0.01      0.73         0.01
  14528                       0.01      0.18      0.01      1.93         0.01
  14529                       0.18      1.67      0.18      1.89         0.13
  14530                       1.65      1.67      1.67      1.61         1.52
  14531                       1.53      1.53      1.67      0.01         0.06
  14532                       0.23      0.23      1.53      0.01         0.02
  14533                       1.66      1.66      1.72      0.01         0.01
  14534                       1.72      1.72      1.79      0.01         0.01
  14535                       1.79      1.79      1.82      0.01         0.01
  14536                       1.82      1.82      1.84      0.01         0.01
  14539                       0.01      0.01      0.01      1.85         0.01
  14540                       1.65      1.83      1.65      1.94         1.63
  14541                       1.83      1.87      1.83      1.93         1.81
  14542                       1.87      1.88      1.87      1.91         1.83
  14544                       1.87      1.87      1.88      1.78         1.60
  14545                       1.84      1.84      1.84      0.01         0.16
  14546                       1.84      1.84      1.87      0.01         0.08
  14549                       0.01      1.84      0.01      1.94         0.01
  14550                       1.84      1.91      1.84      1.98         1.84
  14551                       1.85      1.85      1.91      1.45         1.42
  14552                       1.82      1.82      1.85      0.01         0.35
  14588                       0.01      1.75      0.01      1.96         0.01
  14638                       0.01      1.63      0.01      2.00         0.01
  14640                       0.01      0.01      0.01      1.70         0.01
  14644                       0.01      1.88      0.01      1.94         0.01
  14645                       1.87      1.87      1.88      0.01         0.01
  14647                       1.88      1.88      1.88      1.69         1.37
  14649                       0.01      1.96      0.01      2.12         0.01
  14653                       1.92      1.92      1.93      1.79         0.01
  14655                       1.75      1.75      1.80      0.01         0.22
  14658                       1.93      1.93      1.96      0.01         0.01
  14660                       1.96      1.96      1.96      0.08         0.05
  14661                       2.02      2.02      2.03      0.01         0.01
  14668                       1.91      1.91      1.93      0.01         0.01
  14670                       1.94      1.94      1.98      1.92         1.91
  14672                       1.96      1.97      1.96      2.01         1.96
  14673                       0.01      1.89      0.01      1.95         0.01
  14692                       2.02      2.03      2.02      2.08         2.00
  14694                       2.01      2.02      2.01      2.09         1.81
  14695                       1.67      1.80      1.67      1.92         1.67
  14696                       2.01      2.01      2.03      1.92         1.77
  14697                       2.03      2.03      2.04      1.94         1.87
  14698                       2.04      2.04      2.05      2.00         1.96
  14699                       1.99      2.07      1.99      2.10         1.97
  14700                       0.01      0.01      0.01      1.79         0.01
  14701                       1.76      1.87      1.77      1.89         1.65
  14703                       1.81      1.96      1.81      1.99         1.81
  14704                       1.93      1.93      1.96      1.89         1.89
  14705                       0.01      0.49      0.01      2.05         0.01
  14708                       0.01      0.01      0.01      1.91         0.01
  14709                       1.93      1.93      1.93      1.99         1.92
  14710                       1.90      1.93      1.90      2.06         1.90
  14711                       1.73      1.78      1.73      2.03         1.73
  14712                       1.84      1.84      1.90      0.01         0.01
  14713                       1.78      1.78      1.84      0.01         0.01
  14714                       1.90      1.90      1.93      0.01         0.01
  14715                       1.76      1.76      1.78      1.73         1.72
  14716                       1.73      1.73      1.81      0.01         0.01
  14717                       1.80      1.81      1.81      1.85         1.80
  14718                       1.80      1.81      1.80      1.85         1.80
  14725                       0.01      1.90      0.01      1.92         0.01
  14737                       0.01      0.01      0.01      1.24         0.01
  14744                       1.97      2.10      1.97      2.13         1.97
  14745                       2.09      2.09      2.10      2.08         2.07
  14748                       2.07      2.07      2.09      0.13         0.13
  14750                       2.04      2.04      2.07      0.01         0.01
  14754                       1.92      1.92      1.95      0.01         0.01
  14755                       1.98      1.98      2.02      0.01         0.01
  14756                       1.98      1.98      2.02      0.01         0.01
  14757                       2.02      2.02      2.04      2.02         2.02
  14758                       1.94      2.04      1.94      2.06         1.94
  14760                       0.01      0.01      0.01      1.56         0.01
  14765                       0.01      1.97      0.01      2.11         0.01
  14766                       1.97      1.97      1.97      2.00         1.97
  14768                       0.01      1.87      0.01      1.99         0.01
  14772                       0.01      0.01      1.87      0.01         0.01
  14806                       0.01      1.86      0.01      1.93         0.01
  14807                       0.01      0.01      1.88      0.01         0.01
  14808                       0.01      1.88      0.01      2.02         0.01
  14809                       1.88      1.90      1.88      1.93         1.88
  14810                       1.88      1.88      1.90      1.89         1.88
  14812                       1.61      1.61      1.88      0.01         0.01
  14813                       1.63      1.63      1.88      0.01         0.01
  14814                       1.86      1.94      1.86      1.97         1.86
  14815                       1.63      1.65      1.63      1.92         1.63
  14817                       0.01      0.01      0.01      1.65         0.01
  14820                       0.01      1.72      0.01      1.82         0.01
  14851                       1.83      1.83      1.86      0.04         0.01
  14852                       0.01      1.52      0.01      1.73         0.01
  14854                       1.92      2.02      1.92      2.05         1.92
  14856                       2.00      2.00      2.02      1.98         1.99
  14858                       1.18      1.18      1.52      0.01         0.01
  14859                       1.97      1.97      2.00      0.16         0.18
  14860                       1.93      1.93      1.97      0.01         0.01
  14861                       1.94      2.00      1.94      2.07         1.94
  14862                       1.23      1.23      1.72      0.01         0.01
  14863                       1.94      1.94      2.00      0.01         0.01
  14864                       0.01      0.01      1.18      0.01         0.01
  14865                       0.01      1.58      0.01      1.83         0.01
  14910                       0.01      0.01      0.01      1.87         0.01
  14911                       0.01      1.18      0.01      2.19         0.01
  14915                       0.01      0.01      1.52      0.01         0.01
  14916                       0.01      0.01      1.46      0.01         0.01
  14917                       1.18      1.52      1.18      2.15         1.18
  14918                       1.46      1.46      1.62      0.01         0.01
  14923                       0.01      0.01      1.25      0.01         0.01
  14951                       1.52      1.64      1.52      2.17         1.52
  14952                       1.62      1.62      1.69      0.01         0.01
  14953                       1.64      1.69      1.64      1.85         1.62
  14954                       1.57      1.57      1.69      0.01         0.01
  14956                       1.48      1.48      1.68      0.01         0.01
  14957                       1.38      1.38      1.48      0.01         0.01
  14979                       1.90      1.90      1.94      0.01         0.01
  14980                       1.94      1.94      1.99      1.89         1.89
  14990                       1.90      1.99      1.90      2.03         1.90
  14991                       1.71      1.94      1.71      2.05         1.71
  14992                       1.71      1.71      1.78      1.78         1.71
  14995                       0.01      1.86      0.01      1.92         0.01
  14996                       1.86      1.86      1.86      1.87         1.85
  14998                       1.82      1.82      1.86      1.63         1.64
  14999                       0.01      1.81      0.01      1.93         0.01
  15000                       1.77      1.77      1.82      0.01         0.01
  15001                       1.80      1.81      1.81      1.85         1.80
  15003                       1.81      1.89      1.81      2.09         1.81
  15004                       1.68      1.68      1.77      0.01         0.01
  15005                       1.44      1.44      1.68      0.01         0.01
  15012                       1.89      1.91      1.89      2.06         1.89
  15014                       1.87      1.87      1.91      0.01         0.01
  15015                       1.75      1.75      1.87      0.01         0.01
  15025                       2.08      2.09      2.08      2.13         2.08
  15026                       2.02      2.02      2.09      0.01         0.01
  15047                       1.93      2.08      1.93      2.21         1.93
  15048                       1.89      1.93      1.89      2.03         1.89
  15053                       0.01      0.01      0.01      1.48         0.01
  15067                       0.01      0.01      0.01      1.55         0.01
  15106                       0.01      1.95      0.01      2.01         0.01
  15107                       1.93      1.93      1.95      1.84         1.85
  15114                       1.73      1.73      1.86      0.01         0.01
  15117                       1.97      1.97      2.00      0.01         0.01
  15121                       1.86      1.86      1.92      1.84         1.84
  15122                       1.81      1.92      1.81      1.95         1.81
  15124                       1.94      1.94      1.97      0.01         0.01
  15127                       0.01      0.01      0.01      1.76         0.01
  15130                       1.92      2.03      1.92      2.06         1.92
  15132                       2.02      2.02      2.03      2.00         2.00
  15133                       1.31      1.31      1.34      1.32         1.31
  15134                       1.99      1.99      2.02      1.93         1.93
  15135                       0.01      1.34      0.01      1.81         0.01
  15136                       1.96      1.96      1.99      0.01         0.01
  15137                       1.80      1.99      1.80      2.20         1.80
  15153                       2.02      2.02      2.04      0.01         0.01
  15154                       2.04      2.04      2.06      0.10         0.10
  15155                       2.05      2.06      2.05      2.07         2.05
  15156                       0.01      2.05      0.01      2.12         0.01
  15157                       1.94      1.94      1.95      1.94         1.94
  15162                       0.01      1.95      0.01      2.08         0.01
  15169                       2.00      2.00      2.02      1.97         1.97
  15170                       1.73      1.93      1.73      1.98         1.73
  15173                       1.92      2.02      1.92      2.04         1.92
  15174                       1.60      1.60      1.93      0.01         0.01
  15181                       0.01      0.01      0.01      1.56         0.01
  15185                       0.01      1.83      0.01      2.00         0.01
  15194                       1.99      2.00      1.99      2.07         1.98
  15195                       0.01      1.91      0.01      2.05         0.01
  15196                       1.91      1.91      1.91      1.92         1.91
  15220                       0.01      1.89      0.01      1.95         0.01
  15228                       1.83      1.89      1.83      1.95         1.83
  15229                       1.89      1.92      1.89      1.97         1.89
  15230                       1.92      1.93      1.92      1.95         1.92
  15234                       1.91      1.91      1.93      1.87         1.87
  15236                       1.89      1.89      1.91      1.59         1.18
  15237                       1.88      1.88      1.89      0.01         0.10
  15239                       1.88      1.93      1.88      2.05         1.88
  15240                       1.90      1.90      1.93      0.01         0.02
  15242                       1.87      1.87      1.90      0.01         0.01
  15243                       1.77      1.77      1.87      0.01         0.01
  15244                       1.93      2.01      1.93      2.09         1.92
  15245                       1.98      1.98      2.01      1.88         1.88
  15246                       2.00      2.00      2.01      1.93         1.93
  15283                       0.01      1.80      0.01      1.96         0.01
  15285                       1.80      1.81      1.80      1.87         1.80
  15286                       1.30      1.30      1.81      0.01         0.01
  15287                       0.01      0.01      1.30      0.01         0.01
  15288                       1.89      1.89      1.92      1.78         1.81
  15289                       0.01      1.92      0.01      1.99         0.01
  15290                       0.01      0.01      0.59      0.01         0.01
  15291                       0.01      0.59      0.01      1.74         0.01
  15295                       0.01      0.01      0.01      1.72         0.01
  15296                       0.01      0.01      0.01      1.23         0.01
  

  Analysis begun on:  Wed Sep  9 00:14:02 2026
  Analysis ended on:  Wed Sep  9 00:14:41 2026
  Total elapsed time: 00:00:39